,project,algorithm,ci_skip,batch_size,builds_saved,median_delay,testall_size,method
0,SpongePowered-SpongeForge.csv,BATCHBISECT,0,-1,38.24596109462578,-1.0,3033,baseline_dynamic
1,DSpace-DSpace.csv,BATCHBISECT,0,-1,59.14634146341464,-1.0,1476,baseline_dynamic
2,essentials-Essentials.csv,BATCHBISECT,0,-1,1036.3636363636365,-1.0,-11,baseline_dynamic
3,xetorthio-jedis.csv,BATCHBISECT,0,-1,43.36461126005362,-1.0,1492,baseline_dynamic
4,samtools-htsjdk.csv,BATCHBISECT,0,-1,61.71535114978247,-1.0,1609,baseline_dynamic
5,caelum-vraptor4.csv,BATCHBISECT,0,-1,38.78012048192772,-1.0,1328,baseline_dynamic
6,cloudfoundry-uaa.csv,BATCHBISECT,0,-1,43.01075268817204,-1.0,186,baseline_dynamic
7,keycloak-keycloak.csv,BATCHBISECT,0,-1,46.3370786516854,-1.0,2225,baseline_dynamic
8,open-keychain-open-keychain.csv,BATCHBISECT,0,-1,25.906120023767087,-1.0,1683,baseline_dynamic
9,apache-tajo.csv,BATCHBISECT,0,-1,17.94439764111204,-1.0,1187,baseline_dynamic
10,Graylog2-graylog2-server.csv,BATCHBISECT,0,-1,61.23117223313688,-1.0,3054,baseline_dynamic
11,typetools-checker-framework.csv,BATCHBISECT,0,-1,33.3109769729488,-1.0,4473,baseline_dynamic
12,dropwizard-dropwizard.csv,BATCHBISECT,0,-1,63.645833333333336,-1.0,1920,baseline_dynamic
13,ngageoint-geowave.csv,BATCHBISECT,0,-1,48.94142554693014,-1.0,2834,baseline_dynamic
14,FasterXML-jackson-databind.csv,BATCHBISECT,0,-1,36.66510976179356,-1.0,2141,baseline_dynamic
15,sparklemotion-nokogiri.csv,BATCHBISECT,0,-1,43.47826086956522,-1.0,5727,baseline_dynamic
16,CloudSlang-cloud-slang.csv,BATCHBISECT,0,-1,37.79603673272112,-1.0,2069,baseline_dynamic
17,floragunncom-search-guard.csv,BATCHBISECT,0,-1,59.62837837837838,-1.0,3552,baseline_dynamic
18,apache-sling.csv,BATCHBISECT,0,-1,-1.0214144829529426,-1.0,14196,baseline_dynamic
19,mybatis-mybatis-3.csv,BATCHBISECT,0,-1,65.9190638712823,-1.0,2051,baseline_dynamic
20,apache-pdfbox.csv,BATCHBISECT,0,-1,9.754725472547252,-1.0,8888,baseline_dynamic
21,structr-structr.csv,BATCHBISECT,0,-1,9.867330016583754,-1.0,2412,baseline_dynamic
22,orbeon-orbeon-forms.csv,BATCHBISECT,0,-1,10.454189506656231,-1.0,2554,baseline_dynamic
23,puniverse-quasar.csv,BATCHBISECT,0,-1,39.84575835475579,-1.0,1167,baseline_dynamic
24,grails-grails-core.csv,BATCHBISECT,0,-1,-7.068607068607058,-1.0,962,baseline_dynamic
25,SpongePowered-SpongeCommon.csv,BATCHBISECT,0,-1,41.74273858921161,-1.0,3615,baseline_dynamic
26,killbill-killbill.csv,BATCHBISECT,0,-1,28.147324972217813,-1.0,6299,baseline_dynamic
27,square-wire.csv,BATCHBISECT,0,-1,63.01369863013699,-1.0,1022,baseline_dynamic
28,nutzam-nutz.csv,BATCHBISECT,0,-1,17.327953373683037,-1.0,4461,baseline_dynamic
29,rackerlabs-blueflood.csv,BATCHBISECT,0,-1,33.82352941176471,-1.0,2108,baseline_dynamic
30,yegor256-takes.csv,BATCHBISECT,0,-1,37.44614179396788,-1.0,2553,baseline_dynamic
31,geotools-geotools.csv,BATCHBISECT,0,-1,25.17899761336515,-1.0,4190,baseline_dynamic
32,CloudifySource-cloudify.csv,BATCHBISECT,0,-1,33.49841521394612,-1.0,5048,baseline_dynamic
33,dreamhead-moco.csv,BATCHBISECT,0,-1,33.673232908458864,-1.0,4315,baseline_dynamic
34,osmdroid-osmdroid.csv,BATCHBISECT,0,-1,-3.2157676348547826,-1.0,964,baseline_dynamic
35,naver-pinpoint.csv,BATCHBISECT,0,-1,55.9745347698335,-1.0,2042,baseline_dynamic
36,SonarSource-sonar-java.csv,BATCHBISECT,0,-1,46.31414216291903,-1.0,12141,baseline_dynamic
37,apache-zeppelin.csv,BATCHBISECT,0,-1,11.367161533348105,-1.0,4513,baseline_dynamic
38,geoserver-geoserver.csv,BATCHBISECT,0,-1,10.472396129766649,-1.0,5271,baseline_dynamic
39,apache-jackrabbit-oak.csv,BATCHBISECT,0,-1,6.039551042223412,-1.0,7484,baseline_dynamic
40,JabRef-jabref.csv,BATCHBISECT,0,-1,55.03258508327299,-1.0,2762,baseline_dynamic
41,linkedin-gobblin.csv,BATCHBISECT,0,-1,10.456161137440755,-1.0,3376,baseline_dynamic
42,sakaiproject-sakai.csv,BATCHBISECT,0,-1,51.93400054097918,-1.0,3697,baseline_dynamic
43,deeplearning4j-deeplearning4j.csv,BATCHBISECT,0,-1,-11.03448275862069,-1.0,1740,baseline_dynamic
44,checkstyle-checkstyle.csv,BATCHBISECT,0,-1,77.24202988658534,-1.0,46643,baseline_dynamic
45,jOOQ-jOOQ.csv,BATCHBISECT,0,-1,42.0173082661892,-1.0,3351,baseline_dynamic
46,apache-nifi.csv,BATCHBISECT,0,-1,7.173356105892403,-1.0,1171,baseline_dynamic
47,SpongePowered-SpongeForge.csv,BATCHSTOP4,0,-1,45.13682822288163,-1.0,3033,baseline_dynamic
48,DSpace-DSpace.csv,BATCHSTOP4,0,-1,62.05962059620595,-1.0,1476,baseline_dynamic
49,essentials-Essentials.csv,BATCHSTOP4,0,-1,963.6363636363636,-1.0,-11,baseline_dynamic
50,xetorthio-jedis.csv,BATCHSTOP4,0,-1,50.80428954423593,-1.0,1492,baseline_dynamic
51,samtools-htsjdk.csv,BATCHSTOP4,0,-1,66.37663144810442,-1.0,1609,baseline_dynamic
52,caelum-vraptor4.csv,BATCHSTOP4,0,-1,43.59939759036144,-1.0,1328,baseline_dynamic
53,cloudfoundry-uaa.csv,BATCHSTOP4,0,-1,51.61290322580645,-1.0,186,baseline_dynamic
54,keycloak-keycloak.csv,BATCHSTOP4,0,-1,50.69662921348315,-1.0,2225,baseline_dynamic
55,open-keychain-open-keychain.csv,BATCHSTOP4,0,-1,32.91740938799762,-1.0,1683,baseline_dynamic
56,apache-tajo.csv,BATCHSTOP4,0,-1,27.211457455770848,-1.0,1187,baseline_dynamic
57,Graylog2-graylog2-server.csv,BATCHSTOP4,0,-1,64.80026195153896,-1.0,3054,baseline_dynamic
58,typetools-checker-framework.csv,BATCHSTOP4,0,-1,38.184663536776206,-1.0,4473,baseline_dynamic
59,dropwizard-dropwizard.csv,BATCHSTOP4,0,-1,66.35416666666667,-1.0,1920,baseline_dynamic
60,ngageoint-geowave.csv,BATCHSTOP4,0,-1,54.798870853916725,-1.0,2834,baseline_dynamic
61,FasterXML-jackson-databind.csv,BATCHSTOP4,0,-1,41.382531527323685,-1.0,2141,baseline_dynamic
62,sparklemotion-nokogiri.csv,BATCHSTOP4,0,-1,46.86572376462371,-1.0,5727,baseline_dynamic
63,CloudSlang-cloud-slang.csv,BATCHSTOP4,0,-1,43.78927017883035,-1.0,2069,baseline_dynamic
64,floragunncom-search-guard.csv,BATCHSTOP4,0,-1,64.97747747747749,-1.0,3552,baseline_dynamic
65,apache-sling.csv,BATCHSTOP4,0,-1,-0.3733446041138455,-1.0,14196,baseline_dynamic
66,mybatis-mybatis-3.csv,BATCHSTOP4,0,-1,69.28327645051195,-1.0,2051,baseline_dynamic
67,apache-pdfbox.csv,BATCHSTOP4,0,-1,14.536453645364531,-1.0,8888,baseline_dynamic
68,structr-structr.csv,BATCHSTOP4,0,-1,16.956882255389715,-1.0,2412,baseline_dynamic
69,orbeon-orbeon-forms.csv,BATCHSTOP4,0,-1,15.935787000783089,-1.0,2554,baseline_dynamic
70,puniverse-quasar.csv,BATCHSTOP4,0,-1,46.70094258783205,-1.0,1167,baseline_dynamic
71,grails-grails-core.csv,BATCHSTOP4,0,-1,3.9501039501039448,-1.0,962,baseline_dynamic
72,SpongePowered-SpongeCommon.csv,BATCHSTOP4,0,-1,48.74135546334717,-1.0,3615,baseline_dynamic
73,killbill-killbill.csv,BATCHSTOP4,0,-1,31.60819177647246,-1.0,6299,baseline_dynamic
74,square-wire.csv,BATCHSTOP4,0,-1,66.04696673189824,-1.0,1022,baseline_dynamic
75,nutzam-nutz.csv,BATCHSTOP4,0,-1,23.49249047298812,-1.0,4461,baseline_dynamic
76,rackerlabs-blueflood.csv,BATCHSTOP4,0,-1,42.12523719165085,-1.0,2108,baseline_dynamic
77,yegor256-takes.csv,BATCHSTOP4,0,-1,42.068155111633374,-1.0,2553,baseline_dynamic
78,geotools-geotools.csv,BATCHSTOP4,0,-1,29.021479713603814,-1.0,4190,baseline_dynamic
79,CloudifySource-cloudify.csv,BATCHSTOP4,0,-1,38.66877971473851,-1.0,5048,baseline_dynamic
80,dreamhead-moco.csv,BATCHSTOP4,0,-1,39.04982618771727,-1.0,4315,baseline_dynamic
81,osmdroid-osmdroid.csv,BATCHSTOP4,0,-1,6.120331950207469,-1.0,964,baseline_dynamic
82,naver-pinpoint.csv,BATCHSTOP4,0,-1,59.79431929480901,-1.0,2042,baseline_dynamic
83,SonarSource-sonar-java.csv,BATCHSTOP4,0,-1,51.63495593443703,-1.0,12141,baseline_dynamic
84,apache-zeppelin.csv,BATCHSTOP4,0,-1,16.086860181697315,-1.0,4513,baseline_dynamic
85,geoserver-geoserver.csv,BATCHSTOP4,0,-1,16.695124264845383,-1.0,5271,baseline_dynamic
86,apache-jackrabbit-oak.csv,BATCHSTOP4,0,-1,12.814003206841262,-1.0,7484,baseline_dynamic
87,JabRef-jabref.csv,BATCHSTOP4,0,-1,59.268645908761776,-1.0,2762,baseline_dynamic
88,linkedin-gobblin.csv,BATCHSTOP4,0,-1,17.77251184834123,-1.0,3376,baseline_dynamic
89,sakaiproject-sakai.csv,BATCHSTOP4,0,-1,56.2618339193941,-1.0,3697,baseline_dynamic
90,deeplearning4j-deeplearning4j.csv,BATCHSTOP4,0,-1,-6.321839080459779,-1.0,1740,baseline_dynamic
91,checkstyle-checkstyle.csv,BATCHSTOP4,0,-1,78.42548721137148,-1.0,46643,baseline_dynamic
92,jOOQ-jOOQ.csv,BATCHSTOP4,0,-1,47.29931363772009,-1.0,3351,baseline_dynamic
93,apache-nifi.csv,BATCHSTOP4,0,-1,19.38514090520922,-1.0,1171,baseline_dynamic
0,SpongePowered-SpongeForge.csv,BATCHBISECT,0,-1,37.69668563776364,-1.0,2987,baseline_dynamic
1,DSpace-DSpace.csv,BATCHBISECT,0,-1,58.85234429671098,-1.0,1429,baseline_dynamic
2,essentials-Essentials.csv,BATCHBISECT,0,-1,440.7407407407408,-1.0,-27,baseline_dynamic
3,xetorthio-jedis.csv,BATCHBISECT,0,-1,42.78535534816942,-1.0,1393,baseline_dynamic
4,samtools-htsjdk.csv,BATCHBISECT,0,-1,62.277814351547065,-1.0,1519,baseline_dynamic
5,caelum-vraptor4.csv,BATCHBISECT,0,-1,33.687943262411345,-1.0,846,baseline_dynamic
6,cloudfoundry-uaa.csv,BATCHBISECT,0,-1,35.416666666666664,-1.0,144,baseline_dynamic
7,keycloak-keycloak.csv,BATCHBISECT,0,-1,45.39789069990412,-1.0,2086,baseline_dynamic
8,open-keychain-open-keychain.csv,BATCHBISECT,0,-1,25.53324968632371,-1.0,1594,baseline_dynamic
9,apache-tajo.csv,BATCHBISECT,0,-1,17.74744027303754,-1.0,1172,baseline_dynamic
10,Graylog2-graylog2-server.csv,BATCHBISECT,0,-1,62.14859437751004,-1.0,2988,baseline_dynamic
11,typetools-checker-framework.csv,BATCHBISECT,0,-1,31.89678836124073,-1.0,3643,baseline_dynamic
12,dropwizard-dropwizard.csv,BATCHBISECT,0,-1,64.58557588805166,-1.0,1858,baseline_dynamic
13,ngageoint-geowave.csv,BATCHBISECT,0,-1,51.06470106470107,-1.0,2442,baseline_dynamic
14,FasterXML-jackson-databind.csv,BATCHBISECT,0,-1,37.16216216216216,-1.0,2072,baseline_dynamic
15,sparklemotion-nokogiri.csv,BATCHBISECT,0,-1,41.53923289044873,-1.0,3989,baseline_dynamic
16,CloudSlang-cloud-slang.csv,BATCHBISECT,0,-1,36.49789029535865,-1.0,1896,baseline_dynamic
17,floragunncom-search-guard.csv,BATCHBISECT,0,-1,59.62837837837838,-1.0,3552,baseline_dynamic
18,apache-sling.csv,BATCHBISECT,0,-1,-1.024300649901111,-1.0,14156,baseline_dynamic
19,mybatis-mybatis-3.csv,BATCHBISECT,0,-1,66.76706827309236,-1.0,1992,baseline_dynamic
20,apache-pdfbox.csv,BATCHBISECT,0,-1,9.754725472547252,-1.0,8888,baseline_dynamic
21,structr-structr.csv,BATCHBISECT,0,-1,8.722741433021808,-1.0,2247,baseline_dynamic
22,orbeon-orbeon-forms.csv,BATCHBISECT,0,-1,8.350730688935283,-1.0,2395,baseline_dynamic
23,puniverse-quasar.csv,BATCHBISECT,0,-1,35.84905660377359,-1.0,1060,baseline_dynamic
24,grails-grails-core.csv,BATCHBISECT,0,-1,-7.615894039735105,-1.0,906,baseline_dynamic
25,SpongePowered-SpongeCommon.csv,BATCHBISECT,0,-1,41.26807563959956,-1.0,3596,baseline_dynamic
26,killbill-killbill.csv,BATCHBISECT,0,-1,28.15674891146589,-1.0,6201,baseline_dynamic
27,square-wire.csv,BATCHBISECT,0,-1,64.61538461538461,-1.0,975,baseline_dynamic
28,nutzam-nutz.csv,BATCHBISECT,0,-1,16.948310139165013,-1.0,4024,baseline_dynamic
29,rackerlabs-blueflood.csv,BATCHBISECT,0,-1,32.24806201550388,-1.0,1935,baseline_dynamic
30,yegor256-takes.csv,BATCHBISECT,0,-1,34.61962513781698,-1.0,1814,baseline_dynamic
31,geotools-geotools.csv,BATCHBISECT,0,-1,25.24080019757965,-1.0,4049,baseline_dynamic
32,CloudifySource-cloudify.csv,BATCHBISECT,0,-1,33.27974276527331,-1.0,4976,baseline_dynamic
33,dreamhead-moco.csv,BATCHBISECT,0,-1,34.20421221007731,-1.0,3751,baseline_dynamic
34,osmdroid-osmdroid.csv,BATCHBISECT,0,-1,-4.466858789625361,-1.0,694,baseline_dynamic
35,naver-pinpoint.csv,BATCHBISECT,0,-1,55.50732501356484,-1.0,1843,baseline_dynamic
36,SonarSource-sonar-java.csv,BATCHBISECT,0,-1,46.30087329049268,-1.0,12138,baseline_dynamic
37,apache-zeppelin.csv,BATCHBISECT,0,-1,10.34849694067571,-1.0,3759,baseline_dynamic
38,geoserver-geoserver.csv,BATCHBISECT,0,-1,10.574257425742571,-1.0,5050,baseline_dynamic
39,apache-jackrabbit-oak.csv,BATCHBISECT,0,-1,6.039551042223412,-1.0,7484,baseline_dynamic
40,JabRef-jabref.csv,BATCHBISECT,0,-1,52.54509018036072,-1.0,2495,baseline_dynamic
41,linkedin-gobblin.csv,BATCHBISECT,0,-1,11.343749999999996,-1.0,3200,baseline_dynamic
42,sakaiproject-sakai.csv,BATCHBISECT,0,-1,52.84339457567804,-1.0,3429,baseline_dynamic
43,deeplearning4j-deeplearning4j.csv,BATCHBISECT,0,-1,-11.03448275862069,-1.0,1740,baseline_dynamic
44,checkstyle-checkstyle.csv,BATCHBISECT,0,-1,79.15616229843505,-1.0,42046,baseline_dynamic
45,jOOQ-jOOQ.csv,BATCHBISECT,0,-1,41.58447343302577,-1.0,3143,baseline_dynamic
46,apache-nifi.csv,BATCHBISECT,0,-1,6.721915285451196,-1.0,1086,baseline_dynamic
47,SpongePowered-SpongeForge.csv,BATCHSTOP4,0,-1,44.76062939404084,-1.0,2987,baseline_dynamic
48,DSpace-DSpace.csv,BATCHSTOP4,0,-1,61.5815255423373,-1.0,1429,baseline_dynamic
49,essentials-Essentials.csv,BATCHSTOP4,0,-1,414.8148148148149,-1.0,-27,baseline_dynamic
50,xetorthio-jedis.csv,BATCHSTOP4,0,-1,49.964106245513285,-1.0,1393,baseline_dynamic
51,samtools-htsjdk.csv,BATCHSTOP4,0,-1,66.62277814351548,-1.0,1519,baseline_dynamic
52,caelum-vraptor4.csv,BATCHSTOP4,0,-1,39.71631205673759,-1.0,846,baseline_dynamic
53,cloudfoundry-uaa.csv,BATCHSTOP4,0,-1,45.138888888888886,-1.0,144,baseline_dynamic
54,keycloak-keycloak.csv,BATCHSTOP4,0,-1,50.431447746884,-1.0,2086,baseline_dynamic
55,open-keychain-open-keychain.csv,BATCHSTOP4,0,-1,32.55959849435383,-1.0,1594,baseline_dynamic
56,apache-tajo.csv,BATCHSTOP4,0,-1,27.218430034129693,-1.0,1172,baseline_dynamic
57,Graylog2-graylog2-server.csv,BATCHSTOP4,0,-1,65.66265060240963,-1.0,2988,baseline_dynamic
58,typetools-checker-framework.csv,BATCHSTOP4,0,-1,36.59072193247324,-1.0,3643,baseline_dynamic
59,dropwizard-dropwizard.csv,BATCHSTOP4,0,-1,67.38428417653391,-1.0,1858,baseline_dynamic
60,ngageoint-geowave.csv,BATCHSTOP4,0,-1,56.96150696150697,-1.0,2442,baseline_dynamic
61,FasterXML-jackson-databind.csv,BATCHSTOP4,0,-1,41.361003861003866,-1.0,2072,baseline_dynamic
62,sparklemotion-nokogiri.csv,BATCHSTOP4,0,-1,45.67560792178491,-1.0,3989,baseline_dynamic
63,CloudSlang-cloud-slang.csv,BATCHSTOP4,0,-1,42.87974683544304,-1.0,1896,baseline_dynamic
64,floragunncom-search-guard.csv,BATCHSTOP4,0,-1,64.97747747747749,-1.0,3552,baseline_dynamic
65,apache-sling.csv,BATCHSTOP4,0,-1,-0.374399547894888,-1.0,14156,baseline_dynamic
66,mybatis-mybatis-3.csv,BATCHSTOP4,0,-1,70.18072289156628,-1.0,1992,baseline_dynamic
67,apache-pdfbox.csv,BATCHSTOP4,0,-1,14.536453645364531,-1.0,8888,baseline_dynamic
68,structr-structr.csv,BATCHSTOP4,0,-1,15.887850467289722,-1.0,2247,baseline_dynamic
69,orbeon-orbeon-forms.csv,BATCHSTOP4,0,-1,14.530271398747384,-1.0,2395,baseline_dynamic
70,puniverse-quasar.csv,BATCHSTOP4,0,-1,42.92452830188679,-1.0,1060,baseline_dynamic
71,grails-grails-core.csv,BATCHSTOP4,0,-1,3.752759381898452,-1.0,906,baseline_dynamic
72,SpongePowered-SpongeCommon.csv,BATCHSTOP4,0,-1,48.41490545050056,-1.0,3596,baseline_dynamic
73,killbill-killbill.csv,BATCHSTOP4,0,-1,31.752943073697796,-1.0,6201,baseline_dynamic
74,square-wire.csv,BATCHSTOP4,0,-1,67.8974358974359,-1.0,975,baseline_dynamic
75,nutzam-nutz.csv,BATCHSTOP4,0,-1,22.98707753479125,-1.0,4024,baseline_dynamic
76,rackerlabs-blueflood.csv,BATCHSTOP4,0,-1,40.723514211886304,-1.0,1935,baseline_dynamic
77,yegor256-takes.csv,BATCHSTOP4,0,-1,39.305402425578826,-1.0,1814,baseline_dynamic
78,geotools-geotools.csv,BATCHSTOP4,0,-1,28.89602370955792,-1.0,4049,baseline_dynamic
79,CloudifySource-cloudify.csv,BATCHSTOP4,0,-1,38.484726688102896,-1.0,4976,baseline_dynamic
80,dreamhead-moco.csv,BATCHSTOP4,0,-1,39.18954945347907,-1.0,3751,baseline_dynamic
81,osmdroid-osmdroid.csv,BATCHSTOP4,0,-1,5.475504322766566,-1.0,694,baseline_dynamic
82,naver-pinpoint.csv,BATCHSTOP4,0,-1,59.68529571351058,-1.0,1843,baseline_dynamic
83,SonarSource-sonar-java.csv,BATCHSTOP4,0,-1,51.65595650024716,-1.0,12138,baseline_dynamic
84,apache-zeppelin.csv,BATCHSTOP4,0,-1,14.65815376429902,-1.0,3759,baseline_dynamic
85,geoserver-geoserver.csv,BATCHSTOP4,0,-1,17.009900990099013,-1.0,5050,baseline_dynamic
86,apache-jackrabbit-oak.csv,BATCHSTOP4,0,-1,12.814003206841262,-1.0,7484,baseline_dynamic
87,JabRef-jabref.csv,BATCHSTOP4,0,-1,56.91382765531062,-1.0,2495,baseline_dynamic
88,linkedin-gobblin.csv,BATCHSTOP4,0,-1,18.59375,-1.0,3200,baseline_dynamic
89,sakaiproject-sakai.csv,BATCHSTOP4,0,-1,57.07203266258385,-1.0,3429,baseline_dynamic
90,deeplearning4j-deeplearning4j.csv,BATCHSTOP4,0,-1,-6.321839080459779,-1.0,1740,baseline_dynamic
91,checkstyle-checkstyle.csv,BATCHSTOP4,0,-1,80.23593207439471,-1.0,42046,baseline_dynamic
92,jOOQ-jOOQ.csv,BATCHSTOP4,0,-1,46.86605154311167,-1.0,3143,baseline_dynamic
93,apache-nifi.csv,BATCHSTOP4,0,-1,19.15285451197053,-1.0,1086,baseline_dynamic
0,apache-tajo.csv,BATCHSTOP4,0,-1,27.81662781662781,3.0,1287,new_dynamic
1,osmdroid-osmdroid.csv,BATCHSTOP4,0,-1,-0.7518796992481214,2.0,1064,new_dynamic
2,DSpace-DSpace.csv,BATCHSTOP4,0,-1,64.2766497461929,6.0,1576,new_dynamic
3,apache-nifi.csv,BATCHSTOP4,0,-1,18.17466561762392,3.0,1271,new_dynamic
4,caelum-vraptor4.csv,BATCHSTOP4,0,-1,44.67787114845938,4.0,1428,new_dynamic
5,grails-grails-core.csv,BATCHSTOP4,0,-1,5.555555555555557,2.0,1062,new_dynamic
6,square-wire.csv,BATCHSTOP4,0,-1,72.99465240641712,6.0,1122,new_dynamic
7,puniverse-quasar.csv,BATCHSTOP4,0,-1,50.51302288871349,5.0,1267,new_dynamic
8,dropwizard-dropwizard.csv,BATCHSTOP4,0,-1,65.34653465346534,6.0,2020,new_dynamic
9,essentials-Essentials.csv,BATCHSTOP4,0,-1,-28.089887640449437,2.0,89,new_dynamic
10,mybatis-mybatis-3.csv,BATCHSTOP4,0,-1,68.94467689446769,6.0,2151,new_dynamic
11,naver-pinpoint.csv,BATCHSTOP4,0,-1,61.57796451914099,5.0,2142,new_dynamic
12,FasterXML-jackson-databind.csv,BATCHSTOP4,0,-1,40.02677376171352,4.0,2241,new_dynamic
13,samtools-htsjdk.csv,BATCHSTOP4,0,-1,63.72147454651843,6.0,1709,new_dynamic
14,deeplearning4j-deeplearning4j.csv,BATCHSTOP4,0,-1,-21.467391304347828,2.0,1840,new_dynamic
15,open-keychain-open-keychain.csv,BATCHSTOP4,0,-1,32.02467750981492,3.0,1783,new_dynamic
16,yegor256-takes.csv,BATCHSTOP4,0,-1,37.05239351677346,4.0,2653,new_dynamic
17,keycloak-keycloak.csv,BATCHSTOP4,0,-1,51.053763440860216,5.0,2325,new_dynamic
18,rackerlabs-blueflood.csv,BATCHSTOP4,0,-1,35.28079710144928,4.0,2208,new_dynamic
19,xetorthio-jedis.csv,BATCHSTOP4,0,-1,49.56030150753769,5.0,1592,new_dynamic
20,orbeon-orbeon-forms.csv,BATCHSTOP4,0,-1,6.932931424265263,2.0,2654,new_dynamic
21,linkedin-gobblin.csv,BATCHSTOP4,0,-1,0.3452243958573007,2.0,3476,new_dynamic
22,JabRef-jabref.csv,BATCHSTOP4,0,-1,59.43396226415094,5.0,2862,new_dynamic
23,jOOQ-jOOQ.csv,BATCHSTOP4,0,-1,43.29179947841205,5.0,3451,new_dynamic
24,structr-structr.csv,BATCHSTOP4,0,-1,5.971337579617838,3.0,2512,new_dynamic
25,floragunncom-search-guard.csv,BATCHSTOP4,0,-1,70.59145673603504,6.0,3652,new_dynamic
26,SpongePowered-SpongeForge.csv,BATCHSTOP4,0,-1,37.47207149696776,5.0,3133,new_dynamic
27,sakaiproject-sakai.csv,BATCHSTOP4,0,-1,55.20147484856466,5.0,3797,new_dynamic
28,dreamhead-moco.csv,BATCHSTOP4,0,-1,32.04983012457531,3.0,4415,new_dynamic
29,nutzam-nutz.csv,BATCHSTOP4,0,-1,11.22560841920631,3.0,4561,new_dynamic
30,CloudSlang-cloud-slang.csv,BATCHSTOP4,0,-1,35.45412632549562,4.0,2169,new_dynamic
31,geotools-geotools.csv,BATCHSTOP4,0,-1,21.16550116550117,3.0,4290,new_dynamic
32,CloudifySource-cloudify.csv,BATCHSTOP4,0,-1,33.1973581973582,3.0,5148,new_dynamic
33,SpongePowered-SpongeCommon.csv,BATCHSTOP4,0,-1,44.84522207267833,5.0,3715,new_dynamic
34,apache-zeppelin.csv,BATCHSTOP4,0,-1,-0.2818122696726703,2.0,4613,new_dynamic
35,typetools-checker-framework.csv,BATCHSTOP4,0,-1,29.98031926525257,3.0,4573,new_dynamic
36,geoserver-geoserver.csv,BATCHSTOP4,0,-1,3.2582386892571265,2.0,5371,new_dynamic
37,ngageoint-geowave.csv,BATCHSTOP4,0,-1,53.16973415132925,5.0,2934,new_dynamic
38,sparklemotion-nokogiri.csv,BATCHSTOP4,0,-1,40.65556890338081,3.0,5827,new_dynamic
39,Graylog2-graylog2-server.csv,BATCHSTOP4,0,-1,68.00887761572606,6.0,3154,new_dynamic
40,cloudfoundry-uaa.csv,BATCHSTOP4,0,-1,67.48251748251748,7.0,286,new_dynamic
41,apache-jackrabbit-oak.csv,BATCHSTOP4,0,-1,-0.5669831223628705,2.0,7584,new_dynamic
42,apache-pdfbox.csv,BATCHSTOP4,0,-1,-2.1806853582554453,2.0,8988,new_dynamic
43,apache-sling.csv,BATCHSTOP4,0,-1,-24.069669837716845,2.0,14296,new_dynamic
44,SonarSource-sonar-java.csv,BATCHSTOP4,0,-1,45.22506331182093,5.0,12241,new_dynamic
45,killbill-killbill.csv,BATCHSTOP4,0,-1,20.143772464447565,3.0,6399,new_dynamic
46,checkstyle-checkstyle.csv,BATCHSTOP4,0,-1,76.9591168731147,6.0,46743,new_dynamic
47,apache-tajo.csv,BATCHBISECT,0,-1,26.72882672882673,3.0,1287,new_dynamic
48,osmdroid-osmdroid.csv,BATCHBISECT,0,-1,4.135338345864668,1.0,1064,new_dynamic
49,DSpace-DSpace.csv,BATCHBISECT,0,-1,63.83248730964467,6.0,1576,new_dynamic
50,apache-nifi.csv,BATCHBISECT,0,-1,18.725413060582213,3.0,1271,new_dynamic
51,caelum-vraptor4.csv,BATCHBISECT,0,-1,44.81792717086834,4.0,1428,new_dynamic
52,grails-grails-core.csv,BATCHBISECT,0,-1,5.838041431261772,1.0,1062,new_dynamic
53,square-wire.csv,BATCHBISECT,0,-1,72.81639928698752,6.0,1122,new_dynamic
54,puniverse-quasar.csv,BATCHBISECT,0,-1,49.56590370955012,5.0,1267,new_dynamic
55,dropwizard-dropwizard.csv,BATCHBISECT,0,-1,65.64356435643565,6.0,2020,new_dynamic
56,essentials-Essentials.csv,BATCHBISECT,0,-1,-22.471910112359552,1.0,89,new_dynamic
57,mybatis-mybatis-3.csv,BATCHBISECT,0,-1,70.2463970246397,6.0,2151,new_dynamic
58,naver-pinpoint.csv,BATCHBISECT,0,-1,58.12324929971989,5.0,2142,new_dynamic
59,FasterXML-jackson-databind.csv,BATCHBISECT,0,-1,41.320838911200354,4.0,2241,new_dynamic
60,samtools-htsjdk.csv,BATCHBISECT,0,-1,65.59391456992392,6.0,1709,new_dynamic
61,deeplearning4j-deeplearning4j.csv,BATCHBISECT,0,-1,-0.8695652173912976,0.0,1840,new_dynamic
62,open-keychain-open-keychain.csv,BATCHBISECT,0,-1,31.351654514862588,3.0,1783,new_dynamic
63,yegor256-takes.csv,BATCHBISECT,0,-1,41.23633622314361,3.0,2653,new_dynamic
64,keycloak-keycloak.csv,BATCHBISECT,0,-1,50.66666666666666,4.0,2325,new_dynamic
65,rackerlabs-blueflood.csv,BATCHBISECT,0,-1,39.719202898550726,4.0,2208,new_dynamic
66,xetorthio-jedis.csv,BATCHBISECT,0,-1,50.25125628140704,5.0,1592,new_dynamic
67,orbeon-orbeon-forms.csv,BATCHBISECT,0,-1,12.848530519969856,1.0,2654,new_dynamic
68,linkedin-gobblin.csv,BATCHBISECT,0,-1,6.818181818181813,1.0,3476,new_dynamic
69,JabRef-jabref.csv,BATCHBISECT,0,-1,59.25925925925926,5.0,2862,new_dynamic
70,jOOQ-jOOQ.csv,BATCHBISECT,0,-1,44.39292958562736,5.0,3451,new_dynamic
71,structr-structr.csv,BATCHBISECT,0,-1,9.79299363057325,2.0,2512,new_dynamic
72,floragunncom-search-guard.csv,BATCHBISECT,0,-1,65.7447973713034,6.0,3652,new_dynamic
73,SpongePowered-SpongeForge.csv,BATCHBISECT,0,-1,43.98340248962656,5.0,3133,new_dynamic
74,sakaiproject-sakai.csv,BATCHBISECT,0,-1,55.306821174611535,5.0,3797,new_dynamic
75,dreamhead-moco.csv,BATCHBISECT,0,-1,36.39864099660249,3.0,4415,new_dynamic
76,nutzam-nutz.csv,BATCHBISECT,0,-1,15.764086823065114,2.0,4561,new_dynamic
77,CloudSlang-cloud-slang.csv,BATCHBISECT,0,-1,42.369755647763945,4.0,2169,new_dynamic
78,geotools-geotools.csv,BATCHBISECT,0,-1,28.34498834498835,1.0,4290,new_dynamic
79,CloudifySource-cloudify.csv,BATCHBISECT,0,-1,35.8974358974359,3.0,5148,new_dynamic
80,SpongePowered-SpongeCommon.csv,BATCHBISECT,0,-1,43.28398384925976,5.0,3715,new_dynamic
81,apache-zeppelin.csv,BATCHBISECT,0,-1,4.617385649252114,1.0,4613,new_dynamic
82,typetools-checker-framework.csv,BATCHBISECT,0,-1,34.4412858080035,3.0,4573,new_dynamic
83,geoserver-geoserver.csv,BATCHBISECT,0,-1,11.89722584248743,1.0,5371,new_dynamic
84,ngageoint-geowave.csv,BATCHBISECT,0,-1,53.8173142467621,5.0,2934,new_dynamic
85,sparklemotion-nokogiri.csv,BATCHBISECT,0,-1,46.31886047708941,3.0,5827,new_dynamic
86,Graylog2-graylog2-server.csv,BATCHBISECT,0,-1,67.24793912492073,6.0,3154,new_dynamic
87,cloudfoundry-uaa.csv,BATCHBISECT,0,-1,67.48251748251748,7.0,286,new_dynamic
88,apache-jackrabbit-oak.csv,BATCHBISECT,0,-1,3.467827004219416,1.0,7584,new_dynamic
89,apache-pdfbox.csv,BATCHBISECT,0,-1,5.818869603916326,1.0,8988,new_dynamic
90,apache-sling.csv,BATCHBISECT,0,-1,0.1189143816452116,0.0,14296,new_dynamic
91,SonarSource-sonar-java.csv,BATCHBISECT,0,-1,43.672902540642106,5.0,12241,new_dynamic
92,killbill-killbill.csv,BATCHBISECT,0,-1,28.20753242694171,2.0,6399,new_dynamic
93,checkstyle-checkstyle.csv,BATCHBISECT,0,-1,77.65868686220396,6.0,46743,new_dynamic
0,BuildCraft-BuildCraft.csv,BATCHBISECT,1,-1,-0.2556237218813919,1.0,1956,new_dynamic
1,apache-tajo.csv,BATCHBISECT,1,-1,23.674911660777383,2.0,1981,new_dynamic
2,osmdroid-osmdroid.csv,BATCHBISECT,1,-1,17.79744346116027,0.0,2034,new_dynamic
3,DSpace-DSpace.csv,BATCHBISECT,1,-1,59.35984481086324,5.0,2062,new_dynamic
4,apache-nifi.csv,BATCHBISECT,1,-1,19.98083373263057,2.0,2087,new_dynamic
5,caelum-vraptor4.csv,BATCHBISECT,1,-1,61.57063197026022,4.0,2152,new_dynamic
6,grails-grails-core.csv,BATCHBISECT,1,-1,13.250333481547358,2.0,2249,new_dynamic
7,square-wire.csv,BATCHBISECT,1,-1,74.67076382791923,6.0,2278,new_dynamic
8,puniverse-quasar.csv,BATCHBISECT,1,-1,36.55021834061135,3.0,2290,new_dynamic
9,dropwizard-dropwizard.csv,BATCHBISECT,1,-1,68.40277777777777,6.0,2304,new_dynamic
10,essentials-Essentials.csv,BATCHBISECT,1,-1,59.13154533844189,5.0,2349,new_dynamic
11,mybatis-mybatis-3.csv,BATCHBISECT,1,-1,72.71228359439407,6.0,2426,new_dynamic
12,naver-pinpoint.csv,BATCHBISECT,1,-1,58.114754098360656,5.0,2440,new_dynamic
13,FasterXML-jackson-databind.csv,BATCHBISECT,1,-1,37.735849056603776,3.0,2491,new_dynamic
14,samtools-htsjdk.csv,BATCHBISECT,1,-1,68.67514970059881,6.0,2672,new_dynamic
15,deeplearning4j-deeplearning4j.csv,BATCHBISECT,1,-1,-0.706582372629228,0.0,2689,new_dynamic
16,open-keychain-open-keychain.csv,BATCHBISECT,1,-1,32.71470160116448,3.0,2748,new_dynamic
17,yegor256-takes.csv,BATCHBISECT,1,-1,54.52006980802793,3.0,2865,new_dynamic
18,keycloak-keycloak.csv,BATCHBISECT,1,-1,54.64646464646464,4.0,2970,new_dynamic
19,rackerlabs-blueflood.csv,BATCHBISECT,1,-1,41.49311118231336,4.0,3121,new_dynamic
20,xetorthio-jedis.csv,BATCHBISECT,1,-1,51.74160861304623,5.0,3158,new_dynamic
21,orbeon-orbeon-forms.csv,BATCHBISECT,1,-1,19.76463488231744,1.0,3314,new_dynamic
22,linkedin-gobblin.csv,BATCHBISECT,1,-1,16.23812185578535,2.0,3578,new_dynamic
23,JabRef-jabref.csv,BATCHBISECT,1,-1,56.43700247049135,5.0,3643,new_dynamic
24,jOOQ-jOOQ.csv,BATCHBISECT,1,-1,44.67224170488265,5.0,3707,new_dynamic
25,structr-structr.csv,BATCHBISECT,1,-1,8.492063492063494,1.0,3780,new_dynamic
26,floragunncom-search-guard.csv,BATCHBISECT,1,-1,61.90353366004643,6.0,3877,new_dynamic
27,SpongePowered-SpongeForge.csv,BATCHBISECT,1,-1,40.68441064638783,4.0,3945,new_dynamic
28,sakaiproject-sakai.csv,BATCHBISECT,1,-1,59.674282936315024,5.0,4114,new_dynamic
29,dreamhead-moco.csv,BATCHBISECT,1,-1,44.4895199459094,3.0,4437,new_dynamic
30,nutzam-nutz.csv,BATCHBISECT,1,-1,23.893999123959706,2.0,4566,new_dynamic
31,CloudSlang-cloud-slang.csv,BATCHBISECT,1,-1,45.19797809604044,4.0,4748,new_dynamic
32,geotools-geotools.csv,BATCHBISECT,1,-1,30.392870134594403,1.0,5498,new_dynamic
33,CloudifySource-cloudify.csv,BATCHBISECT,1,-1,32.80254777070064,3.0,5652,new_dynamic
34,SpongePowered-SpongeCommon.csv,BATCHBISECT,1,-1,36.505129112133005,4.0,5654,new_dynamic
35,apache-zeppelin.csv,BATCHBISECT,1,-1,16.750841750841744,1.0,5940,new_dynamic
36,typetools-checker-framework.csv,BATCHBISECT,1,-1,32.44157937147462,2.0,6205,new_dynamic
37,geoserver-geoserver.csv,BATCHBISECT,1,-1,11.95423065341764,1.0,6642,new_dynamic
38,ngageoint-geowave.csv,BATCHBISECT,1,-1,42.10526315789474,4.0,6840,new_dynamic
39,sparklemotion-nokogiri.csv,BATCHBISECT,1,-1,57.72141255605381,3.0,7136,new_dynamic
40,Graylog2-graylog2-server.csv,BATCHBISECT,1,-1,64.36886555580918,6.0,8762,new_dynamic
41,cloudfoundry-uaa.csv,BATCHBISECT,1,-1,65.63415183599909,6.0,8878,new_dynamic
42,apache-jackrabbit-oak.csv,BATCHBISECT,1,-1,1.3290460878885284,1.0,9330,new_dynamic
43,apache-pdfbox.csv,BATCHBISECT,1,-1,2.949824528122932,0.0,10543,new_dynamic
44,apache-sling.csv,BATCHBISECT,1,-1,0.5488253798273206,0.0,14941,new_dynamic
45,SonarSource-sonar-java.csv,BATCHBISECT,1,-1,44.79540116207195,5.0,16178,new_dynamic
46,killbill-killbill.csv,BATCHBISECT,1,-1,17.28634850166482,0.0,18020,new_dynamic
47,checkstyle-checkstyle.csv,BATCHBISECT,1,-1,81.37596443608541,7.0,46789,new_dynamic
48,BuildCraft-BuildCraft.csv,BATCHSTOP4,1,-1,-3.783231083844584,2.0,1956,new_dynamic
49,apache-tajo.csv,BATCHSTOP4,1,-1,24.73498233215548,3.0,1981,new_dynamic
50,osmdroid-osmdroid.csv,BATCHSTOP4,1,-1,10.422812192723695,2.0,2034,new_dynamic
51,DSpace-DSpace.csv,BATCHSTOP4,1,-1,59.311348205625606,5.0,2062,new_dynamic
52,apache-nifi.csv,BATCHSTOP4,1,-1,19.118351701006237,3.0,2087,new_dynamic
53,caelum-vraptor4.csv,BATCHSTOP4,1,-1,62.54646840148699,4.0,2152,new_dynamic
54,grails-grails-core.csv,BATCHSTOP4,1,-1,12.672298799466432,3.0,2249,new_dynamic
55,square-wire.csv,BATCHSTOP4,1,-1,74.67076382791923,6.0,2278,new_dynamic
56,puniverse-quasar.csv,BATCHSTOP4,1,-1,32.35807860262008,3.0,2290,new_dynamic
57,dropwizard-dropwizard.csv,BATCHSTOP4,1,-1,64.14930555555556,6.0,2304,new_dynamic
58,essentials-Essentials.csv,BATCHSTOP4,1,-1,59.25925925925926,5.0,2349,new_dynamic
59,mybatis-mybatis-3.csv,BATCHSTOP4,1,-1,69.0436933223413,6.0,2426,new_dynamic
60,naver-pinpoint.csv,BATCHSTOP4,1,-1,62.66393442622951,5.0,2440,new_dynamic
61,FasterXML-jackson-databind.csv,BATCHSTOP4,1,-1,35.20674427940587,3.0,2491,new_dynamic
62,samtools-htsjdk.csv,BATCHSTOP4,1,-1,66.57934131736528,6.0,2672,new_dynamic
63,deeplearning4j-deeplearning4j.csv,BATCHSTOP4,1,-1,-22.127184827073265,2.0,2689,new_dynamic
64,open-keychain-open-keychain.csv,BATCHSTOP4,1,-1,32.38719068413391,3.0,2748,new_dynamic
65,yegor256-takes.csv,BATCHSTOP4,1,-1,50.75043630017452,3.0,2865,new_dynamic
66,keycloak-keycloak.csv,BATCHSTOP4,1,-1,55.65656565656565,5.0,2970,new_dynamic
67,rackerlabs-blueflood.csv,BATCHSTOP4,1,-1,37.87247677026594,4.0,3121,new_dynamic
68,xetorthio-jedis.csv,BATCHSTOP4,1,-1,49.968334388853705,5.0,3158,new_dynamic
69,orbeon-orbeon-forms.csv,BATCHSTOP4,1,-1,12.945081472540735,2.0,3314,new_dynamic
70,linkedin-gobblin.csv,BATCHSTOP4,1,-1,9.05533817775293,2.0,3578,new_dynamic
71,JabRef-jabref.csv,BATCHSTOP4,1,-1,56.40955256656602,5.0,3643,new_dynamic
72,jOOQ-jOOQ.csv,BATCHSTOP4,1,-1,43.45832209333693,5.0,3707,new_dynamic
73,structr-structr.csv,BATCHSTOP4,1,-1,4.179894179894177,2.0,3780,new_dynamic
74,floragunncom-search-guard.csv,BATCHSTOP4,1,-1,59.65953056486975,6.0,3877,new_dynamic
75,SpongePowered-SpongeForge.csv,BATCHSTOP4,1,-1,34.09378960709759,4.0,3945,new_dynamic
76,sakaiproject-sakai.csv,BATCHSTOP4,1,-1,59.30967428293632,5.0,4114,new_dynamic
77,dreamhead-moco.csv,BATCHSTOP4,1,-1,40.50033806626099,3.0,4437,new_dynamic
78,nutzam-nutz.csv,BATCHSTOP4,1,-1,23.21506789312308,3.0,4566,new_dynamic
79,CloudSlang-cloud-slang.csv,BATCHSTOP4,1,-1,42.14406065711879,4.0,4748,new_dynamic
80,geotools-geotools.csv,BATCHSTOP4,1,-1,20.862131684248823,3.0,5498,new_dynamic
81,CloudifySource-cloudify.csv,BATCHSTOP4,1,-1,30.484784147204536,3.0,5652,new_dynamic
82,SpongePowered-SpongeCommon.csv,BATCHSTOP4,1,-1,35.05482844004244,4.0,5654,new_dynamic
83,apache-zeppelin.csv,BATCHSTOP4,1,-1,10.033670033670036,2.0,5940,new_dynamic
84,typetools-checker-framework.csv,BATCHSTOP4,1,-1,28.299758259468177,3.0,6205,new_dynamic
85,geoserver-geoserver.csv,BATCHSTOP4,1,-1,6.112616681722372,2.0,6642,new_dynamic
86,ngageoint-geowave.csv,BATCHSTOP4,1,-1,46.72514619883041,5.0,6840,new_dynamic
87,sparklemotion-nokogiri.csv,BATCHSTOP4,1,-1,53.25112107623318,3.0,7136,new_dynamic
88,Graylog2-graylog2-server.csv,BATCHSTOP4,1,-1,61.81237160465647,6.0,8762,new_dynamic
89,cloudfoundry-uaa.csv,BATCHSTOP4,1,-1,69.10340166704214,6.0,8878,new_dynamic
90,apache-jackrabbit-oak.csv,BATCHSTOP4,1,-1,-1.8542336548767369,2.0,9330,new_dynamic
91,apache-pdfbox.csv,BATCHSTOP4,1,-1,-4.770938063169879,2.0,10543,new_dynamic
92,apache-sling.csv,BATCHSTOP4,1,-1,-23.37192958971957,2.0,14941,new_dynamic
93,SonarSource-sonar-java.csv,BATCHSTOP4,1,-1,44.634689083941154,5.0,16178,new_dynamic
94,killbill-killbill.csv,BATCHSTOP4,1,-1,7.203107658157606,2.0,18020,new_dynamic
95,checkstyle-checkstyle.csv,BATCHSTOP4,1,-1,80.89935668640065,7.0,46789,new_dynamic
0,apache-tajo.csv,BATCHBISECT,0,2,18.570318570318577,1.0,1287,baseline_static
1,apache-tajo.csv,BATCHBISECT,0,4,22.2999222999223,2.0,1287,baseline_static
2,apache-tajo.csv,BATCHBISECT,0,8,20.82362082362083,4.0,1287,baseline_static
3,apache-tajo.csv,BATCHBISECT,0,16,18.181818181818187,8.0,1287,baseline_static
4,apache-tajo.csv,BATCHSTOP4,0,8,30.92463092463092,4.0,1287,baseline_static
5,apache-tajo.csv,BATCHSTOP4,0,16,28.28282828282828,8.0,1287,baseline_static
6,osmdroid-osmdroid.csv,BATCHBISECT,0,2,-10.338345864661648,0.5,1064,baseline_static
7,osmdroid-osmdroid.csv,BATCHBISECT,0,4,-18.609022556390983,1.5,1064,baseline_static
8,osmdroid-osmdroid.csv,BATCHBISECT,0,8,-24.90601503759399,3.5,1064,baseline_static
9,osmdroid-osmdroid.csv,BATCHBISECT,0,16,-29.41729323308272,8.0,1064,baseline_static
10,osmdroid-osmdroid.csv,BATCHSTOP4,0,8,2.1616541353383525,3.5,1064,baseline_static
11,osmdroid-osmdroid.csv,BATCHSTOP4,0,16,-2.349624060150376,8.0,1064,baseline_static
12,DSpace-DSpace.csv,BATCHBISECT,0,2,40.48223350253807,0.5,1576,baseline_static
13,DSpace-DSpace.csv,BATCHBISECT,0,4,57.10659898477157,1.5,1576,baseline_static
14,DSpace-DSpace.csv,BATCHBISECT,0,8,62.75380710659898,3.5,1576,baseline_static
15,DSpace-DSpace.csv,BATCHBISECT,0,16,63.515228426395936,8.0,1576,baseline_static
16,DSpace-DSpace.csv,BATCHSTOP4,0,8,63.89593908629442,3.5,1576,baseline_static
17,DSpace-DSpace.csv,BATCHSTOP4,0,16,64.65736040609137,8.0,1576,baseline_static
18,apache-nifi.csv,BATCHBISECT,0,2,13.139260424862314,1.0,1271,baseline_static
19,apache-nifi.csv,BATCHBISECT,0,4,13.611329661683712,2.0,1271,baseline_static
20,apache-nifi.csv,BATCHBISECT,0,8,10.070810385523217,4.0,1271,baseline_static
21,apache-nifi.csv,BATCHBISECT,0,16,6.372934697088908,8.0,1271,baseline_static
22,apache-nifi.csv,BATCHSTOP4,0,8,22.34461054287962,4.0,1271,baseline_static
23,apache-nifi.csv,BATCHSTOP4,0,16,18.646734854445317,8.0,1271,baseline_static
24,caelum-vraptor4.csv,BATCHBISECT,0,2,32.07282913165267,0.5,1428,baseline_static
25,caelum-vraptor4.csv,BATCHBISECT,0,4,42.08683473389356,1.5,1428,baseline_static
26,caelum-vraptor4.csv,BATCHBISECT,0,8,43.20728291316527,4.0,1428,baseline_static
27,caelum-vraptor4.csv,BATCHBISECT,0,16,41.31652661064426,8.0,1428,baseline_static
28,caelum-vraptor4.csv,BATCHSTOP4,0,8,46.148459383753504,4.0,1428,baseline_static
29,caelum-vraptor4.csv,BATCHSTOP4,0,16,44.25770308123249,8.0,1428,baseline_static
30,grails-grails-core.csv,BATCHBISECT,0,2,4.048964218455737,0.5,1062,baseline_static
31,grails-grails-core.csv,BATCHBISECT,0,4,-2.071563088512235,2.0,1062,baseline_static
32,grails-grails-core.csv,BATCHBISECT,0,8,-8.945386064030131,4.0,1062,baseline_static
33,grails-grails-core.csv,BATCHBISECT,0,16,-13.465160075329564,8.0,1062,baseline_static
34,grails-grails-core.csv,BATCHSTOP4,0,8,5.932203389830505,4.0,1062,baseline_static
35,grails-grails-core.csv,BATCHSTOP4,0,16,1.4124293785310726,8.0,1062,baseline_static
36,square-wire.csv,BATCHBISECT,0,2,44.29590017825312,0.5,1122,baseline_static
37,square-wire.csv,BATCHBISECT,0,4,63.90374331550802,2.0,1122,baseline_static
38,square-wire.csv,BATCHBISECT,0,8,71.21212121212122,4.0,1122,baseline_static
39,square-wire.csv,BATCHBISECT,0,16,72.99465240641712,8.0,1122,baseline_static
40,square-wire.csv,BATCHSTOP4,0,8,71.56862745098039,4.0,1122,baseline_static
41,square-wire.csv,BATCHSTOP4,0,16,73.35115864527629,8.0,1122,baseline_static
42,puniverse-quasar.csv,BATCHBISECT,0,2,35.59589581689029,1.0,1267,baseline_static
43,puniverse-quasar.csv,BATCHBISECT,0,4,48.46093133385951,2.0,1267,baseline_static
44,puniverse-quasar.csv,BATCHBISECT,0,8,50.82872928176796,4.0,1267,baseline_static
45,puniverse-quasar.csv,BATCHBISECT,0,16,49.32912391475927,8.0,1267,baseline_static
46,puniverse-quasar.csv,BATCHSTOP4,0,8,53.03867403314917,4.0,1267,baseline_static
47,puniverse-quasar.csv,BATCHSTOP4,0,16,51.53906866614049,8.0,1267,baseline_static
48,dropwizard-dropwizard.csv,BATCHBISECT,0,2,38.415841584158414,0.5,2020,baseline_static
49,dropwizard-dropwizard.csv,BATCHBISECT,0,4,55.2970297029703,1.5,2020,baseline_static
50,dropwizard-dropwizard.csv,BATCHBISECT,0,8,61.93069306930693,4.0,2020,baseline_static
51,dropwizard-dropwizard.csv,BATCHBISECT,0,16,63.613861386138616,8.0,2020,baseline_static
52,dropwizard-dropwizard.csv,BATCHSTOP4,0,8,65.39603960396039,4.0,2020,baseline_static
53,dropwizard-dropwizard.csv,BATCHSTOP4,0,16,67.07920792079207,8.0,2020,baseline_static
54,essentials-Essentials.csv,BATCHBISECT,0,2,-22.471910112359552,1.0,89,baseline_static
55,essentials-Essentials.csv,BATCHBISECT,0,4,-40.4494382022472,2.0,89,baseline_static
56,essentials-Essentials.csv,BATCHBISECT,0,8,-52.80898876404496,4.0,89,baseline_static
57,essentials-Essentials.csv,BATCHBISECT,0,16,-57.30337078651687,8.0,89,baseline_static
58,essentials-Essentials.csv,BATCHSTOP4,0,8,-23.595505617977523,4.0,89,baseline_static
59,essentials-Essentials.csv,BATCHSTOP4,0,16,-30.337078651685403,8.0,89,baseline_static
60,mybatis-mybatis-3.csv,BATCHBISECT,0,2,40.306834030683405,1.0,2151,baseline_static
61,mybatis-mybatis-3.csv,BATCHBISECT,0,4,58.99581589958159,2.0,2151,baseline_static
62,mybatis-mybatis-3.csv,BATCHBISECT,0,8,66.75964667596466,4.0,2151,baseline_static
63,mybatis-mybatis-3.csv,BATCHBISECT,0,16,69.17712691771268,8.0,2151,baseline_static
64,mybatis-mybatis-3.csv,BATCHSTOP4,0,8,70.1069270106927,4.0,2151,baseline_static
65,mybatis-mybatis-3.csv,BATCHSTOP4,0,16,72.52440725244072,8.0,2151,baseline_static
66,naver-pinpoint.csv,BATCHBISECT,0,2,34.50046685340803,0.5,2142,baseline_static
67,naver-pinpoint.csv,BATCHBISECT,0,4,49.112978524743234,2.0,2142,baseline_static
68,naver-pinpoint.csv,BATCHBISECT,0,8,54.52847805788982,4.0,2142,baseline_static
69,naver-pinpoint.csv,BATCHBISECT,0,16,55.55555555555556,8.0,2142,baseline_static
70,naver-pinpoint.csv,BATCHSTOP4,0,8,59.66386554621849,4.0,2142,baseline_static
71,naver-pinpoint.csv,BATCHSTOP4,0,16,60.50420168067227,8.0,2142,baseline_static
72,FasterXML-jackson-databind.csv,BATCHBISECT,0,2,18.56314145470772,1.0,2241,baseline_static
73,FasterXML-jackson-databind.csv,BATCHBISECT,0,4,25.256581883087904,2.0,2241,baseline_static
74,FasterXML-jackson-databind.csv,BATCHBISECT,0,8,26.14904060687193,4.0,2241,baseline_static
75,FasterXML-jackson-databind.csv,BATCHBISECT,0,16,25.167336010709505,8.0,2241,baseline_static
76,FasterXML-jackson-databind.csv,BATCHSTOP4,0,8,39.2681838464971,4.0,2241,baseline_static
77,FasterXML-jackson-databind.csv,BATCHSTOP4,0,16,38.28647925033467,8.0,2241,baseline_static
78,samtools-htsjdk.csv,BATCHBISECT,0,2,37.56582796957285,1.0,1709,baseline_static
79,samtools-htsjdk.csv,BATCHBISECT,0,4,54.35927442949093,2.0,1709,baseline_static
80,samtools-htsjdk.csv,BATCHBISECT,0,8,60.56173200702165,4.0,1709,baseline_static
81,samtools-htsjdk.csv,BATCHBISECT,0,16,62.0245757753072,8.0,1709,baseline_static
82,samtools-htsjdk.csv,BATCHSTOP4,0,8,64.77472205968402,4.0,1709,baseline_static
83,samtools-htsjdk.csv,BATCHSTOP4,0,16,66.23756582796958,8.0,1709,baseline_static
84,deeplearning4j-deeplearning4j.csv,BATCHBISECT,0,2,-41.19565217391303,0.5,1840,baseline_static
85,deeplearning4j-deeplearning4j.csv,BATCHBISECT,0,4,-63.260869565217405,1.5,1840,baseline_static
86,deeplearning4j-deeplearning4j.csv,BATCHBISECT,0,8,-74.8913043478261,3.5,1840,baseline_static
87,deeplearning4j-deeplearning4j.csv,BATCHBISECT,0,16,-80.92391304347825,7.5,1840,baseline_static
88,deeplearning4j-deeplearning4j.csv,BATCHSTOP4,0,8,-30.760869565217405,3.5,1840,baseline_static
89,deeplearning4j-deeplearning4j.csv,BATCHSTOP4,0,16,-36.79347826086956,7.5,1840,baseline_static
90,open-keychain-open-keychain.csv,BATCHBISECT,0,2,21.03196859226024,1.0,1783,baseline_static
91,open-keychain-open-keychain.csv,BATCHBISECT,0,4,26.41615255187885,2.0,1783,baseline_static
92,open-keychain-open-keychain.csv,BATCHBISECT,0,8,25.01402131239485,4.0,1783,baseline_static
93,open-keychain-open-keychain.csv,BATCHBISECT,0,16,21.929332585530005,8.0,1783,baseline_static
94,open-keychain-open-keychain.csv,BATCHSTOP4,0,8,33.98766124509254,4.0,1783,baseline_static
95,open-keychain-open-keychain.csv,BATCHSTOP4,0,16,30.9029725182277,8.0,1783,baseline_static
96,yegor256-takes.csv,BATCHBISECT,0,2,18.46965699208444,1.0,2653,baseline_static
97,yegor256-takes.csv,BATCHBISECT,0,4,24.538258575197887,2.0,2653,baseline_static
98,yegor256-takes.csv,BATCHBISECT,0,8,24.839803995476814,4.0,2653,baseline_static
99,yegor256-takes.csv,BATCHBISECT,0,16,23.407463249151903,8.0,2653,baseline_static
100,yegor256-takes.csv,BATCHSTOP4,0,8,37.42932529212212,4.0,2653,baseline_static
101,yegor256-takes.csv,BATCHSTOP4,0,16,35.996984545797204,8.0,2653,baseline_static
102,keycloak-keycloak.csv,BATCHBISECT,0,2,34.83870967741936,1.0,2325,baseline_static
103,keycloak-keycloak.csv,BATCHBISECT,0,4,46.83870967741935,2.0,2325,baseline_static
104,keycloak-keycloak.csv,BATCHBISECT,0,8,49.03225806451613,4.0,2325,baseline_static
105,keycloak-keycloak.csv,BATCHBISECT,0,16,47.87096774193548,8.0,2325,baseline_static
106,keycloak-keycloak.csv,BATCHSTOP4,0,8,51.096774193548384,4.0,2325,baseline_static
107,keycloak-keycloak.csv,BATCHSTOP4,0,16,49.935483870967744,8.0,2325,baseline_static
108,rackerlabs-blueflood.csv,BATCHBISECT,0,2,25.45289855072464,0.5,2208,baseline_static
109,rackerlabs-blueflood.csv,BATCHBISECT,0,4,33.423913043478265,1.5,2208,baseline_static
110,rackerlabs-blueflood.csv,BATCHBISECT,0,8,33.69565217391305,3.5,2208,baseline_static
111,rackerlabs-blueflood.csv,BATCHBISECT,0,16,31.8840579710145,7.5,2208,baseline_static
112,rackerlabs-blueflood.csv,BATCHSTOP4,0,8,41.21376811594203,3.5,2208,baseline_static
113,rackerlabs-blueflood.csv,BATCHSTOP4,0,16,39.40217391304348,7.5,2208,baseline_static
114,xetorthio-jedis.csv,BATCHBISECT,0,2,31.532663316582912,0.5,1592,baseline_static
115,xetorthio-jedis.csv,BATCHBISECT,0,4,44.346733668341706,1.5,1592,baseline_static
116,xetorthio-jedis.csv,BATCHBISECT,0,8,48.30402010050251,3.5,1592,baseline_static
117,xetorthio-jedis.csv,BATCHBISECT,0,16,47.8643216080402,8.0,1592,baseline_static
118,xetorthio-jedis.csv,BATCHSTOP4,0,8,54.5854271356784,3.5,1592,baseline_static
119,xetorthio-jedis.csv,BATCHSTOP4,0,16,54.14572864321608,8.0,1592,baseline_static
120,orbeon-orbeon-forms.csv,BATCHBISECT,0,2,-4.709871891484553,0.5,2654,baseline_static
121,orbeon-orbeon-forms.csv,BATCHBISECT,0,4,-11.379050489826682,2.0,2654,baseline_static
122,orbeon-orbeon-forms.csv,BATCHBISECT,0,8,-17.407686510926908,4.0,2654,baseline_static
123,orbeon-orbeon-forms.csv,BATCHBISECT,0,16,-21.70308967596081,8.0,2654,baseline_static
124,orbeon-orbeon-forms.csv,BATCHSTOP4,0,8,5.576488319517708,4.0,2654,baseline_static
125,orbeon-orbeon-forms.csv,BATCHSTOP4,0,16,1.3564431047475551,8.0,2654,baseline_static
126,linkedin-gobblin.csv,BATCHBISECT,0,2,-5.638665132336016,0.5,3476,baseline_static
127,linkedin-gobblin.csv,BATCHBISECT,0,4,-12.9746835443038,1.5,3476,baseline_static
128,linkedin-gobblin.csv,BATCHBISECT,0,8,-19.53394706559264,4.0,3476,baseline_static
129,linkedin-gobblin.csv,BATCHBISECT,0,16,-24.165707710011503,8.0,3476,baseline_static
130,linkedin-gobblin.csv,BATCHSTOP4,0,8,3.7686996547756015,4.0,3476,baseline_static
131,linkedin-gobblin.csv,BATCHSTOP4,0,16,-0.863060989643273,8.0,3476,baseline_static
132,JabRef-jabref.csv,BATCHBISECT,0,2,37.42138364779874,0.5,2862,baseline_static
133,JabRef-jabref.csv,BATCHBISECT,0,4,52.69042627533194,2.0,2862,baseline_static
134,JabRef-jabref.csv,BATCHBISECT,0,8,57.44234800838574,4.0,2862,baseline_static
135,JabRef-jabref.csv,BATCHBISECT,0,16,57.9664570230608,8.0,2862,baseline_static
136,JabRef-jabref.csv,BATCHSTOP4,0,8,60.30747728860936,4.0,2862,baseline_static
137,JabRef-jabref.csv,BATCHSTOP4,0,16,60.83158630328442,8.0,2862,baseline_static
138,jOOQ-jOOQ.csv,BATCHBISECT,0,2,23.790205737467403,1.0,3451,baseline_static
139,jOOQ-jOOQ.csv,BATCHBISECT,0,4,33.72935381048971,2.0,3451,baseline_static
140,jOOQ-jOOQ.csv,BATCHBISECT,0,8,36.65604172703564,4.0,3451,baseline_static
141,jOOQ-jOOQ.csv,BATCHBISECT,0,16,36.076499565343376,8.0,3451,baseline_static
142,jOOQ-jOOQ.csv,BATCHSTOP4,0,8,47.783251231527096,4.0,3451,baseline_static
143,jOOQ-jOOQ.csv,BATCHSTOP4,0,16,47.20370906983483,8.0,3451,baseline_static
144,structr-structr.csv,BATCHBISECT,0,2,-1.0350318471337516,0.5,2512,baseline_static
145,structr-structr.csv,BATCHBISECT,0,4,-6.289808917197448,1.5,2512,baseline_static
146,structr-structr.csv,BATCHBISECT,0,8,-12.340764331210195,3.5,2512,baseline_static
147,structr-structr.csv,BATCHBISECT,0,16,-17.23726114649682,7.5,2512,baseline_static
148,structr-structr.csv,BATCHSTOP4,0,8,8.439490445859875,3.5,2512,baseline_static
149,structr-structr.csv,BATCHSTOP4,0,16,3.5429936305732497,7.5,2512,baseline_static
150,floragunncom-search-guard.csv,BATCHBISECT,0,2,40.47097480832421,0.5,3652,baseline_static
151,floragunncom-search-guard.csv,BATCHBISECT,0,4,60.70646221248631,1.5,3652,baseline_static
152,floragunncom-search-guard.csv,BATCHBISECT,0,8,68.70208105147864,4.0,3652,baseline_static
153,floragunncom-search-guard.csv,BATCHBISECT,0,16,71.00219058050384,8.0,3652,baseline_static
154,floragunncom-search-guard.csv,BATCHSTOP4,0,8,73.46659364731654,4.0,3652,baseline_static
155,floragunncom-search-guard.csv,BATCHSTOP4,0,16,75.76670317634174,8.0,3652,baseline_static
156,SpongePowered-SpongeForge.csv,BATCHBISECT,0,2,24.002553463134376,1.0,3133,baseline_static
157,SpongePowered-SpongeForge.csv,BATCHBISECT,0,4,32.524736674114266,2.0,3133,baseline_static
158,SpongePowered-SpongeForge.csv,BATCHBISECT,0,8,34.24832428981807,4.0,3133,baseline_static
159,SpongePowered-SpongeForge.csv,BATCHBISECT,0,16,33.03542930098946,8.0,3133,baseline_static
160,SpongePowered-SpongeForge.csv,BATCHSTOP4,0,8,43.75997446536866,4.0,3133,baseline_static
161,SpongePowered-SpongeForge.csv,BATCHSTOP4,0,16,42.483242898180656,8.0,3133,baseline_static
162,sakaiproject-sakai.csv,BATCHBISECT,0,2,36.239136160126414,1.0,3797,baseline_static
163,sakaiproject-sakai.csv,BATCHBISECT,0,4,49.74980247563866,2.0,3797,baseline_static
164,sakaiproject-sakai.csv,BATCHBISECT,0,8,53.30524097972084,4.0,3797,baseline_static
165,sakaiproject-sakai.csv,BATCHBISECT,0,16,52.96286542006848,8.0,3797,baseline_static
166,sakaiproject-sakai.csv,BATCHSTOP4,0,8,55.57018698972873,4.0,3797,baseline_static
167,sakaiproject-sakai.csv,BATCHSTOP4,0,16,55.22781143007638,8.0,3797,baseline_static
168,dreamhead-moco.csv,BATCHBISECT,0,2,12.751981879954698,1.0,4415,baseline_static
169,dreamhead-moco.csv,BATCHBISECT,0,4,16.375990939977356,2.0,4415,baseline_static
170,dreamhead-moco.csv,BATCHBISECT,0,8,16.104190260475647,4.0,4415,baseline_static
171,dreamhead-moco.csv,BATCHBISECT,0,16,14.65458663646659,8.0,4415,baseline_static
172,dreamhead-moco.csv,BATCHSTOP4,0,8,31.95922989807474,4.0,4415,baseline_static
173,dreamhead-moco.csv,BATCHSTOP4,0,16,30.50962627406568,8.0,4415,baseline_static
174,nutzam-nutz.csv,BATCHBISECT,0,2,-0.3946502959877165,1.0,4561,baseline_static
175,nutzam-nutz.csv,BATCHBISECT,0,4,-3.420302565226919,2.0,4561,baseline_static
176,nutzam-nutz.csv,BATCHBISECT,0,8,-7.673755755316819,4.0,4561,baseline_static
177,nutzam-nutz.csv,BATCHBISECT,0,16,-11.422933567200175,8.0,4561,baseline_static
178,nutzam-nutz.csv,BATCHSTOP4,0,8,14.689761017320762,4.0,4561,baseline_static
179,nutzam-nutz.csv,BATCHSTOP4,0,16,10.940583205437406,8.0,4561,baseline_static
180,CloudSlang-cloud-slang.csv,BATCHBISECT,0,2,22.591055786076534,1.0,2169,baseline_static
181,CloudSlang-cloud-slang.csv,BATCHBISECT,0,4,30.05993545412633,2.0,2169,baseline_static
182,CloudSlang-cloud-slang.csv,BATCHBISECT,0,8,30.382664822498853,4.0,2169,baseline_static
183,CloudSlang-cloud-slang.csv,BATCHBISECT,0,16,28.446288612263714,8.0,2169,baseline_static
184,CloudSlang-cloud-slang.csv,BATCHSTOP4,0,8,40.24896265560166,4.0,2169,baseline_static
185,CloudSlang-cloud-slang.csv,BATCHSTOP4,0,16,38.31258644536653,8.0,2169,baseline_static
186,geotools-geotools.csv,BATCHBISECT,0,2,-0.1165501165501154,0.5,4290,baseline_static
187,geotools-geotools.csv,BATCHBISECT,0,4,-1.8414918414918449,2.0,4290,baseline_static
188,geotools-geotools.csv,BATCHBISECT,0,8,-4.312354312354316,4.0,4290,baseline_static
189,geotools-geotools.csv,BATCHBISECT,0,16,-6.596736596736591,8.0,4290,baseline_static
190,geotools-geotools.csv,BATCHSTOP4,0,8,19.090909090909093,4.0,4290,baseline_static
191,geotools-geotools.csv,BATCHSTOP4,0,16,16.806526806526804,8.0,4290,baseline_static
192,CloudifySource-cloudify.csv,BATCHBISECT,0,2,20.43512043512044,0.5,5148,baseline_static
193,CloudifySource-cloudify.csv,BATCHBISECT,0,4,25.89355089355089,1.5,5148,baseline_static
194,CloudifySource-cloudify.csv,BATCHBISECT,0,8,25.13597513597513,4.0,5148,baseline_static
195,CloudifySource-cloudify.csv,BATCHBISECT,0,16,22.45532245532246,8.0,5148,baseline_static
196,CloudifySource-cloudify.csv,BATCHSTOP4,0,8,35.15928515928516,4.0,5148,baseline_static
197,CloudifySource-cloudify.csv,BATCHSTOP4,0,16,32.47863247863248,8.0,5148,baseline_static
198,SpongePowered-SpongeCommon.csv,BATCHBISECT,0,2,27.8600269179004,1.0,3715,baseline_static
199,SpongePowered-SpongeCommon.csv,BATCHBISECT,0,4,39.62314939434725,2.0,3715,baseline_static
200,SpongePowered-SpongeCommon.csv,BATCHBISECT,0,8,42.58411843876178,4.0,3715,baseline_static
201,SpongePowered-SpongeCommon.csv,BATCHBISECT,0,16,41.83041722745626,8.0,3715,baseline_static
202,SpongePowered-SpongeCommon.csv,BATCHSTOP4,0,8,51.46702557200538,4.0,3715,baseline_static
203,SpongePowered-SpongeCommon.csv,BATCHSTOP4,0,16,50.713324360699865,8.0,3715,baseline_static
204,apache-zeppelin.csv,BATCHBISECT,0,2,-9.061348363321043,1.0,4613,baseline_static
205,apache-zeppelin.csv,BATCHBISECT,0,4,-16.88705831346195,2.0,4613,baseline_static
206,apache-zeppelin.csv,BATCHBISECT,0,8,-23.151961846954265,4.0,4613,baseline_static
207,apache-zeppelin.csv,BATCHBISECT,0,16,-27.6176024279211,8.0,4613,baseline_static
208,apache-zeppelin.csv,BATCHSTOP4,0,8,3.078257099501414,4.0,4613,baseline_static
209,apache-zeppelin.csv,BATCHSTOP4,0,16,-1.3873834814654202,8.0,4613,baseline_static
210,typetools-checker-framework.csv,BATCHBISECT,0,2,11.23988628908812,1.0,4573,baseline_static
211,typetools-checker-framework.csv,BATCHBISECT,0,4,13.929586704570298,2.0,4573,baseline_static
212,typetools-checker-framework.csv,BATCHBISECT,0,8,13.448502077410891,4.0,4573,baseline_static
213,typetools-checker-framework.csv,BATCHBISECT,0,16,11.699103433194836,8.0,4573,baseline_static
214,typetools-checker-framework.csv,BATCHSTOP4,0,8,29.892849333041767,4.0,4573,baseline_static
215,typetools-checker-framework.csv,BATCHSTOP4,0,16,28.09971572272032,8.0,4573,baseline_static
216,geoserver-geoserver.csv,BATCHBISECT,0,2,-6.870229007633583,1.0,5371,baseline_static
217,geoserver-geoserver.csv,BATCHBISECT,0,4,-15.304412586110589,2.0,5371,baseline_static
218,geoserver-geoserver.csv,BATCHBISECT,0,8,-21.913982498603616,4.0,5371,baseline_static
219,geoserver-geoserver.csv,BATCHBISECT,0,16,-26.45689815676782,8.0,5371,baseline_static
220,geoserver-geoserver.csv,BATCHSTOP4,0,8,1.508099050456153,4.0,5371,baseline_static
221,geoserver-geoserver.csv,BATCHSTOP4,0,16,-3.072053621299574,8.0,5371,baseline_static
222,ngageoint-geowave.csv,BATCHBISECT,0,2,31.526925698704844,0.5,2934,baseline_static
223,ngageoint-geowave.csv,BATCHBISECT,0,4,43.69461486025903,2.0,2934,baseline_static
224,ngageoint-geowave.csv,BATCHBISECT,0,8,47.61417859577369,4.0,2934,baseline_static
225,ngageoint-geowave.csv,BATCHBISECT,0,16,48.19359236537151,8.0,2934,baseline_static
226,ngageoint-geowave.csv,BATCHSTOP4,0,8,53.2719836400818,4.0,2934,baseline_static
227,ngageoint-geowave.csv,BATCHSTOP4,0,16,53.85139740967962,8.0,2934,baseline_static
228,sparklemotion-nokogiri.csv,BATCHBISECT,0,2,13.162862536468168,1.0,5827,baseline_static
229,sparklemotion-nokogiri.csv,BATCHBISECT,0,4,18.740346662090275,2.0,5827,baseline_static
230,sparklemotion-nokogiri.csv,BATCHBISECT,0,8,20.73107945769692,4.0,5827,baseline_static
231,sparklemotion-nokogiri.csv,BATCHBISECT,0,16,21.280247125450487,8.0,5827,baseline_static
232,sparklemotion-nokogiri.csv,BATCHSTOP4,0,8,38.13282992963789,4.0,5827,baseline_static
233,sparklemotion-nokogiri.csv,BATCHSTOP4,0,16,38.68199759739145,8.0,5827,baseline_static
234,Graylog2-graylog2-server.csv,BATCHBISECT,0,2,41.94673430564363,0.5,3154,baseline_static
235,Graylog2-graylog2-server.csv,BATCHBISECT,0,4,59.89220038046925,2.0,3154,baseline_static
236,Graylog2-graylog2-server.csv,BATCHBISECT,0,8,66.36017755231452,4.0,3154,baseline_static
237,Graylog2-graylog2-server.csv,BATCHBISECT,0,16,67.53329105897274,8.0,3154,baseline_static
238,Graylog2-graylog2-server.csv,BATCHSTOP4,0,8,67.37476220672161,4.0,3154,baseline_static
239,Graylog2-graylog2-server.csv,BATCHSTOP4,0,16,68.54787571337984,8.0,3154,baseline_static
240,cloudfoundry-uaa.csv,BATCHBISECT,0,2,40.90909090909091,0.5,286,baseline_static
241,cloudfoundry-uaa.csv,BATCHBISECT,0,4,58.04195804195804,2.0,286,baseline_static
242,cloudfoundry-uaa.csv,BATCHBISECT,0,8,65.73426573426573,4.0,286,baseline_static
243,cloudfoundry-uaa.csv,BATCHBISECT,0,16,68.53146853146853,8.0,286,baseline_static
244,cloudfoundry-uaa.csv,BATCHSTOP4,0,8,67.13286713286713,4.0,286,baseline_static
245,cloudfoundry-uaa.csv,BATCHSTOP4,0,16,69.93006993006993,8.0,286,baseline_static
246,apache-jackrabbit-oak.csv,BATCHBISECT,0,2,-7.225738396624479,0.5,7584,baseline_static
247,apache-jackrabbit-oak.csv,BATCHBISECT,0,4,-16.904008438818565,1.5,7584,baseline_static
248,apache-jackrabbit-oak.csv,BATCHBISECT,0,8,-24.841772151898738,3.5,7584,baseline_static
249,apache-jackrabbit-oak.csv,BATCHBISECT,0,16,-30.142405063291136,7.5,7584,baseline_static
250,apache-jackrabbit-oak.csv,BATCHSTOP4,0,8,-2.294303797468359,3.5,7584,baseline_static
251,apache-jackrabbit-oak.csv,BATCHSTOP4,0,16,-7.594936708860757,7.5,7584,baseline_static
252,apache-pdfbox.csv,BATCHBISECT,0,2,-10.280373831775703,0.5,8988,baseline_static
253,apache-pdfbox.csv,BATCHBISECT,0,4,-20.68313306631063,1.5,8988,baseline_static
254,apache-pdfbox.csv,BATCHBISECT,0,8,-28.23765020026701,4.0,8988,baseline_static
255,apache-pdfbox.csv,BATCHBISECT,0,16,-32.86604361370718,8.0,8988,baseline_static
256,apache-pdfbox.csv,BATCHSTOP4,0,8,-3.3600356030262617,4.0,8988,baseline_static
257,apache-pdfbox.csv,BATCHSTOP4,0,16,-7.988429016466398,8.0,8988,baseline_static
258,apache-sling.csv,BATCHBISECT,0,2,-48.43312814773364,0.5,14296,baseline_static
259,apache-sling.csv,BATCHBISECT,0,4,-72.81757134862897,1.5,14296,baseline_static
260,apache-sling.csv,BATCHBISECT,0,8,-85.10772243984331,3.5,14296,baseline_static
261,apache-sling.csv,BATCHBISECT,0,16,-91.28427532176832,8.0,14296,baseline_static
262,apache-sling.csv,BATCHSTOP4,0,8,-36.05903749300504,3.5,14296,baseline_static
263,apache-sling.csv,BATCHSTOP4,0,16,-42.23559037493004,8.0,14296,baseline_static
264,SonarSource-sonar-java.csv,BATCHBISECT,0,2,25.961931214770036,1.0,12241,baseline_static
265,SonarSource-sonar-java.csv,BATCHBISECT,0,4,36.974103422922965,2.0,12241,baseline_static
266,SonarSource-sonar-java.csv,BATCHBISECT,0,8,40.045747896413694,4.0,12241,baseline_static
267,SonarSource-sonar-java.csv,BATCHBISECT,0,16,40.3153337145658,8.0,12241,baseline_static
268,SonarSource-sonar-java.csv,BATCHSTOP4,0,8,50.0939465729924,4.0,12241,baseline_static
269,SonarSource-sonar-java.csv,BATCHSTOP4,0,16,50.36353239114452,8.0,12241,baseline_static
270,killbill-killbill.csv,BATCHBISECT,0,2,-0.4219409282700468,1.0,6399,baseline_static
271,killbill-killbill.csv,BATCHBISECT,0,4,-2.140959524925776,2.0,6399,baseline_static
272,killbill-killbill.csv,BATCHBISECT,0,8,-4.016252539459288,4.0,6399,baseline_static
273,killbill-killbill.csv,BATCHBISECT,0,16,-6.141584622597279,8.0,6399,baseline_static
274,killbill-killbill.csv,BATCHSTOP4,0,8,19.67494921081419,4.0,6399,baseline_static
275,killbill-killbill.csv,BATCHSTOP4,0,16,17.5496171276762,8.0,6399,baseline_static
276,checkstyle-checkstyle.csv,BATCHBISECT,0,2,39.32781379030016,1.0,46743,baseline_static
277,checkstyle-checkstyle.csv,BATCHBISECT,0,4,58.70183770831997,2.0,46743,baseline_static
278,checkstyle-checkstyle.csv,BATCHBISECT,0,8,68.0957576535524,4.0,46743,baseline_static
279,checkstyle-checkstyle.csv,BATCHBISECT,0,16,72.48785914468476,8.0,46743,baseline_static
280,checkstyle-checkstyle.csv,BATCHSTOP4,0,8,73.14036326294845,4.0,46743,baseline_static
281,checkstyle-checkstyle.csv,BATCHSTOP4,0,16,77.53246475408082,8.0,46743,baseline_static
0,apache-tajo.csv,BATCHBISECT,1,2,17.767295597484278,0.5,1272,baseline_static
1,apache-tajo.csv,BATCHBISECT,1,4,21.698113207547166,1.5,1272,baseline_static
2,apache-tajo.csv,BATCHBISECT,1,8,19.88993710691824,3.5,1272,baseline_static
3,apache-tajo.csv,BATCHBISECT,1,16,17.767295597484278,8.0,1272,baseline_static
4,apache-tajo.csv,BATCHSTOP4,1,8,31.05345911949685,3.5,1272,baseline_static
5,apache-tajo.csv,BATCHSTOP4,1,16,28.93081761006289,8.0,1272,baseline_static
6,osmdroid-osmdroid.csv,BATCHBISECT,1,2,-9.949622166246854,0.5,794,baseline_static
7,osmdroid-osmdroid.csv,BATCHBISECT,1,4,-17.506297229219143,2.0,794,baseline_static
8,osmdroid-osmdroid.csv,BATCHBISECT,1,8,-23.9294710327456,4.0,794,baseline_static
9,osmdroid-osmdroid.csv,BATCHBISECT,1,16,-28.715365239294695,8.0,794,baseline_static
10,osmdroid-osmdroid.csv,BATCHSTOP4,1,8,3.022670025188916,4.0,794,baseline_static
11,osmdroid-osmdroid.csv,BATCHSTOP4,1,16,-2.5188916876574297,8.0,794,baseline_static
12,DSpace-DSpace.csv,BATCHBISECT,1,2,40.15696533682145,1.0,1529,baseline_static
13,DSpace-DSpace.csv,BATCHBISECT,1,4,56.245912361020274,2.0,1529,baseline_static
14,DSpace-DSpace.csv,BATCHBISECT,1,8,61.41268803139307,4.0,1529,baseline_static
15,DSpace-DSpace.csv,BATCHBISECT,1,16,62.459123610202745,8.0,1529,baseline_static
16,DSpace-DSpace.csv,BATCHSTOP4,1,8,62.328319162851535,4.0,1529,baseline_static
17,DSpace-DSpace.csv,BATCHSTOP4,1,16,63.24395029431,8.0,1529,baseline_static
18,apache-nifi.csv,BATCHBISECT,1,2,12.731871838111305,0.5,1186,baseline_static
19,apache-nifi.csv,BATCHBISECT,1,4,13.40640809443508,2.0,1186,baseline_static
20,apache-nifi.csv,BATCHBISECT,1,8,10.033726812816184,4.0,1186,baseline_static
21,apache-nifi.csv,BATCHBISECT,1,16,5.986509274873527,8.0,1186,baseline_static
22,apache-nifi.csv,BATCHSTOP4,1,8,22.681281618887013,4.0,1186,baseline_static
23,apache-nifi.csv,BATCHSTOP4,1,16,18.63406408094436,8.0,1186,baseline_static
24,caelum-vraptor4.csv,BATCHBISECT,1,2,31.18393234672304,0.5,946,baseline_static
25,caelum-vraptor4.csv,BATCHBISECT,1,4,41.12050739957717,2.0,946,baseline_static
26,caelum-vraptor4.csv,BATCHBISECT,1,8,42.81183932346723,4.0,946,baseline_static
27,caelum-vraptor4.csv,BATCHBISECT,1,16,40.80338266384778,8.0,946,baseline_static
28,caelum-vraptor4.csv,BATCHSTOP4,1,8,46.61733615221987,4.0,946,baseline_static
29,caelum-vraptor4.csv,BATCHSTOP4,1,16,44.60887949260042,8.0,946,baseline_static
30,grails-grails-core.csv,BATCHBISECT,1,2,4.671968190854869,0.5,1006,baseline_static
31,grails-grails-core.csv,BATCHBISECT,1,4,-1.3916500994035772,2.0,1006,baseline_static
32,grails-grails-core.csv,BATCHBISECT,1,8,-8.349900596421477,4.0,1006,baseline_static
33,grails-grails-core.csv,BATCHBISECT,1,16,-13.419483101391648,8.0,1006,baseline_static
34,grails-grails-core.csv,BATCHSTOP4,1,8,5.964214711729625,4.0,1006,baseline_static
35,grails-grails-core.csv,BATCHSTOP4,1,16,0.8946322067594394,8.0,1006,baseline_static
36,square-wire.csv,BATCHBISECT,1,2,39.72093023255814,1.0,1075,baseline_static
37,square-wire.csv,BATCHBISECT,1,4,57.30232558139535,2.0,1075,baseline_static
38,square-wire.csv,BATCHBISECT,1,8,64.0,4.0,1075,baseline_static
39,square-wire.csv,BATCHBISECT,1,16,65.58139534883722,8.0,1075,baseline_static
40,square-wire.csv,BATCHSTOP4,1,8,66.7906976744186,4.0,1075,baseline_static
41,square-wire.csv,BATCHSTOP4,1,16,68.37209302325581,8.0,1075,baseline_static
42,puniverse-quasar.csv,BATCHBISECT,1,2,35.172413793103445,0.5,1160,baseline_static
43,puniverse-quasar.csv,BATCHBISECT,1,4,47.93103448275862,1.5,1160,baseline_static
44,puniverse-quasar.csv,BATCHBISECT,1,8,49.741379310344826,3.5,1160,baseline_static
45,puniverse-quasar.csv,BATCHBISECT,1,16,48.36206896551724,8.0,1160,baseline_static
46,puniverse-quasar.csv,BATCHSTOP4,1,8,52.32758620689656,3.5,1160,baseline_static
47,puniverse-quasar.csv,BATCHSTOP4,1,16,50.94827586206897,8.0,1160,baseline_static
48,dropwizard-dropwizard.csv,BATCHBISECT,1,2,38.25331971399387,0.5,1958,baseline_static
49,dropwizard-dropwizard.csv,BATCHBISECT,1,4,54.85188968335036,2.0,1958,baseline_static
50,dropwizard-dropwizard.csv,BATCHBISECT,1,8,61.1338100102145,4.0,1958,baseline_static
51,dropwizard-dropwizard.csv,BATCHBISECT,1,16,62.87027579162411,8.0,1958,baseline_static
52,dropwizard-dropwizard.csv,BATCHSTOP4,1,8,64.50459652706843,4.0,1958,baseline_static
53,dropwizard-dropwizard.csv,BATCHSTOP4,1,16,66.24106230847804,8.0,1958,baseline_static
54,essentials-Essentials.csv,BATCHBISECT,1,2,-21.917808219178085,1.0,73,baseline_static
55,essentials-Essentials.csv,BATCHBISECT,1,4,-41.0958904109589,2.0,73,baseline_static
56,essentials-Essentials.csv,BATCHBISECT,1,8,-53.42465753424656,4.0,73,baseline_static
57,essentials-Essentials.csv,BATCHBISECT,1,16,-57.53424657534248,8.0,73,baseline_static
58,essentials-Essentials.csv,BATCHSTOP4,1,8,-26.02739726027397,4.0,73,baseline_static
59,essentials-Essentials.csv,BATCHSTOP4,1,16,-32.87671232876713,8.0,73,baseline_static
60,mybatis-mybatis-3.csv,BATCHBISECT,1,2,41.68260038240918,0.5,2092,baseline_static
61,mybatis-mybatis-3.csv,BATCHBISECT,1,4,61.61567877629063,1.5,2092,baseline_static
62,mybatis-mybatis-3.csv,BATCHBISECT,1,8,70.07648183556405,4.0,2092,baseline_static
63,mybatis-mybatis-3.csv,BATCHBISECT,1,16,73.08795411089866,8.0,2092,baseline_static
64,mybatis-mybatis-3.csv,BATCHSTOP4,1,8,73.32695984703633,4.0,2092,baseline_static
65,mybatis-mybatis-3.csv,BATCHSTOP4,1,16,76.33843212237093,8.0,2092,baseline_static
66,naver-pinpoint.csv,BATCHBISECT,1,2,34.019557385486365,1.0,1943,baseline_static
67,naver-pinpoint.csv,BATCHBISECT,1,4,48.43026248069995,2.0,1943,baseline_static
68,naver-pinpoint.csv,BATCHBISECT,1,8,53.42254246011323,4.0,1943,baseline_static
69,naver-pinpoint.csv,BATCHBISECT,1,16,54.6062789500772,8.0,1943,baseline_static
70,naver-pinpoint.csv,BATCHSTOP4,1,8,58.67215645908389,4.0,1943,baseline_static
71,naver-pinpoint.csv,BATCHSTOP4,1,16,59.85589294904786,8.0,1943,baseline_static
72,FasterXML-jackson-databind.csv,BATCHBISECT,1,2,19.52117863720073,0.5,2172,baseline_static
73,FasterXML-jackson-databind.csv,BATCHBISECT,1,4,26.74953959484347,1.5,2172,baseline_static
74,FasterXML-jackson-databind.csv,BATCHBISECT,1,8,28.176795580110493,4.0,2172,baseline_static
75,FasterXML-jackson-databind.csv,BATCHBISECT,1,16,26.887661141804784,8.0,2172,baseline_static
76,FasterXML-jackson-databind.csv,BATCHSTOP4,1,8,40.88397790055249,4.0,2172,baseline_static
77,FasterXML-jackson-databind.csv,BATCHSTOP4,1,16,39.50276243093923,8.0,2172,baseline_static
78,samtools-htsjdk.csv,BATCHBISECT,1,2,40.08647313156269,1.0,1619,baseline_static
79,samtools-htsjdk.csv,BATCHBISECT,1,4,56.94873378628783,2.0,1619,baseline_static
80,samtools-htsjdk.csv,BATCHBISECT,1,8,63.49598517603459,4.0,1619,baseline_static
81,samtools-htsjdk.csv,BATCHBISECT,1,16,65.04014823965412,8.0,1619,baseline_static
82,samtools-htsjdk.csv,BATCHSTOP4,1,8,65.22544780728845,4.0,1619,baseline_static
83,samtools-htsjdk.csv,BATCHSTOP4,1,16,66.76961087090797,8.0,1619,baseline_static
84,deeplearning4j-deeplearning4j.csv,BATCHBISECT,1,2,-41.19565217391303,0.5,1840,baseline_static
85,deeplearning4j-deeplearning4j.csv,BATCHBISECT,1,4,-63.260869565217405,1.5,1840,baseline_static
86,deeplearning4j-deeplearning4j.csv,BATCHBISECT,1,8,-74.8913043478261,3.5,1840,baseline_static
87,deeplearning4j-deeplearning4j.csv,BATCHBISECT,1,16,-80.92391304347825,7.5,1840,baseline_static
88,deeplearning4j-deeplearning4j.csv,BATCHSTOP4,1,8,-30.760869565217405,3.5,1840,baseline_static
89,deeplearning4j-deeplearning4j.csv,BATCHSTOP4,1,16,-36.79347826086956,7.5,1840,baseline_static
90,open-keychain-open-keychain.csv,BATCHBISECT,1,2,20.247933884297524,0.5,1694,baseline_static
91,open-keychain-open-keychain.csv,BATCHBISECT,1,4,24.79338842975207,2.0,1694,baseline_static
92,open-keychain-open-keychain.csv,BATCHBISECT,1,8,22.786304604486418,4.0,1694,baseline_static
93,open-keychain-open-keychain.csv,BATCHBISECT,1,16,19.48051948051948,8.0,1694,baseline_static
94,open-keychain-open-keychain.csv,BATCHSTOP4,1,8,31.995277449822908,4.0,1694,baseline_static
95,open-keychain-open-keychain.csv,BATCHSTOP4,1,16,28.68949232585597,8.0,1694,baseline_static
96,yegor256-takes.csv,BATCHBISECT,1,2,19.696969696969703,0.5,1914,baseline_static
97,yegor256-takes.csv,BATCHBISECT,1,4,26.07105538140021,2.0,1914,baseline_static
98,yegor256-takes.csv,BATCHBISECT,1,8,26.54127481713688,4.0,1914,baseline_static
99,yegor256-takes.csv,BATCHBISECT,1,16,24.66039707419017,8.0,1914,baseline_static
100,yegor256-takes.csv,BATCHSTOP4,1,8,38.24451410658308,4.0,1914,baseline_static
101,yegor256-takes.csv,BATCHSTOP4,1,16,36.36363636363637,8.0,1914,baseline_static
102,keycloak-keycloak.csv,BATCHBISECT,1,2,34.81244281793229,0.5,2186,baseline_static
103,keycloak-keycloak.csv,BATCHBISECT,1,4,46.61482159194877,2.0,2186,baseline_static
104,keycloak-keycloak.csv,BATCHBISECT,1,8,48.85635864592864,4.0,2186,baseline_static
105,keycloak-keycloak.csv,BATCHBISECT,1,16,47.80420860018298,8.0,2186,baseline_static
106,keycloak-keycloak.csv,BATCHSTOP4,1,8,50.86916742909423,4.0,2186,baseline_static
107,keycloak-keycloak.csv,BATCHSTOP4,1,16,49.72552607502287,8.0,2186,baseline_static
108,rackerlabs-blueflood.csv,BATCHBISECT,1,2,25.012285012285005,1.0,2035,baseline_static
109,rackerlabs-blueflood.csv,BATCHBISECT,1,4,32.92383292383292,2.0,2035,baseline_static
110,rackerlabs-blueflood.csv,BATCHBISECT,1,8,33.51351351351352,4.0,2035,baseline_static
111,rackerlabs-blueflood.csv,BATCHBISECT,1,16,31.793611793611788,8.0,2035,baseline_static
112,rackerlabs-blueflood.csv,BATCHSTOP4,1,8,41.37592137592138,4.0,2035,baseline_static
113,rackerlabs-blueflood.csv,BATCHSTOP4,1,16,39.65601965601966,8.0,2035,baseline_static
114,xetorthio-jedis.csv,BATCHBISECT,1,2,34.02545210984594,1.0,1493,baseline_static
115,xetorthio-jedis.csv,BATCHBISECT,1,4,49.09578030810449,2.0,1493,baseline_static
116,xetorthio-jedis.csv,BATCHBISECT,1,8,53.5833891493637,4.0,1493,baseline_static
117,xetorthio-jedis.csv,BATCHBISECT,1,16,53.516409912927,8.0,1493,baseline_static
118,xetorthio-jedis.csv,BATCHSTOP4,1,8,59.61152042866711,4.0,1493,baseline_static
119,xetorthio-jedis.csv,BATCHSTOP4,1,16,59.54454119223041,8.0,1493,baseline_static
120,orbeon-orbeon-forms.csv,BATCHBISECT,1,2,-7.655310621242478,1.0,2495,baseline_static
121,orbeon-orbeon-forms.csv,BATCHBISECT,1,4,-15.831663326653311,2.0,2495,baseline_static
122,orbeon-orbeon-forms.csv,BATCHBISECT,1,8,-22.645290581162328,4.0,2495,baseline_static
123,orbeon-orbeon-forms.csv,BATCHBISECT,1,16,-27.13426853707415,8.0,2495,baseline_static
124,orbeon-orbeon-forms.csv,BATCHSTOP4,1,8,1.8837675350701344,4.0,2495,baseline_static
125,orbeon-orbeon-forms.csv,BATCHSTOP4,1,16,-2.68537074148297,8.0,2495,baseline_static
126,linkedin-gobblin.csv,BATCHBISECT,1,2,-4.848484848484844,0.5,3300,baseline_static
127,linkedin-gobblin.csv,BATCHBISECT,1,4,-10.818181818181811,1.5,3300,baseline_static
128,linkedin-gobblin.csv,BATCHBISECT,1,8,-17.0,4.0,3300,baseline_static
129,linkedin-gobblin.csv,BATCHBISECT,1,16,-21.60606060606061,8.0,3300,baseline_static
130,linkedin-gobblin.csv,BATCHSTOP4,1,8,6.878787878787875,4.0,3300,baseline_static
131,linkedin-gobblin.csv,BATCHSTOP4,1,16,2.2727272727272663,8.0,3300,baseline_static
132,JabRef-jabref.csv,BATCHBISECT,1,2,37.03275529865125,1.0,2595,baseline_static
133,JabRef-jabref.csv,BATCHBISECT,1,4,52.02312138728324,2.0,2595,baseline_static
134,JabRef-jabref.csv,BATCHBISECT,1,8,56.33911368015414,4.0,2595,baseline_static
135,JabRef-jabref.csv,BATCHBISECT,1,16,56.262042389210016,8.0,2595,baseline_static
136,JabRef-jabref.csv,BATCHSTOP4,1,8,59.26782273603083,4.0,2595,baseline_static
137,JabRef-jabref.csv,BATCHSTOP4,1,16,59.190751445086704,8.0,2595,baseline_static
138,jOOQ-jOOQ.csv,BATCHBISECT,1,2,23.40425531914893,1.0,3243,baseline_static
139,jOOQ-jOOQ.csv,BATCHBISECT,1,4,32.56244218316374,2.0,3243,baseline_static
140,jOOQ-jOOQ.csv,BATCHBISECT,1,8,34.751773049645394,4.0,3243,baseline_static
141,jOOQ-jOOQ.csv,BATCHBISECT,1,16,33.91921060746223,8.0,3243,baseline_static
142,jOOQ-jOOQ.csv,BATCHSTOP4,1,8,45.48257786000617,4.0,3243,baseline_static
143,jOOQ-jOOQ.csv,BATCHSTOP4,1,16,44.650015417823006,8.0,3243,baseline_static
144,structr-structr.csv,BATCHBISECT,1,2,-2.599062633148705,1.0,2347,baseline_static
145,structr-structr.csv,BATCHBISECT,1,4,-8.43630166169578,2.0,2347,baseline_static
146,structr-structr.csv,BATCHBISECT,1,8,-14.273540690242868,4.0,2347,baseline_static
147,structr-structr.csv,BATCHBISECT,1,16,-19.173412867490413,8.0,2347,baseline_static
148,structr-structr.csv,BATCHSTOP4,1,8,7.456327226246273,4.0,2347,baseline_static
149,structr-structr.csv,BATCHSTOP4,1,16,2.3860247123988074,8.0,2347,baseline_static
150,floragunncom-search-guard.csv,BATCHBISECT,1,2,40.47097480832421,0.5,3652,baseline_static
151,floragunncom-search-guard.csv,BATCHBISECT,1,4,60.70646221248631,1.5,3652,baseline_static
152,floragunncom-search-guard.csv,BATCHBISECT,1,8,68.70208105147864,4.0,3652,baseline_static
153,floragunncom-search-guard.csv,BATCHBISECT,1,16,71.00219058050384,8.0,3652,baseline_static
154,floragunncom-search-guard.csv,BATCHSTOP4,1,8,73.46659364731654,4.0,3652,baseline_static
155,floragunncom-search-guard.csv,BATCHSTOP4,1,16,75.76670317634174,8.0,3652,baseline_static
156,SpongePowered-SpongeForge.csv,BATCHBISECT,1,2,26.91933916423713,1.0,3087,baseline_static
157,SpongePowered-SpongeForge.csv,BATCHBISECT,1,4,35.2121801101393,2.0,3087,baseline_static
158,SpongePowered-SpongeForge.csv,BATCHBISECT,1,8,36.57272432782637,4.0,3087,baseline_static
159,SpongePowered-SpongeForge.csv,BATCHBISECT,1,16,35.17978620019436,8.0,3087,baseline_static
160,SpongePowered-SpongeForge.csv,BATCHSTOP4,1,8,42.92193067703272,4.0,3087,baseline_static
161,SpongePowered-SpongeForge.csv,BATCHSTOP4,1,16,41.46420472951085,8.0,3087,baseline_static
162,sakaiproject-sakai.csv,BATCHBISECT,1,2,36.66761122130915,1.0,3529,baseline_static
163,sakaiproject-sakai.csv,BATCHBISECT,1,4,50.49589118730518,2.0,3529,baseline_static
164,sakaiproject-sakai.csv,BATCHBISECT,1,8,54.37801076792292,4.0,3529,baseline_static
165,sakaiproject-sakai.csv,BATCHBISECT,1,16,54.40634740719751,8.0,3529,baseline_static
166,sakaiproject-sakai.csv,BATCHSTOP4,1,8,56.53159535279116,4.0,3529,baseline_static
167,sakaiproject-sakai.csv,BATCHSTOP4,1,16,56.55993199206574,8.0,3529,baseline_static
168,dreamhead-moco.csv,BATCHBISECT,1,2,12.334458582186445,1.0,3851,baseline_static
169,dreamhead-moco.csv,BATCHBISECT,1,4,15.94391067255259,2.0,3851,baseline_static
170,dreamhead-moco.csv,BATCHBISECT,1,8,15.762139703972991,4.0,3851,baseline_static
171,dreamhead-moco.csv,BATCHBISECT,1,16,14.333939236561932,8.0,3851,baseline_static
172,dreamhead-moco.csv,BATCHSTOP4,1,8,32.01765775123344,4.0,3851,baseline_static
173,dreamhead-moco.csv,BATCHSTOP4,1,16,30.43365359646845,8.0,3851,baseline_static
174,nutzam-nutz.csv,BATCHBISECT,1,2,1.1154219204655649,0.5,4124,baseline_static
175,nutzam-nutz.csv,BATCHBISECT,1,4,-0.2182347235693527,1.5,4124,baseline_static
176,nutzam-nutz.csv,BATCHBISECT,1,8,-4.025218234723567,4.0,4124,baseline_static
177,nutzam-nutz.csv,BATCHBISECT,1,16,-8.001939864209504,8.0,4124,baseline_static
178,nutzam-nutz.csv,BATCHSTOP4,1,8,18.52570320077595,4.0,4124,baseline_static
179,nutzam-nutz.csv,BATCHSTOP4,1,16,14.548981571290014,8.0,4124,baseline_static
180,CloudSlang-cloud-slang.csv,BATCHBISECT,1,2,32.76553106212425,0.5,1996,baseline_static
181,CloudSlang-cloud-slang.csv,BATCHBISECT,1,4,43.33667334669339,1.5,1996,baseline_static
182,CloudSlang-cloud-slang.csv,BATCHBISECT,1,8,45.29058116232465,4.0,1996,baseline_static
183,CloudSlang-cloud-slang.csv,BATCHBISECT,1,16,43.93787575150301,8.0,1996,baseline_static
184,CloudSlang-cloud-slang.csv,BATCHSTOP4,1,8,48.09619238476954,4.0,1996,baseline_static
185,CloudSlang-cloud-slang.csv,BATCHSTOP4,1,16,46.743486973947896,8.0,1996,baseline_static
186,geotools-geotools.csv,BATCHBISECT,1,2,-0.4820438659917982,1.0,4149,baseline_static
187,geotools-geotools.csv,BATCHBISECT,1,4,-3.350204868643047,2.0,4149,baseline_static
188,geotools-geotools.csv,BATCHBISECT,1,8,-6.411183417691007,4.0,4149,baseline_static
189,geotools-geotools.csv,BATCHBISECT,1,16,-9.08652687394553,8.0,4149,baseline_static
190,geotools-geotools.csv,BATCHSTOP4,1,8,16.196673897324658,4.0,4149,baseline_static
191,geotools-geotools.csv,BATCHSTOP4,1,16,13.521330441070134,8.0,4149,baseline_static
192,CloudifySource-cloudify.csv,BATCHBISECT,1,2,20.60677698975572,0.5,5076,baseline_static
193,CloudifySource-cloudify.csv,BATCHBISECT,1,4,26.14263199369583,1.5,5076,baseline_static
194,CloudifySource-cloudify.csv,BATCHBISECT,1,8,25.4334121355398,4.0,5076,baseline_static
195,CloudifySource-cloudify.csv,BATCHBISECT,1,16,22.81323877068557,8.0,5076,baseline_static
196,CloudifySource-cloudify.csv,BATCHSTOP4,1,8,35.362490149724195,4.0,5076,baseline_static
197,CloudifySource-cloudify.csv,BATCHSTOP4,1,16,32.74231678486997,8.0,5076,baseline_static
198,SpongePowered-SpongeCommon.csv,BATCHBISECT,1,2,32.62987012987013,0.5,3696,baseline_static
199,SpongePowered-SpongeCommon.csv,BATCHBISECT,1,4,46.103896103896105,1.5,3696,baseline_static
200,SpongePowered-SpongeCommon.csv,BATCHBISECT,1,8,49.675324675324674,3.5,3696,baseline_static
201,SpongePowered-SpongeCommon.csv,BATCHBISECT,1,16,49.16125541125541,7.5,3696,baseline_static
202,SpongePowered-SpongeCommon.csv,BATCHSTOP4,1,8,55.51948051948052,3.5,3696,baseline_static
203,SpongePowered-SpongeCommon.csv,BATCHSTOP4,1,16,55.00541125541125,7.5,3696,baseline_static
204,apache-zeppelin.csv,BATCHBISECT,1,2,-9.717543405027214,1.0,3859,baseline_static
205,apache-zeppelin.csv,BATCHBISECT,1,4,-17.672972272609485,2.0,3859,baseline_static
206,apache-zeppelin.csv,BATCHBISECT,1,8,-24.4622959315885,4.0,3859,baseline_static
207,apache-zeppelin.csv,BATCHBISECT,1,16,-29.35993780772222,8.0,3859,baseline_static
208,apache-zeppelin.csv,BATCHSTOP4,1,8,2.280383519046381,4.0,3859,baseline_static
209,apache-zeppelin.csv,BATCHSTOP4,1,16,-2.617258357087323,8.0,3859,baseline_static
210,typetools-checker-framework.csv,BATCHBISECT,1,2,10.820197702377769,1.0,3743,baseline_static
211,typetools-checker-framework.csv,BATCHBISECT,1,4,13.545284531124764,2.0,3743,baseline_static
212,typetools-checker-framework.csv,BATCHBISECT,1,8,12.850654555169656,4.0,3743,baseline_static
213,typetools-checker-framework.csv,BATCHBISECT,1,16,10.820197702377769,8.0,3743,baseline_static
214,typetools-checker-framework.csv,BATCHSTOP4,1,8,29.735506278386325,4.0,3743,baseline_static
215,typetools-checker-framework.csv,BATCHSTOP4,1,16,27.651616350520968,8.0,3743,baseline_static
216,geoserver-geoserver.csv,BATCHBISECT,1,2,-3.4757281553398087,0.5,5150,baseline_static
217,geoserver-geoserver.csv,BATCHBISECT,1,4,-10.330097087378649,2.0,5150,baseline_static
218,geoserver-geoserver.csv,BATCHBISECT,1,8,-16.854368932038838,4.0,5150,baseline_static
219,geoserver-geoserver.csv,BATCHBISECT,1,16,-21.51456310679612,8.0,5150,baseline_static
220,geoserver-geoserver.csv,BATCHSTOP4,1,8,4.77669902912622,4.0,5150,baseline_static
221,geoserver-geoserver.csv,BATCHSTOP4,1,16,0.1165048543689266,8.0,5150,baseline_static
222,ngageoint-geowave.csv,BATCHBISECT,1,2,33.24154209284028,0.5,2542,baseline_static
223,ngageoint-geowave.csv,BATCHBISECT,1,4,46.97088906372935,2.0,2542,baseline_static
224,ngageoint-geowave.csv,BATCHBISECT,1,8,51.848937844217154,4.0,2542,baseline_static
225,ngageoint-geowave.csv,BATCHBISECT,1,16,53.2258064516129,8.0,2542,baseline_static
226,ngageoint-geowave.csv,BATCHSTOP4,1,8,57.35641227380016,4.0,2542,baseline_static
227,ngageoint-geowave.csv,BATCHSTOP4,1,16,58.73328088119591,8.0,2542,baseline_static
228,sparklemotion-nokogiri.csv,BATCHBISECT,1,2,12.86378087551968,1.0,4089,baseline_static
229,sparklemotion-nokogiri.csv,BATCHBISECT,1,4,18.39080459770115,2.0,4089,baseline_static
230,sparklemotion-nokogiri.csv,BATCHBISECT,1,8,20.224993886035705,4.0,4089,baseline_static
231,sparklemotion-nokogiri.csv,BATCHBISECT,1,16,20.56737588652483,8.0,4089,baseline_static
232,sparklemotion-nokogiri.csv,BATCHSTOP4,1,8,37.784299339691856,4.0,4089,baseline_static
233,sparklemotion-nokogiri.csv,BATCHSTOP4,1,16,38.12668134018097,8.0,4089,baseline_static
234,Graylog2-graylog2-server.csv,BATCHBISECT,1,2,41.32124352331606,0.5,3088,baseline_static
235,Graylog2-graylog2-server.csv,BATCHBISECT,1,4,58.80829015544042,1.5,3088,baseline_static
236,Graylog2-graylog2-server.csv,BATCHBISECT,1,8,65.41450777202073,3.5,3088,baseline_static
237,Graylog2-graylog2-server.csv,BATCHBISECT,1,16,66.48316062176166,7.5,3088,baseline_static
238,Graylog2-graylog2-server.csv,BATCHSTOP4,1,8,66.58031088082902,3.5,3088,baseline_static
239,Graylog2-graylog2-server.csv,BATCHSTOP4,1,16,67.64896373056995,7.5,3088,baseline_static
240,cloudfoundry-uaa.csv,BATCHBISECT,1,2,41.80327868852459,0.5,244,baseline_static
241,cloudfoundry-uaa.csv,BATCHBISECT,1,4,62.704918032786885,1.5,244,baseline_static
242,cloudfoundry-uaa.csv,BATCHBISECT,1,8,70.90163934426229,4.0,244,baseline_static
243,cloudfoundry-uaa.csv,BATCHBISECT,1,16,73.77049180327869,8.0,244,baseline_static
244,cloudfoundry-uaa.csv,BATCHSTOP4,1,8,75.0,4.0,244,baseline_static
245,cloudfoundry-uaa.csv,BATCHSTOP4,1,16,77.8688524590164,8.0,244,baseline_static
246,apache-jackrabbit-oak.csv,BATCHBISECT,1,2,-7.225738396624479,0.5,7584,baseline_static
247,apache-jackrabbit-oak.csv,BATCHBISECT,1,4,-16.904008438818565,1.5,7584,baseline_static
248,apache-jackrabbit-oak.csv,BATCHBISECT,1,8,-24.841772151898738,3.5,7584,baseline_static
249,apache-jackrabbit-oak.csv,BATCHBISECT,1,16,-30.142405063291136,7.5,7584,baseline_static
250,apache-jackrabbit-oak.csv,BATCHSTOP4,1,8,-2.294303797468359,3.5,7584,baseline_static
251,apache-jackrabbit-oak.csv,BATCHSTOP4,1,16,-7.594936708860757,7.5,7584,baseline_static
252,apache-pdfbox.csv,BATCHBISECT,1,2,-10.280373831775703,0.5,8988,baseline_static
253,apache-pdfbox.csv,BATCHBISECT,1,4,-20.68313306631063,1.5,8988,baseline_static
254,apache-pdfbox.csv,BATCHBISECT,1,8,-28.23765020026701,4.0,8988,baseline_static
255,apache-pdfbox.csv,BATCHBISECT,1,16,-32.86604361370718,8.0,8988,baseline_static
256,apache-pdfbox.csv,BATCHSTOP4,1,8,-3.3600356030262617,4.0,8988,baseline_static
257,apache-pdfbox.csv,BATCHSTOP4,1,16,-7.988429016466398,8.0,8988,baseline_static
258,apache-sling.csv,BATCHBISECT,1,2,-48.4287317620651,0.5,14256,baseline_static
259,apache-sling.csv,BATCHBISECT,1,4,-72.8114478114478,1.5,14256,baseline_static
260,apache-sling.csv,BATCHBISECT,1,8,-85.1010101010101,3.5,14256,baseline_static
261,apache-sling.csv,BATCHBISECT,1,16,-91.2948933782267,7.5,14256,baseline_static
262,apache-sling.csv,BATCHSTOP4,1,8,-36.054994388327714,3.5,14256,baseline_static
263,apache-sling.csv,BATCHSTOP4,1,16,-42.24887766554434,7.5,14256,baseline_static
264,SonarSource-sonar-java.csv,BATCHBISECT,1,2,26.36868769406766,0.5,12238,baseline_static
265,SonarSource-sonar-java.csv,BATCHBISECT,1,4,36.60728877267528,2.0,12238,baseline_static
266,SonarSource-sonar-java.csv,BATCHBISECT,1,8,39.74505638176173,4.0,12238,baseline_static
267,SonarSource-sonar-java.csv,BATCHBISECT,1,16,39.753227651577056,8.0,12238,baseline_static
268,SonarSource-sonar-java.csv,BATCHSTOP4,1,8,48.61905540120935,4.0,12238,baseline_static
269,SonarSource-sonar-java.csv,BATCHSTOP4,1,16,48.62722667102468,8.0,12238,baseline_static
270,killbill-killbill.csv,BATCHBISECT,1,2,0.06348198698619,1.0,6301,baseline_static
271,killbill-killbill.csv,BATCHBISECT,1,4,-1.412474210442781,2.0,6301,baseline_static
272,killbill-killbill.csv,BATCHBISECT,1,8,-3.3804158070147565,4.0,6301,baseline_static
273,killbill-killbill.csv,BATCHBISECT,1,16,-5.507062371052214,8.0,6301,baseline_static
274,killbill-killbill.csv,BATCHSTOP4,1,8,20.012696397397235,4.0,6301,baseline_static
275,killbill-killbill.csv,BATCHSTOP4,1,16,17.886049833359777,8.0,6301,baseline_static
276,checkstyle-checkstyle.csv,BATCHBISECT,1,2,40.69899871873962,0.5,42146,baseline_static
277,checkstyle-checkstyle.csv,BATCHBISECT,1,4,60.81004128505671,2.0,42146,baseline_static
278,checkstyle-checkstyle.csv,BATCHBISECT,1,8,70.53338395102739,4.0,42146,baseline_static
279,checkstyle-checkstyle.csv,BATCHBISECT,1,16,75.15066672993879,8.0,42146,baseline_static
280,checkstyle-checkstyle.csv,BATCHSTOP4,1,8,74.9466141508091,4.0,42146,baseline_static
281,checkstyle-checkstyle.csv,BATCHSTOP4,1,16,79.5638969297205,8.0,42146,baseline_static
