project,algorithm,batch_size,builds_saved,median_delay,testall_size
junit-team-junit5.csv,BATCHBISECT,2,41.39150943396226,0.5,1696
junit-team-junit5.csv,BATCHBISECT,4,58.9622641509434,1.5,1696
junit-team-junit5.csv,BATCHBISECT,8,65.09433962264151,3.5,1696
junit-team-junit5.csv,BATCHBISECT,16,66.0377358490566,7.5,1696
junit-team-junit5.csv,BATCHSTOP4,4,60.14150943396226,1.5,1696
junit-team-junit5.csv,BATCHSTOP4,8,66.27358490566039,3.5,1696
junit-team-junit5.csv,BATCHSTOP4,16,67.21698113207547,7.5,1696
junit-team-junit5.csv,BATCHDIVIDE4,4,60.14150943396226,1.5,1696
junit-team-junit5.csv,BATCHDIVIDE4,8,66.27358490566039,3.5,1696
junit-team-junit5.csv,BATCHDIVIDE4,16,56.426886792452834,7.5,1696
ratpack-ratpack.csv,BATCHBISECT,2,0.31982942430703076,0.5,1876
ratpack-ratpack.csv,BATCHBISECT,4,-8.262260127931768,1.5,1876
ratpack-ratpack.csv,BATCHBISECT,8,-16.47121535181236,4.0,1876
ratpack-ratpack.csv,BATCHBISECT,16,-22.17484008528784,8.0,1876
ratpack-ratpack.csv,BATCHSTOP4,4,7.835820895522389,1.5,1876
ratpack-ratpack.csv,BATCHSTOP4,8,-0.3731343283582049,4.0,1876
ratpack-ratpack.csv,BATCHSTOP4,16,-6.076759061833684,8.0,1876
ratpack-ratpack.csv,BATCHDIVIDE4,4,7.835820895522389,1.5,1876
ratpack-ratpack.csv,BATCHDIVIDE4,8,-0.3731343283582049,4.0,1876
ratpack-ratpack.csv,BATCHDIVIDE4,16,-8.901918976545844,8.0,1876
p6spy-p6spy.csv,BATCHBISECT,2,-0.15527950310558936,0.5,1288
p6spy-p6spy.csv,BATCHBISECT,4,-4.658385093167695,1.5,1288
p6spy-p6spy.csv,BATCHBISECT,8,-9.394409937888199,3.5,1288
p6spy-p6spy.csv,BATCHBISECT,16,-12.810559006211179,8.0,1288
p6spy-p6spy.csv,BATCHSTOP4,4,15.993788819875775,1.5,1288
p6spy-p6spy.csv,BATCHSTOP4,8,11.257763975155285,3.5,1288
p6spy-p6spy.csv,BATCHSTOP4,16,7.841614906832305,8.0,1288
p6spy-p6spy.csv,BATCHDIVIDE4,4,15.993788819875775,1.5,1288
p6spy-p6spy.csv,BATCHDIVIDE4,8,11.257763975155285,3.5,1288
p6spy-p6spy.csv,BATCHDIVIDE4,16,1.3198757763975095,8.0,1288
apache-tajo.csv,BATCHBISECT,2,18.570318570318577,1,1287
apache-tajo.csv,BATCHBISECT,4,22.2999222999223,2,1287
apache-tajo.csv,BATCHBISECT,8,20.82362082362083,4,1287
apache-tajo.csv,BATCHBISECT,16,18.181818181818187,8,1287
apache-tajo.csv,BATCHSTOP4,4,32.400932400932405,2,1287
apache-tajo.csv,BATCHSTOP4,8,30.924630924630918,4,1287
apache-tajo.csv,BATCHSTOP4,16,28.282828282828277,8,1287
apache-tajo.csv,BATCHDIVIDE4,4,32.400932400932405,2,1287
apache-tajo.csv,BATCHDIVIDE4,8,30.924630924630918,4,1287
apache-tajo.csv,BATCHDIVIDE4,16,21.83372183372184,8,1287
osmdroid-osmdroid.csv,BATCHBISECT,2,-10.338345864661648,0.5,1064
osmdroid-osmdroid.csv,BATCHBISECT,4,-18.609022556390983,1.5,1064
osmdroid-osmdroid.csv,BATCHBISECT,8,-24.90601503759399,3.5,1064
osmdroid-osmdroid.csv,BATCHBISECT,16,-29.417293233082717,8.0,1064
osmdroid-osmdroid.csv,BATCHSTOP4,4,8.458646616541358,1.5,1064
osmdroid-osmdroid.csv,BATCHSTOP4,8,2.1616541353383525,3.5,1064
osmdroid-osmdroid.csv,BATCHSTOP4,16,-2.3496240601503757,8.0,1064
osmdroid-osmdroid.csv,BATCHDIVIDE4,4,8.458646616541358,1.5,1064
osmdroid-osmdroid.csv,BATCHDIVIDE4,8,2.1616541353383525,3.5,1064
osmdroid-osmdroid.csv,BATCHDIVIDE4,16,-8.082706766917298,8.0,1064
DSpace-DSpace.csv,BATCHBISECT,2,40.48223350253807,0.5,1576
DSpace-DSpace.csv,BATCHBISECT,4,57.10659898477157,1.5,1576
DSpace-DSpace.csv,BATCHBISECT,8,62.753807106598984,3.5,1576
DSpace-DSpace.csv,BATCHBISECT,16,63.515228426395936,8.0,1576
DSpace-DSpace.csv,BATCHSTOP4,4,58.24873096446701,1.5,1576
DSpace-DSpace.csv,BATCHSTOP4,8,63.89593908629442,3.5,1576
DSpace-DSpace.csv,BATCHSTOP4,16,64.65736040609137,8.0,1576
DSpace-DSpace.csv,BATCHDIVIDE4,4,58.24873096446701,1.5,1576
DSpace-DSpace.csv,BATCHDIVIDE4,8,63.89593908629442,3.5,1576
DSpace-DSpace.csv,BATCHDIVIDE4,16,54.06091370558376,8.0,1576
apache-nifi.csv,BATCHBISECT,2,13.139260424862314,1,1271
apache-nifi.csv,BATCHBISECT,4,13.611329661683712,2,1271
apache-nifi.csv,BATCHBISECT,8,10.070810385523217,4,1271
apache-nifi.csv,BATCHBISECT,16,6.372934697088908,8,1271
apache-nifi.csv,BATCHSTOP4,4,26.04248623131393,2,1271
apache-nifi.csv,BATCHSTOP4,8,22.50196695515342,4,1271
apache-nifi.csv,BATCHSTOP4,16,18.804091266719112,8,1271
apache-nifi.csv,BATCHDIVIDE4,4,26.04248623131393,2,1271
apache-nifi.csv,BATCHDIVIDE4,8,22.50196695515342,4,1271
apache-nifi.csv,BATCHDIVIDE4,16,13.84736428009441,8,1271
caelum-vraptor4.csv,BATCHBISECT,2,32.07282913165267,0.5,1428
caelum-vraptor4.csv,BATCHBISECT,4,42.08683473389356,1.5,1428
caelum-vraptor4.csv,BATCHBISECT,8,43.207282913165265,4.0,1428
caelum-vraptor4.csv,BATCHBISECT,16,41.31652661064426,8.0,1428
caelum-vraptor4.csv,BATCHSTOP4,4,45.02801120448179,1.5,1428
caelum-vraptor4.csv,BATCHSTOP4,8,46.148459383753504,4.0,1428
caelum-vraptor4.csv,BATCHSTOP4,16,44.25770308123249,8.0,1428
caelum-vraptor4.csv,BATCHDIVIDE4,4,45.02801120448179,1.5,1428
caelum-vraptor4.csv,BATCHDIVIDE4,8,46.148459383753504,4.0,1428
caelum-vraptor4.csv,BATCHDIVIDE4,16,37.60504201680672,8.0,1428
grails-grails-core.csv,BATCHBISECT,2,4.048964218455737,0.5,1062
grails-grails-core.csv,BATCHBISECT,4,-2.071563088512235,2.0,1062
grails-grails-core.csv,BATCHBISECT,8,-8.945386064030131,4.0,1062
grails-grails-core.csv,BATCHBISECT,16,-13.465160075329564,8.0,1062
grails-grails-core.csv,BATCHSTOP4,4,12.806026365348401,2.0,1062
grails-grails-core.csv,BATCHSTOP4,8,5.932203389830505,4.0,1062
grails-grails-core.csv,BATCHSTOP4,16,1.4124293785310726,8.0,1062
grails-grails-core.csv,BATCHDIVIDE4,4,12.806026365348401,2.0,1062
grails-grails-core.csv,BATCHDIVIDE4,8,5.932203389830505,4.0,1062
grails-grails-core.csv,BATCHDIVIDE4,16,-2.636534839924664,8.0,1062
square-wire.csv,BATCHBISECT,2,44.29590017825312,0.5,1122
square-wire.csv,BATCHBISECT,4,63.903743315508024,2.0,1122
square-wire.csv,BATCHBISECT,8,71.21212121212122,4.0,1122
square-wire.csv,BATCHBISECT,16,72.99465240641712,8.0,1122
square-wire.csv,BATCHSTOP4,4,64.26024955436719,2.0,1122
square-wire.csv,BATCHSTOP4,8,71.56862745098039,4.0,1122
square-wire.csv,BATCHSTOP4,16,73.35115864527629,8.0,1122
square-wire.csv,BATCHDIVIDE4,4,64.26024955436719,2.0,1122
square-wire.csv,BATCHDIVIDE4,8,71.56862745098039,4.0,1122
square-wire.csv,BATCHDIVIDE4,16,61.58645276292335,8.0,1122
puniverse-quasar.csv,BATCHBISECT,2,35.59589581689029,1,1267
puniverse-quasar.csv,BATCHBISECT,4,48.46093133385951,2,1267
puniverse-quasar.csv,BATCHBISECT,8,50.828729281767956,4,1267
puniverse-quasar.csv,BATCHBISECT,16,49.32912391475927,8,1267
puniverse-quasar.csv,BATCHSTOP4,4,50.67087608524073,2,1267
puniverse-quasar.csv,BATCHSTOP4,8,53.03867403314917,4,1267
puniverse-quasar.csv,BATCHSTOP4,16,51.53906866614049,8,1267
puniverse-quasar.csv,BATCHDIVIDE4,4,50.67087608524073,2,1267
puniverse-quasar.csv,BATCHDIVIDE4,8,53.03867403314917,4,1267
puniverse-quasar.csv,BATCHDIVIDE4,16,44.593528018942386,8,1267
dropwizard-dropwizard.csv,BATCHBISECT,2,38.415841584158414,0.5,2020
dropwizard-dropwizard.csv,BATCHBISECT,4,55.2970297029703,1.5,2020
dropwizard-dropwizard.csv,BATCHBISECT,8,61.93069306930693,4.0,2020
dropwizard-dropwizard.csv,BATCHBISECT,16,63.613861386138616,8.0,2020
dropwizard-dropwizard.csv,BATCHSTOP4,4,58.76237623762376,1.5,2020
dropwizard-dropwizard.csv,BATCHSTOP4,8,65.39603960396039,4.0,2020
dropwizard-dropwizard.csv,BATCHSTOP4,16,67.07920792079207,8.0,2020
dropwizard-dropwizard.csv,BATCHDIVIDE4,4,58.76237623762376,1.5,2020
dropwizard-dropwizard.csv,BATCHDIVIDE4,8,65.39603960396039,4.0,2020
dropwizard-dropwizard.csv,BATCHDIVIDE4,16,54.7029702970297,8.0,2020
essentials-Essentials.csv,BATCHBISECT,2,-22.471910112359552,1,89
essentials-Essentials.csv,BATCHBISECT,4,-40.449438202247194,2,89
essentials-Essentials.csv,BATCHBISECT,8,-52.808988764044955,4,89
essentials-Essentials.csv,BATCHBISECT,16,-57.303370786516865,8,89
essentials-Essentials.csv,BATCHSTOP4,4,-11.235955056179776,2,89
essentials-Essentials.csv,BATCHSTOP4,8,-23.595505617977523,4,89
essentials-Essentials.csv,BATCHSTOP4,16,-26.966292134831463,8,89
essentials-Essentials.csv,BATCHDIVIDE4,4,-11.235955056179776,2,89
essentials-Essentials.csv,BATCHDIVIDE4,8,-23.595505617977523,4,89
essentials-Essentials.csv,BATCHDIVIDE4,16,-29.213483146067404,8,89
mybatis-mybatis-3.csv,BATCHBISECT,2,40.306834030683405,1,2151
mybatis-mybatis-3.csv,BATCHBISECT,4,58.99581589958159,2,2151
mybatis-mybatis-3.csv,BATCHBISECT,8,66.75964667596466,4,2151
mybatis-mybatis-3.csv,BATCHBISECT,16,69.17712691771268,8,2151
mybatis-mybatis-3.csv,BATCHSTOP4,4,62.34309623430963,2,2151
mybatis-mybatis-3.csv,BATCHSTOP4,8,70.1069270106927,4,2151
mybatis-mybatis-3.csv,BATCHSTOP4,16,72.52440725244072,8,2151
mybatis-mybatis-3.csv,BATCHDIVIDE4,4,62.34309623430963,2,2151
mybatis-mybatis-3.csv,BATCHDIVIDE4,8,70.1069270106927,4,2151
mybatis-mybatis-3.csv,BATCHDIVIDE4,16,59.228265922826594,8,2151
naver-pinpoint.csv,BATCHBISECT,2,34.50046685340803,0.5,2142
naver-pinpoint.csv,BATCHBISECT,4,49.112978524743234,2.0,2142
naver-pinpoint.csv,BATCHBISECT,8,54.52847805788982,4.0,2142
naver-pinpoint.csv,BATCHBISECT,16,55.55555555555556,8.0,2142
naver-pinpoint.csv,BATCHSTOP4,4,54.248366013071895,2.0,2142
naver-pinpoint.csv,BATCHSTOP4,8,59.66386554621849,4.0,2142
naver-pinpoint.csv,BATCHSTOP4,16,60.59757236227824,8.0,2142
naver-pinpoint.csv,BATCHDIVIDE4,4,54.248366013071895,2.0,2142
naver-pinpoint.csv,BATCHDIVIDE4,8,59.66386554621849,4.0,2142
naver-pinpoint.csv,BATCHDIVIDE4,16,48.926237161531276,8.0,2142
FasterXML-jackson-databind.csv,BATCHBISECT,2,18.56314145470772,1,2241
FasterXML-jackson-databind.csv,BATCHBISECT,4,25.256581883087904,2,2241
FasterXML-jackson-databind.csv,BATCHBISECT,8,26.149040606871935,4,2241
FasterXML-jackson-databind.csv,BATCHBISECT,16,25.167336010709505,8,2241
FasterXML-jackson-databind.csv,BATCHSTOP4,4,38.37572512271308,2,2241
FasterXML-jackson-databind.csv,BATCHSTOP4,8,39.2681838464971,4,2241
FasterXML-jackson-databind.csv,BATCHSTOP4,16,38.28647925033467,8,2241
FasterXML-jackson-databind.csv,BATCHDIVIDE4,4,38.37572512271308,2,2241
FasterXML-jackson-databind.csv,BATCHDIVIDE4,8,39.2681838464971,4,2241
FasterXML-jackson-databind.csv,BATCHDIVIDE4,16,29.228023203926824,8,2241
samtools-htsjdk.csv,BATCHBISECT,2,37.56582796957285,1,1709
samtools-htsjdk.csv,BATCHBISECT,4,54.35927442949093,2,1709
samtools-htsjdk.csv,BATCHBISECT,8,60.561732007021654,4,1709
samtools-htsjdk.csv,BATCHBISECT,16,62.0245757753072,8,1709
samtools-htsjdk.csv,BATCHSTOP4,4,58.57226448215331,2,1709
samtools-htsjdk.csv,BATCHSTOP4,8,64.77472205968402,4,1709
samtools-htsjdk.csv,BATCHSTOP4,16,66.35459332943242,8,1709
samtools-htsjdk.csv,BATCHDIVIDE4,4,58.57226448215331,2,1709
samtools-htsjdk.csv,BATCHDIVIDE4,8,64.77472205968402,4,1709
samtools-htsjdk.csv,BATCHDIVIDE4,16,54.476301930953774,8,1709
deeplearning4j-deeplearning4j.csv,BATCHBISECT,2,-41.19565217391303,0.5,1840
deeplearning4j-deeplearning4j.csv,BATCHBISECT,4,-63.260869565217405,1.5,1840
deeplearning4j-deeplearning4j.csv,BATCHBISECT,8,-74.8913043478261,3.5,1840
deeplearning4j-deeplearning4j.csv,BATCHBISECT,16,-80.92391304347825,7.5,1840
deeplearning4j-deeplearning4j.csv,BATCHSTOP4,4,-19.130434782608702,1.5,1840
deeplearning4j-deeplearning4j.csv,BATCHSTOP4,8,-30.760869565217405,3.5,1840
deeplearning4j-deeplearning4j.csv,BATCHSTOP4,16,-36.79347826086956,7.5,1840
deeplearning4j-deeplearning4j.csv,BATCHDIVIDE4,4,-19.130434782608702,1.5,1840
deeplearning4j-deeplearning4j.csv,BATCHDIVIDE4,8,-30.760869565217405,3.5,1840
deeplearning4j-deeplearning4j.csv,BATCHDIVIDE4,16,-42.663043478260875,7.5,1840
open-keychain-open-keychain.csv,BATCHBISECT,2,21.03196859226024,1,1783
open-keychain-open-keychain.csv,BATCHBISECT,4,26.416152551878852,2,1783
open-keychain-open-keychain.csv,BATCHBISECT,8,25.014021312394846,4,1783
open-keychain-open-keychain.csv,BATCHBISECT,16,21.929332585530005,8,1783
open-keychain-open-keychain.csv,BATCHSTOP4,4,35.614133482894005,2,1783
open-keychain-open-keychain.csv,BATCHSTOP4,8,34.09983174425126,4,1783
open-keychain-open-keychain.csv,BATCHSTOP4,16,31.01514301738642,8,1783
open-keychain-open-keychain.csv,BATCHDIVIDE4,4,35.614133482894005,2,1783
open-keychain-open-keychain.csv,BATCHDIVIDE4,8,34.09983174425126,4,1783
open-keychain-open-keychain.csv,BATCHDIVIDE4,16,25.799214806505887,8,1783
yegor256-takes.csv,BATCHBISECT,2,18.46965699208444,1,2653
yegor256-takes.csv,BATCHBISECT,4,24.538258575197887,2,2653
yegor256-takes.csv,BATCHBISECT,8,24.839803995476814,4,2653
yegor256-takes.csv,BATCHBISECT,16,23.407463249151903,8,2653
yegor256-takes.csv,BATCHSTOP4,4,37.127779871843195,2,2653
yegor256-takes.csv,BATCHSTOP4,8,37.42932529212212,4,2653
yegor256-takes.csv,BATCHSTOP4,16,35.996984545797204,8,2653
yegor256-takes.csv,BATCHDIVIDE4,4,37.127779871843195,2,2653
yegor256-takes.csv,BATCHDIVIDE4,8,37.42932529212212,4,2653
yegor256-takes.csv,BATCHDIVIDE4,16,27.666792310591788,8,2653
keycloak-keycloak.csv,BATCHBISECT,2,34.83870967741936,1,2325
keycloak-keycloak.csv,BATCHBISECT,4,46.83870967741935,2,2325
keycloak-keycloak.csv,BATCHBISECT,8,49.03225806451613,4,2325
keycloak-keycloak.csv,BATCHBISECT,16,47.87096774193548,8,2325
keycloak-keycloak.csv,BATCHSTOP4,4,48.98924731182796,2,2325
keycloak-keycloak.csv,BATCHSTOP4,8,51.18279569892473,4,2325
keycloak-keycloak.csv,BATCHSTOP4,16,50.02150537634409,8,2325
keycloak-keycloak.csv,BATCHDIVIDE4,4,48.98924731182796,2,2325
keycloak-keycloak.csv,BATCHDIVIDE4,8,51.18279569892473,4,2325
keycloak-keycloak.csv,BATCHDIVIDE4,16,42.58064516129032,8,2325
rackerlabs-blueflood.csv,BATCHBISECT,2,25.45289855072464,0.5,2208
rackerlabs-blueflood.csv,BATCHBISECT,4,33.423913043478265,1.5,2208
rackerlabs-blueflood.csv,BATCHBISECT,8,33.69565217391305,3.5,2208
rackerlabs-blueflood.csv,BATCHBISECT,16,31.8840579710145,7.5,2208
rackerlabs-blueflood.csv,BATCHSTOP4,4,40.94202898550725,1.5,2208
rackerlabs-blueflood.csv,BATCHSTOP4,8,41.21376811594203,3.5,2208
rackerlabs-blueflood.csv,BATCHSTOP4,16,39.40217391304348,7.5,2208
rackerlabs-blueflood.csv,BATCHDIVIDE4,4,40.94202898550725,1.5,2208
rackerlabs-blueflood.csv,BATCHDIVIDE4,8,41.21376811594203,3.5,2208
rackerlabs-blueflood.csv,BATCHDIVIDE4,16,32.42753623188406,7.5,2208
xetorthio-jedis.csv,BATCHBISECT,2,31.532663316582912,0.5,1592
xetorthio-jedis.csv,BATCHBISECT,4,44.346733668341706,1.5,1592
xetorthio-jedis.csv,BATCHBISECT,8,48.30402010050251,3.5,1592
xetorthio-jedis.csv,BATCHBISECT,16,47.8643216080402,8.0,1592
xetorthio-jedis.csv,BATCHSTOP4,4,50.62814070351759,1.5,1592
xetorthio-jedis.csv,BATCHSTOP4,8,54.585427135678394,3.5,1592
xetorthio-jedis.csv,BATCHSTOP4,16,54.14572864321608,8.0,1592
xetorthio-jedis.csv,BATCHDIVIDE4,4,50.62814070351759,1.5,1592
xetorthio-jedis.csv,BATCHDIVIDE4,8,54.585427135678394,3.5,1592
xetorthio-jedis.csv,BATCHDIVIDE4,16,44.597989949748744,8.0,1592
orbeon-orbeon-forms.csv,BATCHBISECT,2,-4.709871891484553,0.5,2654
orbeon-orbeon-forms.csv,BATCHBISECT,4,-11.379050489826682,2.0,2654
orbeon-orbeon-forms.csv,BATCHBISECT,8,-17.407686510926908,4.0,2654
orbeon-orbeon-forms.csv,BATCHBISECT,16,-21.70308967596081,8.0,2654
orbeon-orbeon-forms.csv,BATCHSTOP4,4,11.642803315749816,2.0,2654
orbeon-orbeon-forms.csv,BATCHSTOP4,8,5.727204220045209,4.0,2654
orbeon-orbeon-forms.csv,BATCHSTOP4,16,1.4318010550113058,8.0,2654
orbeon-orbeon-forms.csv,BATCHDIVIDE4,4,11.642803315749816,2.0,2654
orbeon-orbeon-forms.csv,BATCHDIVIDE4,8,5.727204220045209,4.0,2654
orbeon-orbeon-forms.csv,BATCHDIVIDE4,16,-4.257724189902035,8.0,2654
linkedin-gobblin.csv,BATCHBISECT,2,-5.6386651323360155,0.5,3476
linkedin-gobblin.csv,BATCHBISECT,4,-12.9746835443038,1.5,3476
linkedin-gobblin.csv,BATCHBISECT,8,-19.533947065592642,4.0,3476
linkedin-gobblin.csv,BATCHBISECT,16,-24.165707710011503,8.0,3476
linkedin-gobblin.csv,BATCHSTOP4,4,10.327963176064443,1.5,3476
linkedin-gobblin.csv,BATCHSTOP4,8,3.7686996547756024,4.0,3476
linkedin-gobblin.csv,BATCHSTOP4,16,-0.863060989643273,8.0,3476
linkedin-gobblin.csv,BATCHDIVIDE4,4,10.327963176064443,1.5,3476
linkedin-gobblin.csv,BATCHDIVIDE4,8,3.7686996547756024,4.0,3476
linkedin-gobblin.csv,BATCHDIVIDE4,16,-5.811277330264673,8.0,3476
JabRef-jabref.csv,BATCHBISECT,2,37.42138364779874,0.5,2862
JabRef-jabref.csv,BATCHBISECT,4,52.69042627533194,2.0,2862
JabRef-jabref.csv,BATCHBISECT,8,57.44234800838574,4.0,2862
JabRef-jabref.csv,BATCHBISECT,16,57.9664570230608,8.0,2862
JabRef-jabref.csv,BATCHSTOP4,4,55.55555555555556,2.0,2862
JabRef-jabref.csv,BATCHSTOP4,8,60.30747728860936,4.0,2862
JabRef-jabref.csv,BATCHSTOP4,16,60.83158630328442,8.0,2862
JabRef-jabref.csv,BATCHDIVIDE4,4,55.55555555555556,2.0,2862
JabRef-jabref.csv,BATCHDIVIDE4,8,60.30747728860936,4.0,2862
JabRef-jabref.csv,BATCHDIVIDE4,16,50.69881201956674,8.0,2862
jOOQ-jOOQ.csv,BATCHBISECT,2,23.790205737467403,1,3451
jOOQ-jOOQ.csv,BATCHBISECT,4,33.72935381048971,2,3451
jOOQ-jOOQ.csv,BATCHBISECT,8,36.65604172703564,4,3451
jOOQ-jOOQ.csv,BATCHBISECT,16,36.076499565343376,8,3451
jOOQ-jOOQ.csv,BATCHSTOP4,4,44.856563314981166,2,3451
jOOQ-jOOQ.csv,BATCHSTOP4,8,47.783251231527096,4,3451
jOOQ-jOOQ.csv,BATCHSTOP4,16,47.20370906983483,8,3451
jOOQ-jOOQ.csv,BATCHDIVIDE4,4,44.856563314981166,2,3451
jOOQ-jOOQ.csv,BATCHDIVIDE4,8,47.783251231527096,4,3451
jOOQ-jOOQ.csv,BATCHDIVIDE4,16,37.29353810489713,8,3451
structr-structr.csv,BATCHBISECT,2,-1.0350318471337516,0.5,2512
structr-structr.csv,BATCHBISECT,4,-6.289808917197448,1.5,2512
structr-structr.csv,BATCHBISECT,8,-12.340764331210195,3.5,2512
structr-structr.csv,BATCHBISECT,16,-17.23726114649682,7.5,2512
structr-structr.csv,BATCHSTOP4,4,14.490445859872608,1.5,2512
structr-structr.csv,BATCHSTOP4,8,8.439490445859875,3.5,2512
structr-structr.csv,BATCHSTOP4,16,3.5429936305732497,7.5,2512
structr-structr.csv,BATCHDIVIDE4,4,14.490445859872608,1.5,2512
structr-structr.csv,BATCHDIVIDE4,8,8.439490445859875,3.5,2512
structr-structr.csv,BATCHDIVIDE4,16,-0.6369426751592329,7.5,2512
floragunncom-search-guard.csv,BATCHBISECT,2,40.47097480832421,0.5,3652
floragunncom-search-guard.csv,BATCHBISECT,4,60.70646221248631,1.5,3652
floragunncom-search-guard.csv,BATCHBISECT,8,68.70208105147864,4.0,3652
floragunncom-search-guard.csv,BATCHBISECT,16,71.00219058050384,8.0,3652
floragunncom-search-guard.csv,BATCHSTOP4,4,65.4709748083242,1.5,3652
floragunncom-search-guard.csv,BATCHSTOP4,8,73.46659364731654,4.0,3652
floragunncom-search-guard.csv,BATCHSTOP4,16,75.76670317634174,8.0,3652
floragunncom-search-guard.csv,BATCHDIVIDE4,4,65.4709748083242,1.5,3652
floragunncom-search-guard.csv,BATCHDIVIDE4,8,73.46659364731654,4.0,3652
floragunncom-search-guard.csv,BATCHDIVIDE4,16,63.08871851040526,8.0,3652
SpongePowered-SpongeForge.csv,BATCHBISECT,2,24.002553463134376,1,3133
SpongePowered-SpongeForge.csv,BATCHBISECT,4,32.524736674114266,2,3133
SpongePowered-SpongeForge.csv,BATCHBISECT,8,34.24832428981807,4,3133
SpongePowered-SpongeForge.csv,BATCHBISECT,16,33.03542930098946,8,3133
SpongePowered-SpongeForge.csv,BATCHSTOP4,4,42.03638684966486,2,3133
SpongePowered-SpongeForge.csv,BATCHSTOP4,8,43.75997446536866,4,3133
SpongePowered-SpongeForge.csv,BATCHSTOP4,16,42.547079476540056,8,3133
SpongePowered-SpongeForge.csv,BATCHDIVIDE4,4,42.03638684966486,2,3133
SpongePowered-SpongeForge.csv,BATCHDIVIDE4,8,43.75997446536866,4,3133
SpongePowered-SpongeForge.csv,BATCHDIVIDE4,16,33.80146824130226,8,3133
sakaiproject-sakai.csv,BATCHBISECT,2,36.239136160126414,1,3797
sakaiproject-sakai.csv,BATCHBISECT,4,49.74980247563866,2,3797
sakaiproject-sakai.csv,BATCHBISECT,8,53.305240979720836,4,3797
sakaiproject-sakai.csv,BATCHBISECT,16,52.962865420068475,8,3797
sakaiproject-sakai.csv,BATCHSTOP4,4,52.014748485646564,2,3797
sakaiproject-sakai.csv,BATCHSTOP4,8,55.57018698972873,4,3797
sakaiproject-sakai.csv,BATCHSTOP4,16,55.22781143007638,8,3797
sakaiproject-sakai.csv,BATCHDIVIDE4,4,52.014748485646564,2,3797
sakaiproject-sakai.csv,BATCHDIVIDE4,8,55.57018698972873,4,3797
sakaiproject-sakai.csv,BATCHDIVIDE4,16,46.29971029760337,8,3797
dreamhead-moco.csv,BATCHBISECT,2,12.751981879954698,1,4415
dreamhead-moco.csv,BATCHBISECT,4,16.375990939977356,2,4415
dreamhead-moco.csv,BATCHBISECT,8,16.104190260475647,4,4415
dreamhead-moco.csv,BATCHBISECT,16,14.65458663646659,8,4415
dreamhead-moco.csv,BATCHSTOP4,4,32.276330690826725,2,4415
dreamhead-moco.csv,BATCHSTOP4,8,32.00453001132503,4,4415
dreamhead-moco.csv,BATCHSTOP4,16,30.554926387315973,8,4415
dreamhead-moco.csv,BATCHDIVIDE4,4,32.276330690826725,2,4415
dreamhead-moco.csv,BATCHDIVIDE4,8,32.00453001132503,4,4415
dreamhead-moco.csv,BATCHDIVIDE4,16,21.585503963759905,8,4415
nutzam-nutz.csv,BATCHBISECT,2,-0.3946502959877165,1,4561
nutzam-nutz.csv,BATCHBISECT,4,-3.420302565226919,2,4561
nutzam-nutz.csv,BATCHBISECT,8,-7.673755755316819,4,4561
nutzam-nutz.csv,BATCHBISECT,16,-11.422933567200175,8,4561
nutzam-nutz.csv,BATCHSTOP4,4,18.943214207410662,2,4561
nutzam-nutz.csv,BATCHSTOP4,8,14.689761017320762,4,4561
nutzam-nutz.csv,BATCHSTOP4,16,10.940583205437406,8,4561
nutzam-nutz.csv,BATCHDIVIDE4,4,18.943214207410662,2,4561
nutzam-nutz.csv,BATCHDIVIDE4,8,14.689761017320762,4,4561
nutzam-nutz.csv,BATCHDIVIDE4,16,4.93312869984652,8,4561
CloudSlang-cloud-slang.csv,BATCHBISECT,2,22.591055786076538,1,2169
CloudSlang-cloud-slang.csv,BATCHBISECT,4,30.059935454126332,2,2169
CloudSlang-cloud-slang.csv,BATCHBISECT,8,30.382664822498853,4,2169
CloudSlang-cloud-slang.csv,BATCHBISECT,16,28.446288612263714,8,2169
CloudSlang-cloud-slang.csv,BATCHSTOP4,4,39.92623328722914,2,2169
CloudSlang-cloud-slang.csv,BATCHSTOP4,8,40.24896265560166,4,2169
CloudSlang-cloud-slang.csv,BATCHSTOP4,16,38.31258644536653,8,2169
CloudSlang-cloud-slang.csv,BATCHDIVIDE4,4,39.92623328722914,2,2169
CloudSlang-cloud-slang.csv,BATCHDIVIDE4,8,40.24896265560166,4,2169
CloudSlang-cloud-slang.csv,BATCHDIVIDE4,16,31.258644536652838,8,2169
geotools-geotools.csv,BATCHBISECT,2,-0.11655011655011549,0.5,4290
geotools-geotools.csv,BATCHBISECT,4,-1.8414918414918446,2.0,4290
geotools-geotools.csv,BATCHBISECT,8,-4.312354312354316,4.0,4290
geotools-geotools.csv,BATCHBISECT,16,-6.596736596736591,8.0,4290
geotools-geotools.csv,BATCHSTOP4,4,21.561771561771565,2.0,4290
geotools-geotools.csv,BATCHSTOP4,8,19.090909090909093,4.0,4290
geotools-geotools.csv,BATCHSTOP4,16,16.806526806526804,8.0,4290
geotools-geotools.csv,BATCHDIVIDE4,4,21.561771561771565,2.0,4290
geotools-geotools.csv,BATCHDIVIDE4,8,19.090909090909093,4.0,4290
geotools-geotools.csv,BATCHDIVIDE4,16,8.205128205128204,8.0,4290
CloudifySource-cloudify.csv,BATCHBISECT,2,20.43512043512044,0.5,5148
CloudifySource-cloudify.csv,BATCHBISECT,4,25.893550893550895,1.5,5148
CloudifySource-cloudify.csv,BATCHBISECT,8,25.13597513597513,4.0,5148
CloudifySource-cloudify.csv,BATCHBISECT,16,22.45532245532246,8.0,5148
CloudifySource-cloudify.csv,BATCHSTOP4,4,35.91686091686091,1.5,5148
CloudifySource-cloudify.csv,BATCHSTOP4,8,35.15928515928516,4.0,5148
CloudifySource-cloudify.csv,BATCHSTOP4,16,32.55633255633256,8.0,5148
CloudifySource-cloudify.csv,BATCHDIVIDE4,4,35.91686091686091,1.5,5148
CloudifySource-cloudify.csv,BATCHDIVIDE4,8,35.15928515928516,4.0,5148
CloudifySource-cloudify.csv,BATCHDIVIDE4,16,26.204351204351198,8.0,5148
SpongePowered-SpongeCommon.csv,BATCHBISECT,2,27.8600269179004,1,3715
SpongePowered-SpongeCommon.csv,BATCHBISECT,4,39.623149394347244,2,3715
SpongePowered-SpongeCommon.csv,BATCHBISECT,8,42.58411843876178,4,3715
SpongePowered-SpongeCommon.csv,BATCHBISECT,16,41.83041722745626,8,3715
SpongePowered-SpongeCommon.csv,BATCHSTOP4,4,48.50605652759085,2,3715
SpongePowered-SpongeCommon.csv,BATCHSTOP4,8,51.46702557200538,4,3715
SpongePowered-SpongeCommon.csv,BATCHSTOP4,16,50.713324360699865,8,3715
SpongePowered-SpongeCommon.csv,BATCHDIVIDE4,4,48.50605652759085,2,3715
SpongePowered-SpongeCommon.csv,BATCHDIVIDE4,8,51.46702557200538,4,3715
SpongePowered-SpongeCommon.csv,BATCHDIVIDE4,16,41.88425302826379,8,3715
apache-zeppelin.csv,BATCHBISECT,2,-9.061348363321045,1,4613
apache-zeppelin.csv,BATCHBISECT,4,-16.88705831346195,2,4613
apache-zeppelin.csv,BATCHBISECT,8,-23.151961846954265,4,4613
apache-zeppelin.csv,BATCHBISECT,16,-27.6176024279211,8,4613
apache-zeppelin.csv,BATCHSTOP4,4,9.343160632993715,2,4613
apache-zeppelin.csv,BATCHSTOP4,8,3.078257099501414,4,4613
apache-zeppelin.csv,BATCHSTOP4,16,-1.3873834814654202,8,4613
apache-zeppelin.csv,BATCHDIVIDE4,4,9.343160632993715,2,4613
apache-zeppelin.csv,BATCHDIVIDE4,8,3.078257099501414,4,4613
apache-zeppelin.csv,BATCHDIVIDE4,16,-7.045306741816603,8,4613
typetools-checker-framework.csv,BATCHBISECT,2,11.239886289088119,1,4573
typetools-checker-framework.csv,BATCHBISECT,4,13.929586704570298,2,4573
typetools-checker-framework.csv,BATCHBISECT,8,13.448502077410893,4,4573
typetools-checker-framework.csv,BATCHBISECT,16,11.699103433194836,8,4573
typetools-checker-framework.csv,BATCHSTOP4,4,30.373933960201185,2,4573
typetools-checker-framework.csv,BATCHSTOP4,8,29.892849333041767,4,4573
typetools-checker-framework.csv,BATCHSTOP4,16,28.143450688825723,8,4573
typetools-checker-framework.csv,BATCHDIVIDE4,4,30.373933960201185,2,4573
typetools-checker-framework.csv,BATCHDIVIDE4,8,29.892849333041767,4,4573
typetools-checker-framework.csv,BATCHDIVIDE4,16,19.22151760332386,8,4573
geoserver-geoserver.csv,BATCHBISECT,2,-6.870229007633583,1,5371
geoserver-geoserver.csv,BATCHBISECT,4,-15.304412586110587,2,5371
geoserver-geoserver.csv,BATCHBISECT,8,-21.913982498603616,4,5371
geoserver-geoserver.csv,BATCHBISECT,16,-26.45689815676782,8,5371
geoserver-geoserver.csv,BATCHSTOP4,4,8.117668962949168,2,5371
geoserver-geoserver.csv,BATCHSTOP4,8,1.5080990504561527,4,5371
geoserver-geoserver.csv,BATCHSTOP4,16,-2.9975795941165586,8,5371
geoserver-geoserver.csv,BATCHDIVIDE4,4,8.117668962949168,2,5371
geoserver-geoserver.csv,BATCHDIVIDE4,8,1.5080990504561527,4,5371
geoserver-geoserver.csv,BATCHDIVIDE4,16,-8.638987153230318,8,5371
ngageoint-geowave.csv,BATCHBISECT,2,31.526925698704844,0.5,2934
ngageoint-geowave.csv,BATCHBISECT,4,43.69461486025903,2.0,2934
ngageoint-geowave.csv,BATCHBISECT,8,47.61417859577369,4.0,2934
ngageoint-geowave.csv,BATCHBISECT,16,48.19359236537151,8.0,2934
ngageoint-geowave.csv,BATCHSTOP4,4,49.35241990456714,2.0,2934
ngageoint-geowave.csv,BATCHSTOP4,8,53.2719836400818,4.0,2934
ngageoint-geowave.csv,BATCHSTOP4,16,53.85139740967962,8.0,2934
ngageoint-geowave.csv,BATCHDIVIDE4,4,49.35241990456714,2.0,2934
ngageoint-geowave.csv,BATCHDIVIDE4,8,53.2719836400818,4.0,2934
ngageoint-geowave.csv,BATCHDIVIDE4,16,42.978868438991135,8.0,2934
sparklemotion-nokogiri.csv,BATCHBISECT,2,13.162862536468168,1,5827
sparklemotion-nokogiri.csv,BATCHBISECT,4,18.740346662090275,2,5827
sparklemotion-nokogiri.csv,BATCHBISECT,8,20.73107945769692,4,5827
sparklemotion-nokogiri.csv,BATCHBISECT,16,21.280247125450487,8,5827
sparklemotion-nokogiri.csv,BATCHSTOP4,4,36.176420113265834,2,5827
sparklemotion-nokogiri.csv,BATCHSTOP4,8,38.16715290887249,4,5827
sparklemotion-nokogiri.csv,BATCHSTOP4,16,38.71632057662605,8,5827
sparklemotion-nokogiri.csv,BATCHDIVIDE4,4,36.176420113265834,2,5827
sparklemotion-nokogiri.csv,BATCHDIVIDE4,8,38.16715290887249,4,5827
sparklemotion-nokogiri.csv,BATCHDIVIDE4,16,26.480178479492025,8,5827
Graylog2-graylog2-server.csv,BATCHBISECT,2,41.94673430564363,0.5,3154
Graylog2-graylog2-server.csv,BATCHBISECT,4,59.89220038046925,2.0,3154
Graylog2-graylog2-server.csv,BATCHBISECT,8,66.36017755231452,4.0,3154
Graylog2-graylog2-server.csv,BATCHBISECT,16,67.53329105897274,8.0,3154
Graylog2-graylog2-server.csv,BATCHSTOP4,4,60.90678503487635,2.0,3154
Graylog2-graylog2-server.csv,BATCHSTOP4,8,67.37476220672161,4.0,3154
Graylog2-graylog2-server.csv,BATCHSTOP4,16,68.54787571337984,8.0,3154
Graylog2-graylog2-server.csv,BATCHDIVIDE4,4,60.90678503487635,2.0,3154
Graylog2-graylog2-server.csv,BATCHDIVIDE4,8,67.37476220672161,4.0,3154
Graylog2-graylog2-server.csv,BATCHDIVIDE4,16,57.38744451490171,8.0,3154
cloudfoundry-uaa.csv,BATCHBISECT,2,40.90909090909091,0.5,286
cloudfoundry-uaa.csv,BATCHBISECT,4,58.04195804195804,2.0,286
cloudfoundry-uaa.csv,BATCHBISECT,8,65.73426573426573,4.0,286
cloudfoundry-uaa.csv,BATCHBISECT,16,68.53146853146853,8.0,286
cloudfoundry-uaa.csv,BATCHSTOP4,4,59.44055944055944,2.0,286
cloudfoundry-uaa.csv,BATCHSTOP4,8,67.13286713286713,4.0,286
cloudfoundry-uaa.csv,BATCHSTOP4,16,69.93006993006993,8.0,286
cloudfoundry-uaa.csv,BATCHDIVIDE4,4,59.44055944055944,2.0,286
cloudfoundry-uaa.csv,BATCHDIVIDE4,8,67.13286713286713,4.0,286
cloudfoundry-uaa.csv,BATCHDIVIDE4,16,55.59440559440559,8.0,286
apache-jackrabbit-oak.csv,BATCHBISECT,2,-7.225738396624479,0.5,7584
apache-jackrabbit-oak.csv,BATCHBISECT,4,-16.904008438818565,1.5,7584
apache-jackrabbit-oak.csv,BATCHBISECT,8,-24.841772151898738,3.5,7584
apache-jackrabbit-oak.csv,BATCHBISECT,16,-30.142405063291136,7.5,7584
apache-jackrabbit-oak.csv,BATCHSTOP4,4,5.643459915611814,1.5,7584
apache-jackrabbit-oak.csv,BATCHSTOP4,8,-2.294303797468359,3.5,7584
apache-jackrabbit-oak.csv,BATCHSTOP4,16,-7.594936708860757,7.5,7584
apache-jackrabbit-oak.csv,BATCHDIVIDE4,4,5.643459915611814,1.5,7584
apache-jackrabbit-oak.csv,BATCHDIVIDE4,8,-2.294303797468359,3.5,7584
apache-jackrabbit-oak.csv,BATCHDIVIDE4,16,-11.695675105485236,7.5,7584
apache-pdfbox.csv,BATCHBISECT,2,-10.280373831775705,0.5,8988
apache-pdfbox.csv,BATCHBISECT,4,-20.68313306631063,1.5,8988
apache-pdfbox.csv,BATCHBISECT,8,-28.237650200267012,4.0,8988
apache-pdfbox.csv,BATCHBISECT,16,-32.86604361370718,8.0,8988
apache-pdfbox.csv,BATCHSTOP4,4,4.194481530930133,1.5,8988
apache-pdfbox.csv,BATCHSTOP4,8,-3.3600356030262617,4.0,8988
apache-pdfbox.csv,BATCHSTOP4,16,-7.988429016466398,8.0,8988
apache-pdfbox.csv,BATCHDIVIDE4,4,4.194481530930133,1.5,8988
apache-pdfbox.csv,BATCHDIVIDE4,8,-3.3600356030262617,4.0,8988
apache-pdfbox.csv,BATCHDIVIDE4,16,-13.518024032042717,8.0,8988
apache-sling.csv,BATCHBISECT,2,-48.43312814773364,0.5,14296
apache-sling.csv,BATCHBISECT,4,-72.81757134862897,1.5,14296
apache-sling.csv,BATCHBISECT,8,-85.10772243984331,3.5,14296
apache-sling.csv,BATCHBISECT,16,-91.28427532176832,8.0,14296
apache-sling.csv,BATCHSTOP4,4,-23.76888640179071,1.5,14296
apache-sling.csv,BATCHSTOP4,8,-36.059037493005036,3.5,14296
apache-sling.csv,BATCHSTOP4,16,-42.23559037493004,8.0,14296
apache-sling.csv,BATCHDIVIDE4,4,-23.76888640179071,1.5,14296
apache-sling.csv,BATCHDIVIDE4,8,-36.059037493005036,3.5,14296
apache-sling.csv,BATCHDIVIDE4,16,-48.454113038612206,8.0,14296
SonarSource-sonar-java.csv,BATCHBISECT,2,25.961931214770033,1,12241
SonarSource-sonar-java.csv,BATCHBISECT,4,36.974103422922965,2,12241
SonarSource-sonar-java.csv,BATCHBISECT,8,40.045747896413694,4,12241
SonarSource-sonar-java.csv,BATCHBISECT,16,40.3153337145658,8,12241
SonarSource-sonar-java.csv,BATCHSTOP4,4,47.02230209950167,2,12241
SonarSource-sonar-java.csv,BATCHSTOP4,8,50.0939465729924,4,12241
SonarSource-sonar-java.csv,BATCHSTOP4,16,50.36353239114452,8,12241
SonarSource-sonar-java.csv,BATCHDIVIDE4,4,47.02230209950167,2,12241
SonarSource-sonar-java.csv,BATCHDIVIDE4,8,50.0939465729924,4,12241
SonarSource-sonar-java.csv,BATCHDIVIDE4,16,40.02940936198023,8,12241
killbill-killbill.csv,BATCHBISECT,2,-0.4219409282700468,1,6399
killbill-killbill.csv,BATCHBISECT,4,-2.1409595249257762,2,6399
killbill-killbill.csv,BATCHBISECT,8,-4.016252539459288,4,6399
killbill-killbill.csv,BATCHBISECT,16,-6.1415846225972786,8,6399
killbill-killbill.csv,BATCHSTOP4,4,21.581497108923273,2,6399
killbill-killbill.csv,BATCHSTOP4,8,19.706204094389747,4,6399
killbill-killbill.csv,BATCHSTOP4,16,17.580872011251756,8,6399
killbill-killbill.csv,BATCHDIVIDE4,4,21.581497108923273,2,6399
killbill-killbill.csv,BATCHDIVIDE4,8,19.706204094389747,4,6399
killbill-killbill.csv,BATCHDIVIDE4,16,8.220034380371928,8,6399
checkstyle-checkstyle.csv,BATCHBISECT,2,39.327813790300155,1,46743
checkstyle-checkstyle.csv,BATCHBISECT,4,58.701837708319964,2,46743
checkstyle-checkstyle.csv,BATCHBISECT,8,68.0957576535524,4,46743
checkstyle-checkstyle.csv,BATCHBISECT,16,72.48785914468476,8,46743
checkstyle-checkstyle.csv,BATCHSTOP4,4,63.74644331771602,2,46743
checkstyle-checkstyle.csv,BATCHSTOP4,8,73.14036326294845,4,46743
checkstyle-checkstyle.csv,BATCHSTOP4,16,77.53246475408082,8,46743
checkstyle-checkstyle.csv,BATCHDIVIDE4,4,63.74644331771602,2,46743
checkstyle-checkstyle.csv,BATCHDIVIDE4,8,73.14036326294845,4,46743
checkstyle-checkstyle.csv,BATCHDIVIDE4,16,60.935327214770126,8,46743
