,project,algorithm,ci_skip,batch_size,method,update_method,factor,num_of_builds,builds_saved,testall_size
0,junit-team-junit5.csv,BATCHBISECT,0,-1,new_dynamic,stagger_mfu,2,562,66.86320754716982,1696
1,junit-team-junit5.csv,BATCHBISECT,0,-1,new_dynamic,stagger_mfu,3,580,65.80188679245283,1696
2,junit-team-junit5.csv,BATCHSTOP4,0,-1,new_dynamic,stagger_mfu,2,531,68.69103773584905,1696
3,junit-team-junit5.csv,BATCHSTOP4,0,-1,new_dynamic,stagger_mfu,3,533,68.57311320754717,1696
4,junit-team-junit5.csv,BATCHDIVIDE4,0,-1,new_dynamic,stagger_mfu,2,710,58.136792452830186,1696
5,junit-team-junit5.csv,BATCHDIVIDE4,0,-1,new_dynamic,stagger_mfu,3,706,58.37264150943396,1696
6,junit-team-junit5.csv,BATCHBISECT,1,-1,new_dynamic,stagger_mfu,2,534,64.61232604373757,1509
7,junit-team-junit5.csv,BATCHBISECT,1,-1,new_dynamic,stagger_mfu,3,533,64.67859509609013,1509
8,junit-team-junit5.csv,BATCHSTOP4,1,-1,new_dynamic,stagger_mfu,2,498,66.99801192842942,1509
9,junit-team-junit5.csv,BATCHSTOP4,1,-1,new_dynamic,stagger_mfu,3,497,67.06428098078197,1509
10,junit-team-junit5.csv,BATCHDIVIDE4,1,-1,new_dynamic,stagger_mfu,2,647,57.12392312789927,1509
11,junit-team-junit5.csv,BATCHDIVIDE4,1,-1,new_dynamic,stagger_mfu,3,655,56.59377070907886,1509
12,ratpack-ratpack.csv,BATCHBISECT,0,-1,new_dynamic,stagger_mfu,2,1783,4.957356076759055,1876
13,ratpack-ratpack.csv,BATCHBISECT,0,-1,new_dynamic,stagger_mfu,3,1885,-0.47974413646055325,1876
14,ratpack-ratpack.csv,BATCHSTOP4,0,-1,new_dynamic,stagger_mfu,2,1604,14.498933901918974,1876
15,ratpack-ratpack.csv,BATCHSTOP4,0,-1,new_dynamic,stagger_mfu,3,1624,13.43283582089552,1876
16,ratpack-ratpack.csv,BATCHDIVIDE4,0,-1,new_dynamic,stagger_mfu,2,1616,13.859275053304899,1876
17,ratpack-ratpack.csv,BATCHDIVIDE4,0,-1,new_dynamic,stagger_mfu,3,1636,12.793176972281444,1876
18,ratpack-ratpack.csv,BATCHBISECT,1,-1,new_dynamic,stagger_mfu,2,1620,2.173913043478265,1656
19,ratpack-ratpack.csv,BATCHBISECT,1,-1,new_dynamic,stagger_mfu,3,1655,0.06038647342995773,1656
20,ratpack-ratpack.csv,BATCHSTOP4,1,-1,new_dynamic,stagger_mfu,2,1437,13.224637681159422,1656
21,ratpack-ratpack.csv,BATCHSTOP4,1,-1,new_dynamic,stagger_mfu,3,1428,13.768115942028984,1656
22,ratpack-ratpack.csv,BATCHDIVIDE4,1,-1,new_dynamic,stagger_mfu,2,1446,12.681159420289859,1656
23,ratpack-ratpack.csv,BATCHDIVIDE4,1,-1,new_dynamic,stagger_mfu,3,1438,13.164251207729464,1656
24,p6spy-p6spy.csv,BATCHBISECT,0,-1,new_dynamic,stagger_mfu,2,1074,16.614906832298132,1288
25,p6spy-p6spy.csv,BATCHBISECT,0,-1,new_dynamic,stagger_mfu,3,1110,13.81987577639751,1288
26,p6spy-p6spy.csv,BATCHSTOP4,0,-1,new_dynamic,stagger_mfu,2,939,27.09627329192547,1288
27,p6spy-p6spy.csv,BATCHSTOP4,0,-1,new_dynamic,stagger_mfu,3,932,27.639751552795033,1288
28,p6spy-p6spy.csv,BATCHDIVIDE4,0,-1,new_dynamic,stagger_mfu,2,987,23.369565217391298,1288
29,p6spy-p6spy.csv,BATCHDIVIDE4,0,-1,new_dynamic,stagger_mfu,3,975,24.301242236024848,1288
30,p6spy-p6spy.csv,BATCHBISECT,1,-1,new_dynamic,stagger_mfu,2,784,14.41048034934498,916
31,p6spy-p6spy.csv,BATCHBISECT,1,-1,new_dynamic,stagger_mfu,3,802,12.445414847161572,916
32,p6spy-p6spy.csv,BATCHSTOP4,1,-1,new_dynamic,stagger_mfu,2,690,24.672489082969435,916
33,p6spy-p6spy.csv,BATCHSTOP4,1,-1,new_dynamic,stagger_mfu,3,661,27.838427947598248,916
34,p6spy-p6spy.csv,BATCHDIVIDE4,1,-1,new_dynamic,stagger_mfu,2,724,20.96069868995633,916
35,p6spy-p6spy.csv,BATCHDIVIDE4,1,-1,new_dynamic,stagger_mfu,3,699,23.689956331877724,916
36,apache-tajo.csv,BATCHBISECT,0,-1,new_dynamic,stagger_mfu,2,956,25.71872571872572,1287
37,apache-tajo.csv,BATCHBISECT,0,-1,new_dynamic,stagger_mfu,3,945,26.573426573426573,1287
38,apache-tajo.csv,BATCHSTOP4,0,-1,new_dynamic,stagger_mfu,2,829,35.58663558663558,1287
39,apache-tajo.csv,BATCHSTOP4,0,-1,new_dynamic,stagger_mfu,3,789,38.6946386946387,1287
40,apache-tajo.csv,BATCHDIVIDE4,0,-1,new_dynamic,stagger_mfu,2,888,31.002331002331005,1287
41,apache-tajo.csv,BATCHDIVIDE4,0,-1,new_dynamic,stagger_mfu,3,862,33.022533022533025,1287
42,apache-tajo.csv,BATCHBISECT,1,-1,new_dynamic,stagger_mfu,2,955,25.680933852140072,1285
43,apache-tajo.csv,BATCHBISECT,1,-1,new_dynamic,stagger_mfu,3,943,26.614785992217904,1285
44,apache-tajo.csv,BATCHSTOP4,1,-1,new_dynamic,stagger_mfu,2,816,36.49805447470817,1285
45,apache-tajo.csv,BATCHSTOP4,1,-1,new_dynamic,stagger_mfu,3,779,39.37743190661479,1285
46,apache-tajo.csv,BATCHDIVIDE4,1,-1,new_dynamic,stagger_mfu,2,880,31.51750972762646,1285
47,apache-tajo.csv,BATCHDIVIDE4,1,-1,new_dynamic,stagger_mfu,3,849,33.92996108949416,1285
48,osmdroid-osmdroid.csv,BATCHBISECT,0,-1,new_dynamic,stagger_mfu,2,973,8.55263157894737,1064
49,osmdroid-osmdroid.csv,BATCHBISECT,0,-1,new_dynamic,stagger_mfu,3,963,9.492481203007515,1064
50,osmdroid-osmdroid.csv,BATCHSTOP4,0,-1,new_dynamic,stagger_mfu,2,870,18.233082706766922,1064
51,osmdroid-osmdroid.csv,BATCHSTOP4,0,-1,new_dynamic,stagger_mfu,3,861,19.078947368421055,1064
52,osmdroid-osmdroid.csv,BATCHDIVIDE4,0,-1,new_dynamic,stagger_mfu,2,887,16.635338345864668,1064
53,osmdroid-osmdroid.csv,BATCHDIVIDE4,0,-1,new_dynamic,stagger_mfu,3,894,15.977443609022558,1064
54,osmdroid-osmdroid.csv,BATCHBISECT,1,-1,new_dynamic,stagger_mfu,2,878,7.6761303890641415,951
55,osmdroid-osmdroid.csv,BATCHBISECT,1,-1,new_dynamic,stagger_mfu,3,868,8.727655099894847,951
56,osmdroid-osmdroid.csv,BATCHSTOP4,1,-1,new_dynamic,stagger_mfu,2,773,18.717139852786545,951
57,osmdroid-osmdroid.csv,BATCHSTOP4,1,-1,new_dynamic,stagger_mfu,3,772,18.822292323869604,951
58,osmdroid-osmdroid.csv,BATCHDIVIDE4,1,-1,new_dynamic,stagger_mfu,2,789,17.034700315457414,951
59,osmdroid-osmdroid.csv,BATCHDIVIDE4,1,-1,new_dynamic,stagger_mfu,3,797,16.193480546792856,951
60,DSpace-DSpace.csv,BATCHBISECT,0,-1,new_dynamic,stagger_mfu,2,572,63.70558375634518,1576
61,DSpace-DSpace.csv,BATCHBISECT,0,-1,new_dynamic,stagger_mfu,3,571,63.76903553299493,1576
62,DSpace-DSpace.csv,BATCHSTOP4,0,-1,new_dynamic,stagger_mfu,2,540,65.73604060913706,1576
63,DSpace-DSpace.csv,BATCHSTOP4,0,-1,new_dynamic,stagger_mfu,3,534,66.11675126903553,1576
64,DSpace-DSpace.csv,BATCHDIVIDE4,0,-1,new_dynamic,stagger_mfu,2,696,55.83756345177665,1576
65,DSpace-DSpace.csv,BATCHDIVIDE4,0,-1,new_dynamic,stagger_mfu,3,702,55.45685279187817,1576
66,DSpace-DSpace.csv,BATCHBISECT,1,-1,new_dynamic,stagger_mfu,2,573,62.52452583387835,1529
67,DSpace-DSpace.csv,BATCHBISECT,1,-1,new_dynamic,stagger_mfu,3,557,63.57096141268803,1529
68,DSpace-DSpace.csv,BATCHSTOP4,1,-1,new_dynamic,stagger_mfu,2,543,64.4865925441465,1529
69,DSpace-DSpace.csv,BATCHSTOP4,1,-1,new_dynamic,stagger_mfu,3,519,66.05624591236102,1529
70,DSpace-DSpace.csv,BATCHDIVIDE4,1,-1,new_dynamic,stagger_mfu,2,703,54.02223675604971,1529
71,DSpace-DSpace.csv,BATCHDIVIDE4,1,-1,new_dynamic,stagger_mfu,3,676,55.78809679529104,1529
72,apache-nifi.csv,BATCHBISECT,0,-1,new_dynamic,stagger_mfu,2,1014,20.22029897718332,1271
73,apache-nifi.csv,BATCHBISECT,0,-1,new_dynamic,stagger_mfu,3,1017,19.98426435877262,1271
74,apache-nifi.csv,BATCHSTOP4,0,-1,new_dynamic,stagger_mfu,2,887,30.212431156569636,1271
75,apache-nifi.csv,BATCHSTOP4,0,-1,new_dynamic,stagger_mfu,3,876,31.07789142407553,1271
76,apache-nifi.csv,BATCHDIVIDE4,0,-1,new_dynamic,stagger_mfu,2,935,26.435877261998428,1271
77,apache-nifi.csv,BATCHDIVIDE4,0,-1,new_dynamic,stagger_mfu,3,923,27.380015735641223,1271
78,apache-nifi.csv,BATCHBISECT,1,-1,new_dynamic,stagger_mfu,2,945,20.32040472175379,1186
79,apache-nifi.csv,BATCHBISECT,1,-1,new_dynamic,stagger_mfu,3,946,20.236087689713315,1186
80,apache-nifi.csv,BATCHSTOP4,1,-1,new_dynamic,stagger_mfu,2,834,29.67959527824621,1186
81,apache-nifi.csv,BATCHSTOP4,1,-1,new_dynamic,stagger_mfu,3,819,30.94435075885329,1186
82,apache-nifi.csv,BATCHDIVIDE4,1,-1,new_dynamic,stagger_mfu,2,884,25.46374367622259,1186
83,apache-nifi.csv,BATCHDIVIDE4,1,-1,new_dynamic,stagger_mfu,3,875,26.22259696458684,1186
84,caelum-vraptor4.csv,BATCHBISECT,0,-1,new_dynamic,stagger_mfu,2,808,43.417366946778714,1428
85,caelum-vraptor4.csv,BATCHBISECT,0,-1,new_dynamic,stagger_mfu,3,813,43.0672268907563,1428
86,caelum-vraptor4.csv,BATCHSTOP4,0,-1,new_dynamic,stagger_mfu,2,746,47.75910364145658,1428
87,caelum-vraptor4.csv,BATCHSTOP4,0,-1,new_dynamic,stagger_mfu,3,736,48.4593837535014,1428
88,caelum-vraptor4.csv,BATCHDIVIDE4,0,-1,new_dynamic,stagger_mfu,2,828,42.016806722689076,1428
89,caelum-vraptor4.csv,BATCHDIVIDE4,0,-1,new_dynamic,stagger_mfu,3,822,42.436974789915965,1428
90,caelum-vraptor4.csv,BATCHBISECT,1,-1,new_dynamic,stagger_mfu,2,546,42.28329809725159,946
91,caelum-vraptor4.csv,BATCHBISECT,1,-1,new_dynamic,stagger_mfu,3,549,41.9661733615222,946
92,caelum-vraptor4.csv,BATCHSTOP4,1,-1,new_dynamic,stagger_mfu,2,487,48.520084566596196,946
93,caelum-vraptor4.csv,BATCHSTOP4,1,-1,new_dynamic,stagger_mfu,3,500,47.145877378435515,946
94,caelum-vraptor4.csv,BATCHDIVIDE4,1,-1,new_dynamic,stagger_mfu,2,542,42.706131078224104,946
95,caelum-vraptor4.csv,BATCHDIVIDE4,1,-1,new_dynamic,stagger_mfu,3,554,41.43763213530655,946
96,grails-grails-core.csv,BATCHBISECT,0,-1,new_dynamic,stagger_mfu,2,1012,4.7080979284369135,1062
97,grails-grails-core.csv,BATCHBISECT,0,-1,new_dynamic,stagger_mfu,3,1039,2.165725047080983,1062
98,grails-grails-core.csv,BATCHSTOP4,0,-1,new_dynamic,stagger_mfu,2,875,17.60828625235405,1062
99,grails-grails-core.csv,BATCHSTOP4,0,-1,new_dynamic,stagger_mfu,3,854,19.58568738229755,1062
100,grails-grails-core.csv,BATCHDIVIDE4,0,-1,new_dynamic,stagger_mfu,2,883,16.85499058380414,1062
101,grails-grails-core.csv,BATCHDIVIDE4,0,-1,new_dynamic,stagger_mfu,3,878,17.325800376647834,1062
102,grails-grails-core.csv,BATCHBISECT,1,-1,new_dynamic,stagger_mfu,2,972,3.379721669980114,1006
103,grails-grails-core.csv,BATCHBISECT,1,-1,new_dynamic,stagger_mfu,3,1028,-2.1868787276341948,1006
104,grails-grails-core.csv,BATCHSTOP4,1,-1,new_dynamic,stagger_mfu,2,852,15.308151093439363,1006
105,grails-grails-core.csv,BATCHSTOP4,1,-1,new_dynamic,stagger_mfu,3,832,17.2962226640159,1006
106,grails-grails-core.csv,BATCHDIVIDE4,1,-1,new_dynamic,stagger_mfu,2,860,14.512922465208746,1006
107,grails-grails-core.csv,BATCHDIVIDE4,1,-1,new_dynamic,stagger_mfu,3,842,16.30218687872764,1006
108,square-wire.csv,BATCHBISECT,0,-1,new_dynamic,stagger_mfu,2,330,70.58823529411765,1122
109,square-wire.csv,BATCHBISECT,0,-1,new_dynamic,stagger_mfu,3,337,69.96434937611409,1122
110,square-wire.csv,BATCHSTOP4,0,-1,new_dynamic,stagger_mfu,2,311,72.28163992869875,1122
111,square-wire.csv,BATCHSTOP4,0,-1,new_dynamic,stagger_mfu,3,314,72.01426024955437,1122
112,square-wire.csv,BATCHDIVIDE4,0,-1,new_dynamic,stagger_mfu,2,442,60.60606060606061,1122
113,square-wire.csv,BATCHDIVIDE4,0,-1,new_dynamic,stagger_mfu,3,451,59.80392156862745,1122
114,square-wire.csv,BATCHBISECT,1,-1,new_dynamic,stagger_mfu,2,315,70.69767441860465,1075
115,square-wire.csv,BATCHBISECT,1,-1,new_dynamic,stagger_mfu,3,349,67.53488372093022,1075
116,square-wire.csv,BATCHSTOP4,1,-1,new_dynamic,stagger_mfu,2,292,72.83720930232559,1075
117,square-wire.csv,BATCHSTOP4,1,-1,new_dynamic,stagger_mfu,3,322,70.04651162790698,1075
118,square-wire.csv,BATCHDIVIDE4,1,-1,new_dynamic,stagger_mfu,2,421,60.83720930232558,1075
119,square-wire.csv,BATCHDIVIDE4,1,-1,new_dynamic,stagger_mfu,3,440,59.06976744186046,1075
120,puniverse-quasar.csv,BATCHBISECT,0,-1,new_dynamic,stagger_mfu,2,692,45.38279400157853,1267
121,puniverse-quasar.csv,BATCHBISECT,0,-1,new_dynamic,stagger_mfu,3,663,47.67166535122336,1267
122,puniverse-quasar.csv,BATCHSTOP4,0,-1,new_dynamic,stagger_mfu,2,612,51.69692186266772,1267
123,puniverse-quasar.csv,BATCHSTOP4,0,-1,new_dynamic,stagger_mfu,3,585,53.82794001578532,1267
124,puniverse-quasar.csv,BATCHDIVIDE4,0,-1,new_dynamic,stagger_mfu,2,693,45.30386740331492,1267
125,puniverse-quasar.csv,BATCHDIVIDE4,0,-1,new_dynamic,stagger_mfu,3,665,47.51381215469613,1267
126,puniverse-quasar.csv,BATCHBISECT,1,-1,new_dynamic,stagger_mfu,2,632,45.51724137931034,1160
127,puniverse-quasar.csv,BATCHBISECT,1,-1,new_dynamic,stagger_mfu,3,662,42.93103448275862,1160
128,puniverse-quasar.csv,BATCHSTOP4,1,-1,new_dynamic,stagger_mfu,2,571,50.775862068965516,1160
129,puniverse-quasar.csv,BATCHSTOP4,1,-1,new_dynamic,stagger_mfu,3,590,49.13793103448276,1160
130,puniverse-quasar.csv,BATCHDIVIDE4,1,-1,new_dynamic,stagger_mfu,2,641,44.741379310344826,1160
131,puniverse-quasar.csv,BATCHDIVIDE4,1,-1,new_dynamic,stagger_mfu,3,654,43.62068965517241,1160
132,dropwizard-dropwizard.csv,BATCHBISECT,0,-1,new_dynamic,stagger_mfu,2,639,68.36633663366337,2020
133,dropwizard-dropwizard.csv,BATCHBISECT,0,-1,new_dynamic,stagger_mfu,3,666,67.02970297029702,2020
134,dropwizard-dropwizard.csv,BATCHSTOP4,0,-1,new_dynamic,stagger_mfu,2,601,70.24752475247524,2020
135,dropwizard-dropwizard.csv,BATCHSTOP4,0,-1,new_dynamic,stagger_mfu,3,614,69.60396039603961,2020
136,dropwizard-dropwizard.csv,BATCHDIVIDE4,0,-1,new_dynamic,stagger_mfu,2,841,58.366336633663366,2020
137,dropwizard-dropwizard.csv,BATCHDIVIDE4,0,-1,new_dynamic,stagger_mfu,3,857,57.57425742574257,2020
138,dropwizard-dropwizard.csv,BATCHBISECT,1,-1,new_dynamic,stagger_mfu,2,621,68.28396322778346,1958
139,dropwizard-dropwizard.csv,BATCHBISECT,1,-1,new_dynamic,stagger_mfu,3,618,68.43718079673135,1958
140,dropwizard-dropwizard.csv,BATCHSTOP4,1,-1,new_dynamic,stagger_mfu,2,580,70.3779366700715,1958
141,dropwizard-dropwizard.csv,BATCHSTOP4,1,-1,new_dynamic,stagger_mfu,3,566,71.0929519918284,1958
142,dropwizard-dropwizard.csv,BATCHDIVIDE4,1,-1,new_dynamic,stagger_mfu,2,830,57.60980592441267,1958
143,dropwizard-dropwizard.csv,BATCHDIVIDE4,1,-1,new_dynamic,stagger_mfu,3,820,58.12053115423902,1958
144,essentials-Essentials.csv,BATCHBISECT,0,-1,new_dynamic,stagger_mfu,2,107,-20.224719101123597,89
145,essentials-Essentials.csv,BATCHBISECT,0,-1,new_dynamic,stagger_mfu,3,109,-22.471910112359552,89
146,essentials-Essentials.csv,BATCHSTOP4,0,-1,new_dynamic,stagger_mfu,2,91,-2.247191011235955,89
147,essentials-Essentials.csv,BATCHSTOP4,0,-1,new_dynamic,stagger_mfu,3,91,-2.247191011235955,89
148,essentials-Essentials.csv,BATCHDIVIDE4,0,-1,new_dynamic,stagger_mfu,2,91,-2.247191011235955,89
149,essentials-Essentials.csv,BATCHDIVIDE4,0,-1,new_dynamic,stagger_mfu,3,91,-2.247191011235955,89
150,essentials-Essentials.csv,BATCHBISECT,1,-1,new_dynamic,stagger_mfu,2,85,-16.438356164383563,73
151,essentials-Essentials.csv,BATCHBISECT,1,-1,new_dynamic,stagger_mfu,3,89,-21.917808219178085,73
152,essentials-Essentials.csv,BATCHSTOP4,1,-1,new_dynamic,stagger_mfu,2,75,-2.7397260273972535,73
153,essentials-Essentials.csv,BATCHSTOP4,1,-1,new_dynamic,stagger_mfu,3,76,-4.109589041095887,73
154,essentials-Essentials.csv,BATCHDIVIDE4,1,-1,new_dynamic,stagger_mfu,2,75,-2.7397260273972535,73
155,essentials-Essentials.csv,BATCHDIVIDE4,1,-1,new_dynamic,stagger_mfu,3,76,-4.109589041095887,73
156,mybatis-mybatis-3.csv,BATCHBISECT,0,-1,new_dynamic,stagger_mfu,2,629,70.75778707577871,2151
157,mybatis-mybatis-3.csv,BATCHBISECT,0,-1,new_dynamic,stagger_mfu,3,652,69.6885169688517,2151
158,mybatis-mybatis-3.csv,BATCHSTOP4,0,-1,new_dynamic,stagger_mfu,2,547,74.56996745699675,2151
159,mybatis-mybatis-3.csv,BATCHSTOP4,0,-1,new_dynamic,stagger_mfu,3,585,72.80334728033472,2151
160,mybatis-mybatis-3.csv,BATCHDIVIDE4,0,-1,new_dynamic,stagger_mfu,2,815,62.11064621106462,2151
161,mybatis-mybatis-3.csv,BATCHDIVIDE4,0,-1,new_dynamic,stagger_mfu,3,858,60.1115760111576,2151
162,mybatis-mybatis-3.csv,BATCHBISECT,1,-1,new_dynamic,stagger_mfu,2,608,70.93690248565966,2092
163,mybatis-mybatis-3.csv,BATCHBISECT,1,-1,new_dynamic,stagger_mfu,3,604,71.12810707456978,2092
164,mybatis-mybatis-3.csv,BATCHSTOP4,1,-1,new_dynamic,stagger_mfu,2,532,74.5697896749522,2092
165,mybatis-mybatis-3.csv,BATCHSTOP4,1,-1,new_dynamic,stagger_mfu,3,546,73.90057361376674,2092
166,mybatis-mybatis-3.csv,BATCHDIVIDE4,1,-1,new_dynamic,stagger_mfu,2,800,61.75908221797323,2092
167,mybatis-mybatis-3.csv,BATCHDIVIDE4,1,-1,new_dynamic,stagger_mfu,3,826,60.51625239005736,2092
168,naver-pinpoint.csv,BATCHBISECT,0,-1,new_dynamic,stagger_mfu,2,839,60.83099906629318,2142
169,naver-pinpoint.csv,BATCHBISECT,0,-1,new_dynamic,stagger_mfu,3,848,60.41083099906629,2142
170,naver-pinpoint.csv,BATCHSTOP4,0,-1,new_dynamic,stagger_mfu,2,771,64.00560224089637,2142
171,naver-pinpoint.csv,BATCHSTOP4,0,-1,new_dynamic,stagger_mfu,3,759,64.56582633053222,2142
172,naver-pinpoint.csv,BATCHDIVIDE4,0,-1,new_dynamic,stagger_mfu,2,999,53.36134453781513,2142
173,naver-pinpoint.csv,BATCHDIVIDE4,0,-1,new_dynamic,stagger_mfu,3,999,53.36134453781513,2142
174,naver-pinpoint.csv,BATCHBISECT,1,-1,new_dynamic,stagger_mfu,2,791,59.289758106021615,1943
175,naver-pinpoint.csv,BATCHBISECT,1,-1,new_dynamic,stagger_mfu,3,786,59.547092125579,1943
176,naver-pinpoint.csv,BATCHSTOP4,1,-1,new_dynamic,stagger_mfu,2,727,62.58363355635615,1943
177,naver-pinpoint.csv,BATCHSTOP4,1,-1,new_dynamic,stagger_mfu,3,709,63.51003602676274,1943
178,naver-pinpoint.csv,BATCHDIVIDE4,1,-1,new_dynamic,stagger_mfu,2,936,51.82707153885744,1943
179,naver-pinpoint.csv,BATCHDIVIDE4,1,-1,new_dynamic,stagger_mfu,3,929,52.18733916623778,1943
180,FasterXML-jackson-databind.csv,BATCHBISECT,0,-1,new_dynamic,stagger_mfu,2,1289,42.48103525211959,2241
181,FasterXML-jackson-databind.csv,BATCHBISECT,0,-1,new_dynamic,stagger_mfu,3,1295,42.21329763498438,2241
182,FasterXML-jackson-databind.csv,BATCHSTOP4,0,-1,new_dynamic,stagger_mfu,2,1191,46.85408299866131,2241
183,FasterXML-jackson-databind.csv,BATCHSTOP4,0,-1,new_dynamic,stagger_mfu,3,1194,46.72021419009371,2241
184,FasterXML-jackson-databind.csv,BATCHDIVIDE4,0,-1,new_dynamic,stagger_mfu,2,1357,39.44667559125391,2241
185,FasterXML-jackson-databind.csv,BATCHDIVIDE4,0,-1,new_dynamic,stagger_mfu,3,1360,39.3128067826863,2241
186,FasterXML-jackson-databind.csv,BATCHBISECT,1,-1,new_dynamic,stagger_mfu,2,1251,42.40331491712707,2172
187,FasterXML-jackson-databind.csv,BATCHBISECT,1,-1,new_dynamic,stagger_mfu,3,1236,43.0939226519337,2172
188,FasterXML-jackson-databind.csv,BATCHSTOP4,1,-1,new_dynamic,stagger_mfu,2,1150,47.05340699815838,2172
189,FasterXML-jackson-databind.csv,BATCHSTOP4,1,-1,new_dynamic,stagger_mfu,3,1143,47.3756906077348,2172
190,FasterXML-jackson-databind.csv,BATCHDIVIDE4,1,-1,new_dynamic,stagger_mfu,2,1316,39.41068139963168,2172
191,FasterXML-jackson-databind.csv,BATCHDIVIDE4,1,-1,new_dynamic,stagger_mfu,3,1313,39.548802946593,2172
192,samtools-htsjdk.csv,BATCHBISECT,0,-1,new_dynamic,stagger_mfu,2,560,67.23229959040376,1709
193,samtools-htsjdk.csv,BATCHBISECT,0,-1,new_dynamic,stagger_mfu,3,594,65.2428320655354,1709
194,samtools-htsjdk.csv,BATCHSTOP4,0,-1,new_dynamic,stagger_mfu,2,498,70.8601521357519,1709
195,samtools-htsjdk.csv,BATCHSTOP4,0,-1,new_dynamic,stagger_mfu,3,524,69.33879461673493,1709
196,samtools-htsjdk.csv,BATCHDIVIDE4,0,-1,new_dynamic,stagger_mfu,2,695,59.33294324166179,1709
197,samtools-htsjdk.csv,BATCHDIVIDE4,0,-1,new_dynamic,stagger_mfu,3,724,57.63604447045056,1709
198,samtools-htsjdk.csv,BATCHBISECT,1,-1,new_dynamic,stagger_mfu,2,548,66.15194564546016,1619
199,samtools-htsjdk.csv,BATCHBISECT,1,-1,new_dynamic,stagger_mfu,3,543,66.46077825818406,1619
200,samtools-htsjdk.csv,BATCHSTOP4,1,-1,new_dynamic,stagger_mfu,2,484,70.10500308832613,1619
201,samtools-htsjdk.csv,BATCHSTOP4,1,-1,new_dynamic,stagger_mfu,3,479,70.41383570105003,1619
202,samtools-htsjdk.csv,BATCHDIVIDE4,1,-1,new_dynamic,stagger_mfu,2,675,58.30759728227301,1619
203,samtools-htsjdk.csv,BATCHDIVIDE4,1,-1,new_dynamic,stagger_mfu,3,681,57.936998147004324,1619
204,deeplearning4j-deeplearning4j.csv,BATCHBISECT,0,-1,new_dynamic,stagger_mfu,2,1845,-0.2717391304347814,1840
205,deeplearning4j-deeplearning4j.csv,BATCHBISECT,0,-1,new_dynamic,stagger_mfu,3,1859,-1.032608695652172,1840
206,deeplearning4j-deeplearning4j.csv,BATCHSTOP4,0,-1,new_dynamic,stagger_mfu,2,1792,2.608695652173907,1840
207,deeplearning4j-deeplearning4j.csv,BATCHSTOP4,0,-1,new_dynamic,stagger_mfu,3,1798,2.282608695652172,1840
208,deeplearning4j-deeplearning4j.csv,BATCHDIVIDE4,0,-1,new_dynamic,stagger_mfu,2,1795,2.4456521739130466,1840
209,deeplearning4j-deeplearning4j.csv,BATCHDIVIDE4,0,-1,new_dynamic,stagger_mfu,3,1802,2.065217391304344,1840
210,deeplearning4j-deeplearning4j.csv,BATCHBISECT,1,-1,new_dynamic,stagger_mfu,2,1845,-0.2717391304347814,1840
211,deeplearning4j-deeplearning4j.csv,BATCHBISECT,1,-1,new_dynamic,stagger_mfu,3,1859,-1.032608695652172,1840
212,deeplearning4j-deeplearning4j.csv,BATCHSTOP4,1,-1,new_dynamic,stagger_mfu,2,1792,2.608695652173907,1840
213,deeplearning4j-deeplearning4j.csv,BATCHSTOP4,1,-1,new_dynamic,stagger_mfu,3,1798,2.282608695652172,1840
214,deeplearning4j-deeplearning4j.csv,BATCHDIVIDE4,1,-1,new_dynamic,stagger_mfu,2,1795,2.4456521739130466,1840
215,deeplearning4j-deeplearning4j.csv,BATCHDIVIDE4,1,-1,new_dynamic,stagger_mfu,3,1802,2.065217391304344,1840
216,open-keychain-open-keychain.csv,BATCHBISECT,0,-1,new_dynamic,stagger_mfu,2,1235,30.734716769489623,1783
217,open-keychain-open-keychain.csv,BATCHBISECT,0,-1,new_dynamic,stagger_mfu,3,1236,30.67863151991027,1783
218,open-keychain-open-keychain.csv,BATCHSTOP4,0,-1,new_dynamic,stagger_mfu,2,1107,37.91362871564778,1783
219,open-keychain-open-keychain.csv,BATCHSTOP4,0,-1,new_dynamic,stagger_mfu,3,1079,39.48401570386988,1783
220,open-keychain-open-keychain.csv,BATCHDIVIDE4,0,-1,new_dynamic,stagger_mfu,2,1195,32.97812675266405,1783
221,open-keychain-open-keychain.csv,BATCHDIVIDE4,0,-1,new_dynamic,stagger_mfu,3,1148,35.614133482894005,1783
222,open-keychain-open-keychain.csv,BATCHBISECT,1,-1,new_dynamic,stagger_mfu,2,1158,31.641086186540733,1694
223,open-keychain-open-keychain.csv,BATCHBISECT,1,-1,new_dynamic,stagger_mfu,3,1178,30.460448642266826,1694
224,open-keychain-open-keychain.csv,BATCHSTOP4,1,-1,new_dynamic,stagger_mfu,2,1033,39.02007083825266,1694
225,open-keychain-open-keychain.csv,BATCHSTOP4,1,-1,new_dynamic,stagger_mfu,3,1027,39.37426210153483,1694
226,open-keychain-open-keychain.csv,BATCHDIVIDE4,1,-1,new_dynamic,stagger_mfu,2,1114,34.238488783943325,1694
227,open-keychain-open-keychain.csv,BATCHDIVIDE4,1,-1,new_dynamic,stagger_mfu,3,1112,34.35655253837072,1694
228,yegor256-takes.csv,BATCHBISECT,0,-1,new_dynamic,stagger_mfu,2,1538,42.027892951375804,2653
229,yegor256-takes.csv,BATCHBISECT,0,-1,new_dynamic,stagger_mfu,3,1548,41.65096117602714,2653
230,yegor256-takes.csv,BATCHSTOP4,0,-1,new_dynamic,stagger_mfu,2,1447,45.457972107048626,2653
231,yegor256-takes.csv,BATCHSTOP4,0,-1,new_dynamic,stagger_mfu,3,1413,46.73954014323407,2653
232,yegor256-takes.csv,BATCHDIVIDE4,0,-1,new_dynamic,stagger_mfu,2,1618,39.012438748586504,2653
233,yegor256-takes.csv,BATCHDIVIDE4,0,-1,new_dynamic,stagger_mfu,3,1578,40.520165849981154,2653
234,yegor256-takes.csv,BATCHBISECT,1,-1,new_dynamic,stagger_mfu,2,1144,40.229885057471265,1914
235,yegor256-takes.csv,BATCHBISECT,1,-1,new_dynamic,stagger_mfu,3,1144,40.229885057471265,1914
236,yegor256-takes.csv,BATCHSTOP4,1,-1,new_dynamic,stagger_mfu,2,1067,44.252873563218394,1914
237,yegor256-takes.csv,BATCHSTOP4,1,-1,new_dynamic,stagger_mfu,3,1060,44.61859979101359,1914
238,yegor256-takes.csv,BATCHDIVIDE4,1,-1,new_dynamic,stagger_mfu,2,1187,37.98328108672936,1914
239,yegor256-takes.csv,BATCHDIVIDE4,1,-1,new_dynamic,stagger_mfu,3,1165,39.132706374085686,1914
240,keycloak-keycloak.csv,BATCHBISECT,0,-1,new_dynamic,stagger_mfu,2,1175,49.46236559139785,2325
241,keycloak-keycloak.csv,BATCHBISECT,0,-1,new_dynamic,stagger_mfu,3,1172,49.59139784946237,2325
242,keycloak-keycloak.csv,BATCHSTOP4,0,-1,new_dynamic,stagger_mfu,2,1060,54.40860215053763,2325
243,keycloak-keycloak.csv,BATCHSTOP4,0,-1,new_dynamic,stagger_mfu,3,1065,54.193548387096776,2325
244,keycloak-keycloak.csv,BATCHDIVIDE4,0,-1,new_dynamic,stagger_mfu,2,1251,46.193548387096776,2325
245,keycloak-keycloak.csv,BATCHDIVIDE4,0,-1,new_dynamic,stagger_mfu,3,1234,46.924731182795696,2325
246,keycloak-keycloak.csv,BATCHBISECT,1,-1,new_dynamic,stagger_mfu,2,1105,49.45105215004575,2186
247,keycloak-keycloak.csv,BATCHBISECT,1,-1,new_dynamic,stagger_mfu,3,1132,48.21591948764868,2186
248,keycloak-keycloak.csv,BATCHSTOP4,1,-1,new_dynamic,stagger_mfu,2,1003,54.11710887465691,2186
249,keycloak-keycloak.csv,BATCHSTOP4,1,-1,new_dynamic,stagger_mfu,3,1006,53.97987191216834,2186
250,keycloak-keycloak.csv,BATCHDIVIDE4,1,-1,new_dynamic,stagger_mfu,2,1159,46.9807868252516,2186
251,keycloak-keycloak.csv,BATCHDIVIDE4,1,-1,new_dynamic,stagger_mfu,3,1182,45.92863677950595,2186
252,rackerlabs-blueflood.csv,BATCHBISECT,0,-1,new_dynamic,stagger_mfu,2,1381,37.45471014492754,2208
253,rackerlabs-blueflood.csv,BATCHBISECT,0,-1,new_dynamic,stagger_mfu,3,1381,37.45471014492754,2208
254,rackerlabs-blueflood.csv,BATCHSTOP4,0,-1,new_dynamic,stagger_mfu,2,1203,45.516304347826086,2208
255,rackerlabs-blueflood.csv,BATCHSTOP4,0,-1,new_dynamic,stagger_mfu,3,1187,46.24094202898551,2208
256,rackerlabs-blueflood.csv,BATCHDIVIDE4,0,-1,new_dynamic,stagger_mfu,2,1308,40.76086956521739,2208
257,rackerlabs-blueflood.csv,BATCHDIVIDE4,0,-1,new_dynamic,stagger_mfu,3,1313,40.53442028985507,2208
258,rackerlabs-blueflood.csv,BATCHBISECT,1,-1,new_dynamic,stagger_mfu,2,1288,36.70761670761671,2035
259,rackerlabs-blueflood.csv,BATCHBISECT,1,-1,new_dynamic,stagger_mfu,3,1287,36.75675675675676,2035
260,rackerlabs-blueflood.csv,BATCHSTOP4,1,-1,new_dynamic,stagger_mfu,2,1113,45.307125307125304,2035
261,rackerlabs-blueflood.csv,BATCHSTOP4,1,-1,new_dynamic,stagger_mfu,3,1100,45.945945945945944,2035
262,rackerlabs-blueflood.csv,BATCHDIVIDE4,1,-1,new_dynamic,stagger_mfu,2,1218,40.14742014742015,2035
263,rackerlabs-blueflood.csv,BATCHDIVIDE4,1,-1,new_dynamic,stagger_mfu,3,1223,39.9017199017199,2035
264,xetorthio-jedis.csv,BATCHBISECT,0,-1,new_dynamic,stagger_mfu,2,792,50.25125628140704,1592
265,xetorthio-jedis.csv,BATCHBISECT,0,-1,new_dynamic,stagger_mfu,3,772,51.50753768844221,1592
266,xetorthio-jedis.csv,BATCHSTOP4,0,-1,new_dynamic,stagger_mfu,2,693,56.469849246231156,1592
267,xetorthio-jedis.csv,BATCHSTOP4,0,-1,new_dynamic,stagger_mfu,3,664,58.29145728643216,1592
268,xetorthio-jedis.csv,BATCHDIVIDE4,0,-1,new_dynamic,stagger_mfu,2,822,48.36683417085427,1592
269,xetorthio-jedis.csv,BATCHDIVIDE4,0,-1,new_dynamic,stagger_mfu,3,816,48.743718592964825,1592
270,xetorthio-jedis.csv,BATCHBISECT,1,-1,new_dynamic,stagger_mfu,2,738,50.56932350971199,1493
271,xetorthio-jedis.csv,BATCHBISECT,1,-1,new_dynamic,stagger_mfu,3,750,49.765572672471535,1493
272,xetorthio-jedis.csv,BATCHSTOP4,1,-1,new_dynamic,stagger_mfu,2,648,56.59745478901541,1493
273,xetorthio-jedis.csv,BATCHSTOP4,1,-1,new_dynamic,stagger_mfu,3,658,55.92766242464836,1493
274,xetorthio-jedis.csv,BATCHDIVIDE4,1,-1,new_dynamic,stagger_mfu,2,764,48.82786336235767,1493
275,xetorthio-jedis.csv,BATCHDIVIDE4,1,-1,new_dynamic,stagger_mfu,3,787,47.28734092431346,1493
276,orbeon-orbeon-forms.csv,BATCHBISECT,0,-1,new_dynamic,stagger_mfu,2,2324,12.43406179351922,2654
277,orbeon-orbeon-forms.csv,BATCHBISECT,0,-1,new_dynamic,stagger_mfu,3,2336,11.981914091936702,2654
278,orbeon-orbeon-forms.csv,BATCHSTOP4,0,-1,new_dynamic,stagger_mfu,2,2128,19.819140919366987,2654
279,orbeon-orbeon-forms.csv,BATCHSTOP4,0,-1,new_dynamic,stagger_mfu,3,2108,20.572720422004522,2654
280,orbeon-orbeon-forms.csv,BATCHDIVIDE4,0,-1,new_dynamic,stagger_mfu,2,2174,18.08590806330068,2654
281,orbeon-orbeon-forms.csv,BATCHDIVIDE4,0,-1,new_dynamic,stagger_mfu,3,2157,18.72645064054258,2654
282,orbeon-orbeon-forms.csv,BATCHBISECT,1,-1,new_dynamic,stagger_mfu,2,2182,12.545090180360717,2495
283,orbeon-orbeon-forms.csv,BATCHBISECT,1,-1,new_dynamic,stagger_mfu,3,2232,10.541082164328657,2495
284,orbeon-orbeon-forms.csv,BATCHSTOP4,1,-1,new_dynamic,stagger_mfu,2,1995,20.04008016032064,2495
285,orbeon-orbeon-forms.csv,BATCHSTOP4,1,-1,new_dynamic,stagger_mfu,3,2006,19.599198396793582,2495
286,orbeon-orbeon-forms.csv,BATCHDIVIDE4,1,-1,new_dynamic,stagger_mfu,2,2044,18.076152304609224,2495
287,orbeon-orbeon-forms.csv,BATCHDIVIDE4,1,-1,new_dynamic,stagger_mfu,3,2046,17.99599198396794,2495
288,linkedin-gobblin.csv,BATCHBISECT,0,-1,new_dynamic,stagger_mfu,2,3125,10.097813578826234,3476
289,linkedin-gobblin.csv,BATCHBISECT,0,-1,new_dynamic,stagger_mfu,3,3107,10.615650172612192,3476
290,linkedin-gobblin.csv,BATCHSTOP4,0,-1,new_dynamic,stagger_mfu,2,2786,19.850402761795166,3476
291,linkedin-gobblin.csv,BATCHSTOP4,0,-1,new_dynamic,stagger_mfu,3,2707,22.123130034522433,3476
292,linkedin-gobblin.csv,BATCHDIVIDE4,0,-1,new_dynamic,stagger_mfu,2,2837,18.383199079401606,3476
293,linkedin-gobblin.csv,BATCHDIVIDE4,0,-1,new_dynamic,stagger_mfu,3,2773,20.224395857307243,3476
294,linkedin-gobblin.csv,BATCHBISECT,1,-1,new_dynamic,stagger_mfu,2,2929,11.24242424242425,3300
295,linkedin-gobblin.csv,BATCHBISECT,1,-1,new_dynamic,stagger_mfu,3,2896,12.24242424242425,3300
296,linkedin-gobblin.csv,BATCHSTOP4,1,-1,new_dynamic,stagger_mfu,2,2622,20.545454545454547,3300
297,linkedin-gobblin.csv,BATCHSTOP4,1,-1,new_dynamic,stagger_mfu,3,2532,23.272727272727266,3300
298,linkedin-gobblin.csv,BATCHDIVIDE4,1,-1,new_dynamic,stagger_mfu,2,2676,18.909090909090907,3300
299,linkedin-gobblin.csv,BATCHDIVIDE4,1,-1,new_dynamic,stagger_mfu,3,2604,21.090909090909093,3300
300,JabRef-jabref.csv,BATCHBISECT,0,-1,new_dynamic,stagger_mfu,2,1204,57.93151642208246,2862
301,JabRef-jabref.csv,BATCHBISECT,0,-1,new_dynamic,stagger_mfu,3,1203,57.9664570230608,2862
302,JabRef-jabref.csv,BATCHSTOP4,0,-1,new_dynamic,stagger_mfu,2,1100,61.565338923829486,2862
303,JabRef-jabref.csv,BATCHSTOP4,0,-1,new_dynamic,stagger_mfu,3,1100,61.565338923829486,2862
304,JabRef-jabref.csv,BATCHDIVIDE4,0,-1,new_dynamic,stagger_mfu,2,1390,51.432564640111806,2862
305,JabRef-jabref.csv,BATCHDIVIDE4,0,-1,new_dynamic,stagger_mfu,3,1387,51.53738644304682,2862
306,JabRef-jabref.csv,BATCHBISECT,1,-1,new_dynamic,stagger_mfu,2,1109,57.26396917148362,2595
307,JabRef-jabref.csv,BATCHBISECT,1,-1,new_dynamic,stagger_mfu,3,1123,56.72447013487476,2595
308,JabRef-jabref.csv,BATCHSTOP4,1,-1,new_dynamic,stagger_mfu,2,1021,60.65510597302505,2595
309,JabRef-jabref.csv,BATCHSTOP4,1,-1,new_dynamic,stagger_mfu,3,1013,60.96339113680154,2595
310,JabRef-jabref.csv,BATCHDIVIDE4,1,-1,new_dynamic,stagger_mfu,2,1246,51.98458574181117,2595
311,JabRef-jabref.csv,BATCHDIVIDE4,1,-1,new_dynamic,stagger_mfu,3,1260,51.445086705202314,2595
312,jOOQ-jOOQ.csv,BATCHBISECT,0,-1,new_dynamic,stagger_mfu,2,1917,44.45088380179658,3451
313,jOOQ-jOOQ.csv,BATCHBISECT,0,-1,new_dynamic,stagger_mfu,3,1857,46.18951028687337,3451
314,jOOQ-jOOQ.csv,BATCHSTOP4,0,-1,new_dynamic,stagger_mfu,2,1711,50.42016806722689,3451
315,jOOQ-jOOQ.csv,BATCHSTOP4,0,-1,new_dynamic,stagger_mfu,3,1651,52.15879455230368,3451
316,jOOQ-jOOQ.csv,BATCHDIVIDE4,0,-1,new_dynamic,stagger_mfu,2,1992,42.277600695450595,3451
317,jOOQ-jOOQ.csv,BATCHDIVIDE4,0,-1,new_dynamic,stagger_mfu,3,1942,43.72645609968125,3451
318,jOOQ-jOOQ.csv,BATCHBISECT,1,-1,new_dynamic,stagger_mfu,2,1809,44.21831637372803,3243
319,jOOQ-jOOQ.csv,BATCHBISECT,1,-1,new_dynamic,stagger_mfu,3,1772,45.35923527597903,3243
320,jOOQ-jOOQ.csv,BATCHSTOP4,1,-1,new_dynamic,stagger_mfu,2,1613,50.26210299105766,3243
321,jOOQ-jOOQ.csv,BATCHSTOP4,1,-1,new_dynamic,stagger_mfu,3,1558,51.95806352143077,3243
322,jOOQ-jOOQ.csv,BATCHDIVIDE4,1,-1,new_dynamic,stagger_mfu,2,1846,43.07739747147703,3243
323,jOOQ-jOOQ.csv,BATCHDIVIDE4,1,-1,new_dynamic,stagger_mfu,3,1812,44.12580943570768,3243
324,structr-structr.csv,BATCHBISECT,0,-1,new_dynamic,stagger_mfu,2,2182,13.136942675159233,2512
325,structr-structr.csv,BATCHBISECT,0,-1,new_dynamic,stagger_mfu,3,2230,11.226114649681534,2512
326,structr-structr.csv,BATCHSTOP4,0,-1,new_dynamic,stagger_mfu,2,1953,22.253184713375802,2512
327,structr-structr.csv,BATCHSTOP4,0,-1,new_dynamic,stagger_mfu,3,1936,22.929936305732483,2512
328,structr-structr.csv,BATCHDIVIDE4,0,-1,new_dynamic,stagger_mfu,2,1985,20.979299363057322,2512
329,structr-structr.csv,BATCHDIVIDE4,0,-1,new_dynamic,stagger_mfu,3,1994,20.62101910828025,2512
330,structr-structr.csv,BATCHBISECT,1,-1,new_dynamic,stagger_mfu,2,2064,12.057946314443967,2347
331,structr-structr.csv,BATCHBISECT,1,-1,new_dynamic,stagger_mfu,3,2131,9.203238176395402,2347
332,structr-structr.csv,BATCHSTOP4,1,-1,new_dynamic,stagger_mfu,2,1844,21.43161482743929,2347
333,structr-structr.csv,BATCHSTOP4,1,-1,new_dynamic,stagger_mfu,3,1858,20.83510864933959,2347
334,structr-structr.csv,BATCHDIVIDE4,1,-1,new_dynamic,stagger_mfu,2,1852,21.09075415423945,2347
335,structr-structr.csv,BATCHDIVIDE4,1,-1,new_dynamic,stagger_mfu,3,1902,18.960374946740515,2347
336,floragunncom-search-guard.csv,BATCHBISECT,0,-1,new_dynamic,stagger_mfu,2,1358,62.814895947426066,3652
337,floragunncom-search-guard.csv,BATCHBISECT,0,-1,new_dynamic,stagger_mfu,3,1277,65.0328587075575,3652
338,floragunncom-search-guard.csv,BATCHSTOP4,0,-1,new_dynamic,stagger_mfu,2,1205,67.00438116100767,3652
339,floragunncom-search-guard.csv,BATCHSTOP4,0,-1,new_dynamic,stagger_mfu,3,1139,68.81161007667032,3652
340,floragunncom-search-guard.csv,BATCHDIVIDE4,0,-1,new_dynamic,stagger_mfu,2,1604,56.078860898138004,3652
341,floragunncom-search-guard.csv,BATCHDIVIDE4,0,-1,new_dynamic,stagger_mfu,3,1560,57.28368017524644,3652
342,floragunncom-search-guard.csv,BATCHBISECT,1,-1,new_dynamic,stagger_mfu,2,1358,62.814895947426066,3652
343,floragunncom-search-guard.csv,BATCHBISECT,1,-1,new_dynamic,stagger_mfu,3,1277,65.0328587075575,3652
344,floragunncom-search-guard.csv,BATCHSTOP4,1,-1,new_dynamic,stagger_mfu,2,1205,67.00438116100767,3652
345,floragunncom-search-guard.csv,BATCHSTOP4,1,-1,new_dynamic,stagger_mfu,3,1139,68.81161007667032,3652
346,floragunncom-search-guard.csv,BATCHDIVIDE4,1,-1,new_dynamic,stagger_mfu,2,1604,56.078860898138004,3652
347,floragunncom-search-guard.csv,BATCHDIVIDE4,1,-1,new_dynamic,stagger_mfu,3,1560,57.28368017524644,3652
348,SpongePowered-SpongeForge.csv,BATCHBISECT,0,-1,new_dynamic,stagger_mfu,2,1894,39.54676029364826,3133
349,SpongePowered-SpongeForge.csv,BATCHBISECT,0,-1,new_dynamic,stagger_mfu,3,1848,41.01500159591446,3133
350,SpongePowered-SpongeForge.csv,BATCHSTOP4,0,-1,new_dynamic,stagger_mfu,2,1669,46.72837535908075,3133
351,SpongePowered-SpongeForge.csv,BATCHSTOP4,0,-1,new_dynamic,stagger_mfu,3,1617,48.38812639642515,3133
352,SpongePowered-SpongeForge.csv,BATCHDIVIDE4,0,-1,new_dynamic,stagger_mfu,2,1864,40.50430896903926,3133
353,SpongePowered-SpongeForge.csv,BATCHDIVIDE4,0,-1,new_dynamic,stagger_mfu,3,1801,42.515161187360356,3133
354,SpongePowered-SpongeForge.csv,BATCHBISECT,1,-1,new_dynamic,stagger_mfu,2,1856,39.876903142209265,3087
355,SpongePowered-SpongeForge.csv,BATCHBISECT,1,-1,new_dynamic,stagger_mfu,3,1823,40.94590217039197,3087
356,SpongePowered-SpongeForge.csv,BATCHSTOP4,1,-1,new_dynamic,stagger_mfu,2,1632,47.13313896987366,3087
357,SpongePowered-SpongeForge.csv,BATCHSTOP4,1,-1,new_dynamic,stagger_mfu,3,1594,48.36410754778102,3087
358,SpongePowered-SpongeForge.csv,BATCHDIVIDE4,1,-1,new_dynamic,stagger_mfu,2,1823,40.94590217039197,3087
359,SpongePowered-SpongeForge.csv,BATCHDIVIDE4,1,-1,new_dynamic,stagger_mfu,3,1782,42.27405247813411,3087
360,sakaiproject-sakai.csv,BATCHBISECT,0,-1,new_dynamic,stagger_mfu,2,1704,55.122465104029494,3797
361,sakaiproject-sakai.csv,BATCHBISECT,0,-1,new_dynamic,stagger_mfu,3,1721,54.67474321833026,3797
362,sakaiproject-sakai.csv,BATCHSTOP4,0,-1,new_dynamic,stagger_mfu,2,1573,58.572557282064786,3797
363,sakaiproject-sakai.csv,BATCHSTOP4,0,-1,new_dynamic,stagger_mfu,3,1571,58.62523044508823,3797
364,sakaiproject-sakai.csv,BATCHDIVIDE4,0,-1,new_dynamic,stagger_mfu,2,1919,49.46010007900974,3797
365,sakaiproject-sakai.csv,BATCHDIVIDE4,0,-1,new_dynamic,stagger_mfu,3,1922,49.381090334474585,3797
366,sakaiproject-sakai.csv,BATCHBISECT,1,-1,new_dynamic,stagger_mfu,2,1565,55.653159535279116,3529
367,sakaiproject-sakai.csv,BATCHBISECT,1,-1,new_dynamic,stagger_mfu,3,1521,56.89997166336072,3529
368,sakaiproject-sakai.csv,BATCHSTOP4,1,-1,new_dynamic,stagger_mfu,2,1457,58.713516576933976,3529
369,sakaiproject-sakai.csv,BATCHSTOP4,1,-1,new_dynamic,stagger_mfu,3,1386,60.7254179654293,3529
370,sakaiproject-sakai.csv,BATCHDIVIDE4,1,-1,new_dynamic,stagger_mfu,2,1791,49.249079059223575,3529
371,sakaiproject-sakai.csv,BATCHDIVIDE4,1,-1,new_dynamic,stagger_mfu,3,1740,50.69424766222726,3529
372,dreamhead-moco.csv,BATCHBISECT,0,-1,new_dynamic,stagger_mfu,2,2812,36.308040770101925,4415
373,dreamhead-moco.csv,BATCHBISECT,0,-1,new_dynamic,stagger_mfu,3,2785,36.919592298980746,4415
374,dreamhead-moco.csv,BATCHSTOP4,0,-1,new_dynamic,stagger_mfu,2,2574,41.69875424688562,4415
375,dreamhead-moco.csv,BATCHSTOP4,0,-1,new_dynamic,stagger_mfu,3,2509,43.17100792751982,4415
376,dreamhead-moco.csv,BATCHDIVIDE4,0,-1,new_dynamic,stagger_mfu,2,2857,35.28878822197055,4415
377,dreamhead-moco.csv,BATCHDIVIDE4,0,-1,new_dynamic,stagger_mfu,3,2820,36.12684031710079,4415
378,dreamhead-moco.csv,BATCHBISECT,1,-1,new_dynamic,stagger_mfu,2,2404,37.57465593352376,3851
379,dreamhead-moco.csv,BATCHBISECT,1,-1,new_dynamic,stagger_mfu,3,2421,37.13321215268761,3851
380,dreamhead-moco.csv,BATCHSTOP4,1,-1,new_dynamic,stagger_mfu,2,2214,42.508439366398335,3851
381,dreamhead-moco.csv,BATCHSTOP4,1,-1,new_dynamic,stagger_mfu,3,2177,43.469228771747595,3851
382,dreamhead-moco.csv,BATCHDIVIDE4,1,-1,new_dynamic,stagger_mfu,2,2459,36.1464554661127,3851
383,dreamhead-moco.csv,BATCHDIVIDE4,1,-1,new_dynamic,stagger_mfu,3,2429,36.925473902882366,3851
384,nutzam-nutz.csv,BATCHBISECT,0,-1,new_dynamic,stagger_mfu,2,3761,17.54001315500986,4561
385,nutzam-nutz.csv,BATCHBISECT,0,-1,new_dynamic,stagger_mfu,3,3799,16.706862530146893,4561
386,nutzam-nutz.csv,BATCHSTOP4,0,-1,new_dynamic,stagger_mfu,2,3410,25.235693926770452,4561
387,nutzam-nutz.csv,BATCHSTOP4,0,-1,new_dynamic,stagger_mfu,3,3345,26.660819995615,4561
388,nutzam-nutz.csv,BATCHDIVIDE4,0,-1,new_dynamic,stagger_mfu,2,3549,22.188116641087476,4561
389,nutzam-nutz.csv,BATCHDIVIDE4,0,-1,new_dynamic,stagger_mfu,3,3483,23.635167726375798,4561
390,nutzam-nutz.csv,BATCHBISECT,1,-1,new_dynamic,stagger_mfu,2,3453,16.27061105722599,4124
391,nutzam-nutz.csv,BATCHBISECT,1,-1,new_dynamic,stagger_mfu,3,3507,14.96120271580989,4124
392,nutzam-nutz.csv,BATCHSTOP4,1,-1,new_dynamic,stagger_mfu,2,3136,23.95732298739088,4124
393,nutzam-nutz.csv,BATCHSTOP4,1,-1,new_dynamic,stagger_mfu,3,3080,25.315227934044614,4124
394,nutzam-nutz.csv,BATCHDIVIDE4,1,-1,new_dynamic,stagger_mfu,2,3246,21.290009699321047,4124
395,nutzam-nutz.csv,BATCHDIVIDE4,1,-1,new_dynamic,stagger_mfu,3,3192,22.59941804073715,4124
396,CloudSlang-cloud-slang.csv,BATCHBISECT,0,-1,new_dynamic,stagger_mfu,2,1315,39.372982941447674,2169
397,CloudSlang-cloud-slang.csv,BATCHBISECT,0,-1,new_dynamic,stagger_mfu,3,1318,39.23467035500231,2169
398,CloudSlang-cloud-slang.csv,BATCHSTOP4,0,-1,new_dynamic,stagger_mfu,2,1146,47.16459197786999,2169
399,CloudSlang-cloud-slang.csv,BATCHSTOP4,0,-1,new_dynamic,stagger_mfu,3,1137,47.57952973720609,2169
400,CloudSlang-cloud-slang.csv,BATCHDIVIDE4,0,-1,new_dynamic,stagger_mfu,2,1286,40.710004610419546,2169
401,CloudSlang-cloud-slang.csv,BATCHDIVIDE4,0,-1,new_dynamic,stagger_mfu,3,1242,42.738589211618255,2169
402,CloudSlang-cloud-slang.csv,BATCHBISECT,1,-1,new_dynamic,stagger_mfu,2,1227,38.52705410821643,1996
403,CloudSlang-cloud-slang.csv,BATCHBISECT,1,-1,new_dynamic,stagger_mfu,3,1233,38.22645290581163,1996
404,CloudSlang-cloud-slang.csv,BATCHSTOP4,1,-1,new_dynamic,stagger_mfu,2,1090,45.390781563126254,1996
405,CloudSlang-cloud-slang.csv,BATCHSTOP4,1,-1,new_dynamic,stagger_mfu,3,1060,46.8937875751503,1996
406,CloudSlang-cloud-slang.csv,BATCHDIVIDE4,1,-1,new_dynamic,stagger_mfu,2,1211,39.32865731462926,1996
407,CloudSlang-cloud-slang.csv,BATCHDIVIDE4,1,-1,new_dynamic,stagger_mfu,3,1174,41.18236472945892,1996
408,geotools-geotools.csv,BATCHBISECT,0,-1,new_dynamic,stagger_mfu,2,3057,28.741258741258747,4290
409,geotools-geotools.csv,BATCHBISECT,0,-1,new_dynamic,stagger_mfu,3,3039,29.16083916083916,4290
410,geotools-geotools.csv,BATCHSTOP4,0,-1,new_dynamic,stagger_mfu,2,2909,32.19114219114219,4290
411,geotools-geotools.csv,BATCHSTOP4,0,-1,new_dynamic,stagger_mfu,3,2872,33.05361305361305,4290
412,geotools-geotools.csv,BATCHDIVIDE4,0,-1,new_dynamic,stagger_mfu,2,3093,27.902097902097907,4290
413,geotools-geotools.csv,BATCHDIVIDE4,0,-1,new_dynamic,stagger_mfu,3,3072,28.391608391608386,4290
414,geotools-geotools.csv,BATCHBISECT,1,-1,new_dynamic,stagger_mfu,2,2966,28.512894673415275,4149
415,geotools-geotools.csv,BATCHBISECT,1,-1,new_dynamic,stagger_mfu,3,2945,29.01904073270667,4149
416,geotools-geotools.csv,BATCHSTOP4,1,-1,new_dynamic,stagger_mfu,2,2808,32.32104121475054,4149
417,geotools-geotools.csv,BATCHSTOP4,1,-1,new_dynamic,stagger_mfu,3,2788,32.80308508074235,4149
418,geotools-geotools.csv,BATCHDIVIDE4,1,-1,new_dynamic,stagger_mfu,2,2993,27.86213545432635,4149
419,geotools-geotools.csv,BATCHDIVIDE4,1,-1,new_dynamic,stagger_mfu,3,2995,27.813931067727168,4149
420,CloudifySource-cloudify.csv,BATCHBISECT,0,-1,new_dynamic,stagger_mfu,2,3337,35.178710178710176,5148
421,CloudifySource-cloudify.csv,BATCHBISECT,0,-1,new_dynamic,stagger_mfu,3,3316,35.58663558663558,5148
422,CloudifySource-cloudify.csv,BATCHSTOP4,0,-1,new_dynamic,stagger_mfu,2,3074,40.287490287490286,5148
423,CloudifySource-cloudify.csv,BATCHSTOP4,0,-1,new_dynamic,stagger_mfu,3,2987,41.977466977466975,5148
424,CloudifySource-cloudify.csv,BATCHDIVIDE4,0,-1,new_dynamic,stagger_mfu,2,3345,35.02331002331002,5148
425,CloudifySource-cloudify.csv,BATCHDIVIDE4,0,-1,new_dynamic,stagger_mfu,3,3272,36.44133644133644,5148
426,CloudifySource-cloudify.csv,BATCHBISECT,1,-1,new_dynamic,stagger_mfu,2,3291,35.16548463356973,5076
427,CloudifySource-cloudify.csv,BATCHBISECT,1,-1,new_dynamic,stagger_mfu,3,3279,35.40189125295508,5076
428,CloudifySource-cloudify.csv,BATCHSTOP4,1,-1,new_dynamic,stagger_mfu,2,3023,40.44523246650906,5076
429,CloudifySource-cloudify.csv,BATCHSTOP4,1,-1,new_dynamic,stagger_mfu,3,2961,41.666666666666664,5076
430,CloudifySource-cloudify.csv,BATCHDIVIDE4,1,-1,new_dynamic,stagger_mfu,2,3273,35.520094562647756,5076
431,CloudifySource-cloudify.csv,BATCHDIVIDE4,1,-1,new_dynamic,stagger_mfu,3,3247,36.032308904649334,5076
432,SpongePowered-SpongeCommon.csv,BATCHBISECT,0,-1,new_dynamic,stagger_mfu,2,2076,44.11843876177658,3715
433,SpongePowered-SpongeCommon.csv,BATCHBISECT,0,-1,new_dynamic,stagger_mfu,3,2062,44.49528936742934,3715
434,SpongePowered-SpongeCommon.csv,BATCHSTOP4,0,-1,new_dynamic,stagger_mfu,2,1784,51.97846567967699,3715
435,SpongePowered-SpongeCommon.csv,BATCHSTOP4,0,-1,new_dynamic,stagger_mfu,3,1775,52.2207267833109,3715
436,SpongePowered-SpongeCommon.csv,BATCHDIVIDE4,0,-1,new_dynamic,stagger_mfu,2,2066,44.38761776581427,3715
437,SpongePowered-SpongeCommon.csv,BATCHDIVIDE4,0,-1,new_dynamic,stagger_mfu,3,2033,45.27590847913863,3715
438,SpongePowered-SpongeCommon.csv,BATCHBISECT,1,-1,new_dynamic,stagger_mfu,2,2071,43.96645021645022,3696
439,SpongePowered-SpongeCommon.csv,BATCHBISECT,1,-1,new_dynamic,stagger_mfu,3,2055,44.39935064935065,3696
440,SpongePowered-SpongeCommon.csv,BATCHSTOP4,1,-1,new_dynamic,stagger_mfu,2,1783,51.75865800865801,3696
441,SpongePowered-SpongeCommon.csv,BATCHSTOP4,1,-1,new_dynamic,stagger_mfu,3,1772,52.056277056277054,3696
442,SpongePowered-SpongeCommon.csv,BATCHDIVIDE4,1,-1,new_dynamic,stagger_mfu,2,2063,44.18290043290043,3696
443,SpongePowered-SpongeCommon.csv,BATCHDIVIDE4,1,-1,new_dynamic,stagger_mfu,3,2030,45.07575757575758,3696
444,apache-zeppelin.csv,BATCHBISECT,0,-1,new_dynamic,stagger_mfu,2,4216,8.606113158465206,4613
445,apache-zeppelin.csv,BATCHBISECT,0,-1,new_dynamic,stagger_mfu,3,4235,8.19423368740516,4613
446,apache-zeppelin.csv,BATCHSTOP4,0,-1,new_dynamic,stagger_mfu,2,3804,17.537394320398874,4613
447,apache-zeppelin.csv,BATCHSTOP4,0,-1,new_dynamic,stagger_mfu,3,3731,19.119878603945367,4613
448,apache-zeppelin.csv,BATCHDIVIDE4,0,-1,new_dynamic,stagger_mfu,2,3858,16.366789507912415,4613
449,apache-zeppelin.csv,BATCHDIVIDE4,0,-1,new_dynamic,stagger_mfu,3,3831,16.952091914155645,4613
450,apache-zeppelin.csv,BATCHBISECT,1,-1,new_dynamic,stagger_mfu,2,3571,7.463073335060898,3859
451,apache-zeppelin.csv,BATCHBISECT,1,-1,new_dynamic,stagger_mfu,3,3546,8.110909562062716,3859
452,apache-zeppelin.csv,BATCHSTOP4,1,-1,new_dynamic,stagger_mfu,2,3204,16.973309147447523,3859
453,apache-zeppelin.csv,BATCHSTOP4,1,-1,new_dynamic,stagger_mfu,3,3138,18.68359678673231,3859
454,apache-zeppelin.csv,BATCHDIVIDE4,1,-1,new_dynamic,stagger_mfu,2,3254,15.677636693443901,3859
455,apache-zeppelin.csv,BATCHDIVIDE4,1,-1,new_dynamic,stagger_mfu,3,3228,16.351386369525784,3859
456,typetools-checker-framework.csv,BATCHBISECT,0,-1,new_dynamic,stagger_mfu,2,2947,35.55652744369124,4573
457,typetools-checker-framework.csv,BATCHBISECT,0,-1,new_dynamic,stagger_mfu,3,2954,35.40345506232232,4573
458,typetools-checker-framework.csv,BATCHSTOP4,0,-1,new_dynamic,stagger_mfu,2,2668,41.65755521539471,4573
459,typetools-checker-framework.csv,BATCHSTOP4,0,-1,new_dynamic,stagger_mfu,3,2659,41.854362562869014,4573
460,typetools-checker-framework.csv,BATCHDIVIDE4,0,-1,new_dynamic,stagger_mfu,2,2953,35.425322545375025,4573
461,typetools-checker-framework.csv,BATCHDIVIDE4,0,-1,new_dynamic,stagger_mfu,3,2974,34.96610540126831,4573
462,typetools-checker-framework.csv,BATCHBISECT,1,-1,new_dynamic,stagger_mfu,2,2486,33.5826876836762,3743
463,typetools-checker-framework.csv,BATCHBISECT,1,-1,new_dynamic,stagger_mfu,3,2464,34.170451509484366,3743
464,typetools-checker-framework.csv,BATCHSTOP4,1,-1,new_dynamic,stagger_mfu,2,2257,39.70077477958856,3743
465,typetools-checker-framework.csv,BATCHSTOP4,1,-1,new_dynamic,stagger_mfu,3,2199,41.25033395671921,3743
466,typetools-checker-framework.csv,BATCHDIVIDE4,1,-1,new_dynamic,stagger_mfu,2,2483,33.6628372962864,3743
467,typetools-checker-framework.csv,BATCHDIVIDE4,1,-1,new_dynamic,stagger_mfu,3,2439,34.83836494790275,3743
468,geoserver-geoserver.csv,BATCHBISECT,0,-1,new_dynamic,stagger_mfu,2,4737,11.804133308508653,5371
469,geoserver-geoserver.csv,BATCHBISECT,0,-1,new_dynamic,stagger_mfu,3,4813,10.389126792031277,5371
470,geoserver-geoserver.csv,BATCHSTOP4,0,-1,new_dynamic,stagger_mfu,2,4305,19.847328244274806,5371
471,geoserver-geoserver.csv,BATCHSTOP4,0,-1,new_dynamic,stagger_mfu,3,4237,21.11338670638615,5371
472,geoserver-geoserver.csv,BATCHDIVIDE4,0,-1,new_dynamic,stagger_mfu,2,4413,17.836529510333264,5371
473,geoserver-geoserver.csv,BATCHDIVIDE4,0,-1,new_dynamic,stagger_mfu,3,4338,19.232917520014894,5371
474,geoserver-geoserver.csv,BATCHBISECT,1,-1,new_dynamic,stagger_mfu,2,4529,12.05825242718447,5150
475,geoserver-geoserver.csv,BATCHBISECT,1,-1,new_dynamic,stagger_mfu,3,4602,10.640776699029132,5150
476,geoserver-geoserver.csv,BATCHSTOP4,1,-1,new_dynamic,stagger_mfu,2,4127,19.864077669902912,5150
477,geoserver-geoserver.csv,BATCHSTOP4,1,-1,new_dynamic,stagger_mfu,3,4085,20.67961165048544,5150
478,geoserver-geoserver.csv,BATCHDIVIDE4,1,-1,new_dynamic,stagger_mfu,2,4220,18.05825242718447,5150
479,geoserver-geoserver.csv,BATCHDIVIDE4,1,-1,new_dynamic,stagger_mfu,3,4189,18.66019417475728,5150
480,ngageoint-geowave.csv,BATCHBISECT,0,-1,new_dynamic,stagger_mfu,2,1373,53.20381731424676,2934
481,ngageoint-geowave.csv,BATCHBISECT,0,-1,new_dynamic,stagger_mfu,3,1393,52.52215405589639,2934
482,ngageoint-geowave.csv,BATCHSTOP4,0,-1,new_dynamic,stagger_mfu,2,1223,58.31629175187457,2934
483,ngageoint-geowave.csv,BATCHSTOP4,0,-1,new_dynamic,stagger_mfu,3,1196,59.23653715064758,2934
484,ngageoint-geowave.csv,BATCHDIVIDE4,0,-1,new_dynamic,stagger_mfu,2,1510,48.53442399454669,2934
485,ngageoint-geowave.csv,BATCHDIVIDE4,0,-1,new_dynamic,stagger_mfu,3,1482,49.488752556237216,2934
486,ngageoint-geowave.csv,BATCHBISECT,1,-1,new_dynamic,stagger_mfu,2,1102,56.64830841856806,2542
487,ngageoint-geowave.csv,BATCHBISECT,1,-1,new_dynamic,stagger_mfu,3,1105,56.53029110936271,2542
488,ngageoint-geowave.csv,BATCHSTOP4,1,-1,new_dynamic,stagger_mfu,2,972,61.762391817466565,2542
489,ngageoint-geowave.csv,BATCHSTOP4,1,-1,new_dynamic,stagger_mfu,3,958,62.31313926042486,2542
490,ngageoint-geowave.csv,BATCHDIVIDE4,1,-1,new_dynamic,stagger_mfu,2,1238,51.29819040125885,2542
491,ngageoint-geowave.csv,BATCHDIVIDE4,1,-1,new_dynamic,stagger_mfu,3,1232,51.53422501966955,2542
492,sparklemotion-nokogiri.csv,BATCHBISECT,0,-1,new_dynamic,stagger_mfu,2,3041,47.81191007379441,5827
493,sparklemotion-nokogiri.csv,BATCHBISECT,0,-1,new_dynamic,stagger_mfu,3,3016,48.24094731422687,5827
494,sparklemotion-nokogiri.csv,BATCHSTOP4,0,-1,new_dynamic,stagger_mfu,2,2826,51.501630341513646,5827
495,sparklemotion-nokogiri.csv,BATCHSTOP4,0,-1,new_dynamic,stagger_mfu,3,2775,52.37686631199588,5827
496,sparklemotion-nokogiri.csv,BATCHDIVIDE4,0,-1,new_dynamic,stagger_mfu,2,3390,41.82255019735713,5827
497,sparklemotion-nokogiri.csv,BATCHDIVIDE4,0,-1,new_dynamic,stagger_mfu,3,3342,42.64630169898747,5827
498,sparklemotion-nokogiri.csv,BATCHBISECT,1,-1,new_dynamic,stagger_mfu,2,2167,47.00415749572022,4089
499,sparklemotion-nokogiri.csv,BATCHBISECT,1,-1,new_dynamic,stagger_mfu,3,2162,47.12643678160919,4089
500,sparklemotion-nokogiri.csv,BATCHSTOP4,1,-1,new_dynamic,stagger_mfu,2,2007,50.91709464416728,4089
501,sparklemotion-nokogiri.csv,BATCHSTOP4,1,-1,new_dynamic,stagger_mfu,3,1983,51.50403521643434,4089
502,sparklemotion-nokogiri.csv,BATCHDIVIDE4,1,-1,new_dynamic,stagger_mfu,2,2385,41.672780630961114,4089
503,sparklemotion-nokogiri.csv,BATCHDIVIDE4,1,-1,new_dynamic,stagger_mfu,3,2377,41.86842748838347,4089
504,Graylog2-graylog2-server.csv,BATCHBISECT,0,-1,new_dynamic,stagger_mfu,2,1077,65.85288522511097,3154
505,Graylog2-graylog2-server.csv,BATCHBISECT,0,-1,new_dynamic,stagger_mfu,3,1095,65.28218135700698,3154
506,Graylog2-graylog2-server.csv,BATCHSTOP4,0,-1,new_dynamic,stagger_mfu,2,1002,68.23081800887762,3154
507,Graylog2-graylog2-server.csv,BATCHSTOP4,0,-1,new_dynamic,stagger_mfu,3,1020,67.66011414077363,3154
508,Graylog2-graylog2-server.csv,BATCHDIVIDE4,0,-1,new_dynamic,stagger_mfu,2,1354,57.07038681039949,3154
509,Graylog2-graylog2-server.csv,BATCHDIVIDE4,0,-1,new_dynamic,stagger_mfu,3,1385,56.08750792644261,3154
510,Graylog2-graylog2-server.csv,BATCHBISECT,1,-1,new_dynamic,stagger_mfu,2,1149,62.79145077720207,3088
511,Graylog2-graylog2-server.csv,BATCHBISECT,1,-1,new_dynamic,stagger_mfu,3,1127,63.50388601036269,3088
512,Graylog2-graylog2-server.csv,BATCHSTOP4,1,-1,new_dynamic,stagger_mfu,2,1034,66.51554404145077,3088
513,Graylog2-graylog2-server.csv,BATCHSTOP4,1,-1,new_dynamic,stagger_mfu,3,1025,66.80699481865284,3088
514,Graylog2-graylog2-server.csv,BATCHDIVIDE4,1,-1,new_dynamic,stagger_mfu,2,1365,55.79663212435233,3088
515,Graylog2-graylog2-server.csv,BATCHDIVIDE4,1,-1,new_dynamic,stagger_mfu,3,1359,55.990932642487046,3088
516,cloudfoundry-uaa.csv,BATCHBISECT,0,-1,new_dynamic,stagger_mfu,2,99,65.38461538461539,286
517,cloudfoundry-uaa.csv,BATCHBISECT,0,-1,new_dynamic,stagger_mfu,3,102,64.33566433566433,286
518,cloudfoundry-uaa.csv,BATCHSTOP4,0,-1,new_dynamic,stagger_mfu,2,91,68.18181818181819,286
519,cloudfoundry-uaa.csv,BATCHSTOP4,0,-1,new_dynamic,stagger_mfu,3,92,67.83216783216784,286
520,cloudfoundry-uaa.csv,BATCHDIVIDE4,0,-1,new_dynamic,stagger_mfu,2,123,56.99300699300699,286
521,cloudfoundry-uaa.csv,BATCHDIVIDE4,0,-1,new_dynamic,stagger_mfu,3,126,55.94405594405595,286
522,cloudfoundry-uaa.csv,BATCHBISECT,1,-1,new_dynamic,stagger_mfu,2,80,67.21311475409837,244
523,cloudfoundry-uaa.csv,BATCHBISECT,1,-1,new_dynamic,stagger_mfu,3,74,69.67213114754098,244
524,cloudfoundry-uaa.csv,BATCHSTOP4,1,-1,new_dynamic,stagger_mfu,2,70,71.31147540983606,244
525,cloudfoundry-uaa.csv,BATCHSTOP4,1,-1,new_dynamic,stagger_mfu,3,64,73.77049180327869,244
526,cloudfoundry-uaa.csv,BATCHDIVIDE4,1,-1,new_dynamic,stagger_mfu,2,98,59.83606557377049,244
527,cloudfoundry-uaa.csv,BATCHDIVIDE4,1,-1,new_dynamic,stagger_mfu,3,94,61.47540983606557,244
528,apache-jackrabbit-oak.csv,BATCHBISECT,0,-1,new_dynamic,stagger_mfu,2,7239,4.5490506329113884,7584
529,apache-jackrabbit-oak.csv,BATCHBISECT,0,-1,new_dynamic,stagger_mfu,3,7487,1.2790084388185647,7584
530,apache-jackrabbit-oak.csv,BATCHSTOP4,0,-1,new_dynamic,stagger_mfu,2,6488,14.451476793248943,7584
531,apache-jackrabbit-oak.csv,BATCHSTOP4,0,-1,new_dynamic,stagger_mfu,3,6371,15.994198312236293,7584
532,apache-jackrabbit-oak.csv,BATCHDIVIDE4,0,-1,new_dynamic,stagger_mfu,2,6584,13.185654008438817,7584
533,apache-jackrabbit-oak.csv,BATCHDIVIDE4,0,-1,new_dynamic,stagger_mfu,3,6466,14.741561181434605,7584
534,apache-jackrabbit-oak.csv,BATCHBISECT,1,-1,new_dynamic,stagger_mfu,2,7239,4.5490506329113884,7584
535,apache-jackrabbit-oak.csv,BATCHBISECT,1,-1,new_dynamic,stagger_mfu,3,7487,1.2790084388185647,7584
536,apache-jackrabbit-oak.csv,BATCHSTOP4,1,-1,new_dynamic,stagger_mfu,2,6488,14.451476793248943,7584
537,apache-jackrabbit-oak.csv,BATCHSTOP4,1,-1,new_dynamic,stagger_mfu,3,6371,15.994198312236293,7584
538,apache-jackrabbit-oak.csv,BATCHDIVIDE4,1,-1,new_dynamic,stagger_mfu,2,6584,13.185654008438817,7584
539,apache-jackrabbit-oak.csv,BATCHDIVIDE4,1,-1,new_dynamic,stagger_mfu,3,6466,14.741561181434605,7584
540,apache-pdfbox.csv,BATCHBISECT,0,-1,new_dynamic,stagger_mfu,2,8303,7.621272808188692,8988
541,apache-pdfbox.csv,BATCHBISECT,0,-1,new_dynamic,stagger_mfu,3,8533,5.0623052959501535,8988
542,apache-pdfbox.csv,BATCHSTOP4,0,-1,new_dynamic,stagger_mfu,2,7505,16.499777481085886,8988
543,apache-pdfbox.csv,BATCHSTOP4,0,-1,new_dynamic,stagger_mfu,3,7436,17.26746773475746,8988
544,apache-pdfbox.csv,BATCHDIVIDE4,0,-1,new_dynamic,stagger_mfu,2,7680,14.552736982643523,8988
545,apache-pdfbox.csv,BATCHDIVIDE4,0,-1,new_dynamic,stagger_mfu,3,7629,15.120160213618163,8988
546,apache-pdfbox.csv,BATCHBISECT,1,-1,new_dynamic,stagger_mfu,2,8303,7.621272808188692,8988
547,apache-pdfbox.csv,BATCHBISECT,1,-1,new_dynamic,stagger_mfu,3,8533,5.0623052959501535,8988
548,apache-pdfbox.csv,BATCHSTOP4,1,-1,new_dynamic,stagger_mfu,2,7505,16.499777481085886,8988
549,apache-pdfbox.csv,BATCHSTOP4,1,-1,new_dynamic,stagger_mfu,3,7436,17.26746773475746,8988
550,apache-pdfbox.csv,BATCHDIVIDE4,1,-1,new_dynamic,stagger_mfu,2,7680,14.552736982643523,8988
551,apache-pdfbox.csv,BATCHDIVIDE4,1,-1,new_dynamic,stagger_mfu,3,7629,15.120160213618163,8988
552,apache-sling.csv,BATCHBISECT,0,-1,new_dynamic,stagger_mfu,2,14255,0.2867935086737532,14296
553,apache-sling.csv,BATCHBISECT,0,-1,new_dynamic,stagger_mfu,3,14272,0.16787912702854157,14296
554,apache-sling.csv,BATCHSTOP4,0,-1,new_dynamic,stagger_mfu,2,14207,0.6225517627308363,14296
555,apache-sling.csv,BATCHSTOP4,0,-1,new_dynamic,stagger_mfu,3,14195,0.7064913262451,14296
556,apache-sling.csv,BATCHDIVIDE4,0,-1,new_dynamic,stagger_mfu,2,14220,0.5316172355903745,14296
557,apache-sling.csv,BATCHDIVIDE4,0,-1,new_dynamic,stagger_mfu,3,14206,0.6295467263570202,14296
558,apache-sling.csv,BATCHBISECT,1,-1,new_dynamic,stagger_mfu,2,14215,0.28759820426486726,14256
559,apache-sling.csv,BATCHBISECT,1,-1,new_dynamic,stagger_mfu,3,14232,0.16835016835017313,14256
560,apache-sling.csv,BATCHSTOP4,1,-1,new_dynamic,stagger_mfu,2,14167,0.6242985409652135,14256
561,apache-sling.csv,BATCHSTOP4,1,-1,new_dynamic,stagger_mfu,3,14155,0.7084736251402859,14256
562,apache-sling.csv,BATCHDIVIDE4,1,-1,new_dynamic,stagger_mfu,2,14180,0.5331088664422055,14256
563,apache-sling.csv,BATCHDIVIDE4,1,-1,new_dynamic,stagger_mfu,3,14166,0.631313131313135,14256
564,SonarSource-sonar-java.csv,BATCHBISECT,0,-1,new_dynamic,stagger_mfu,2,6624,45.88677395637611,12241
565,SonarSource-sonar-java.csv,BATCHBISECT,0,-1,new_dynamic,stagger_mfu,3,6614,45.96846662854342,12241
566,SonarSource-sonar-java.csv,BATCHSTOP4,0,-1,new_dynamic,stagger_mfu,2,5757,52.96952863328159,12241
567,SonarSource-sonar-java.csv,BATCHSTOP4,0,-1,new_dynamic,stagger_mfu,3,5561,54.57070500776081,12241
568,SonarSource-sonar-java.csv,BATCHDIVIDE4,0,-1,new_dynamic,stagger_mfu,2,6790,44.53067559839882,12241
569,SonarSource-sonar-java.csv,BATCHDIVIDE4,0,-1,new_dynamic,stagger_mfu,3,6631,45.829589085859,12241
570,SonarSource-sonar-java.csv,BATCHBISECT,1,-1,new_dynamic,stagger_mfu,2,6613,45.96339271122732,12238
571,SonarSource-sonar-java.csv,BATCHBISECT,1,-1,new_dynamic,stagger_mfu,3,6619,45.91436509233535,12238
572,SonarSource-sonar-java.csv,BATCHSTOP4,1,-1,new_dynamic,stagger_mfu,2,5758,52.949828403333875,12238
573,SonarSource-sonar-java.csv,BATCHSTOP4,1,-1,new_dynamic,stagger_mfu,3,5564,54.535054747507765,12238
574,SonarSource-sonar-java.csv,BATCHDIVIDE4,1,-1,new_dynamic,stagger_mfu,2,6789,44.52524922372937,12238
575,SonarSource-sonar-java.csv,BATCHDIVIDE4,1,-1,new_dynamic,stagger_mfu,3,6635,45.78362477529008,12238
576,killbill-killbill.csv,BATCHBISECT,0,-1,new_dynamic,stagger_mfu,2,4506,29.58274730426629,6399
577,killbill-killbill.csv,BATCHBISECT,0,-1,new_dynamic,stagger_mfu,3,4429,30.786060321925305,6399
578,killbill-killbill.csv,BATCHSTOP4,0,-1,new_dynamic,stagger_mfu,2,4193,34.47413658384123,6399
579,killbill-killbill.csv,BATCHSTOP4,0,-1,new_dynamic,stagger_mfu,3,4087,36.13064541334584,6399
580,killbill-killbill.csv,BATCHDIVIDE4,0,-1,new_dynamic,stagger_mfu,2,4561,28.723238005938427,6399
581,killbill-killbill.csv,BATCHDIVIDE4,0,-1,new_dynamic,stagger_mfu,3,4479,30.00468823253634,6399
582,killbill-killbill.csv,BATCHBISECT,1,-1,new_dynamic,stagger_mfu,2,4416,29.91588636724329,6301
583,killbill-killbill.csv,BATCHBISECT,1,-1,new_dynamic,stagger_mfu,3,4351,30.94746865576893,6301
584,killbill-killbill.csv,BATCHSTOP4,1,-1,new_dynamic,stagger_mfu,2,4096,34.9944453261387,6301
585,killbill-killbill.csv,BATCHSTOP4,1,-1,new_dynamic,stagger_mfu,3,4008,36.39104903983495,6301
586,killbill-killbill.csv,BATCHDIVIDE4,1,-1,new_dynamic,stagger_mfu,2,4455,29.29693699412792,6301
587,killbill-killbill.csv,BATCHDIVIDE4,1,-1,new_dynamic,stagger_mfu,3,4397,30.21742580542771,6301
588,checkstyle-checkstyle.csv,BATCHBISECT,0,-1,new_dynamic,stagger_mfu,2,9965,78.68129987377789,46743
589,checkstyle-checkstyle.csv,BATCHBISECT,0,-1,new_dynamic,stagger_mfu,3,9756,79.12842564662088,46743
590,checkstyle-checkstyle.csv,BATCHSTOP4,0,-1,new_dynamic,stagger_mfu,2,9155,80.41417966326509,46743
591,checkstyle-checkstyle.csv,BATCHSTOP4,0,-1,new_dynamic,stagger_mfu,3,9017,80.70941103480735,46743
592,checkstyle-checkstyle.csv,BATCHDIVIDE4,0,-1,new_dynamic,stagger_mfu,2,16502,64.69631816528678,46743
593,checkstyle-checkstyle.csv,BATCHDIVIDE4,0,-1,new_dynamic,stagger_mfu,3,16408,64.89741779517789,46743
594,checkstyle-checkstyle.csv,BATCHBISECT,1,-1,new_dynamic,stagger_mfu,2,8238,80.4536610829023,42146
595,checkstyle-checkstyle.csv,BATCHBISECT,1,-1,new_dynamic,stagger_mfu,3,8088,80.80956674417502,42146
596,checkstyle-checkstyle.csv,BATCHSTOP4,1,-1,new_dynamic,stagger_mfu,2,7562,82.05760926303802,42146
597,checkstyle-checkstyle.csv,BATCHSTOP4,1,-1,new_dynamic,stagger_mfu,3,7491,82.22607127604043,42146
598,checkstyle-checkstyle.csv,BATCHDIVIDE4,1,-1,new_dynamic,stagger_mfu,2,14337,65.98253689555355,42146
599,checkstyle-checkstyle.csv,BATCHDIVIDE4,1,-1,new_dynamic,stagger_mfu,3,14279,66.12015375124567,42146
