,project,algorithm,ci_skip,batch_size,method,update_method,factor,num_of_builds,builds_saved,testall_size,time_saved,total_duration,testall_duration
0,junit-team-junit5.csv,BATCHBISECT,0,-1,new_dynamic,stagger_mfu,2,573,66.21462264150944,1696,72.06461889344425,91373.0,327087.0
1,junit-team-junit5.csv,BATCHBISECT,0,-1,new_dynamic,stagger_mfu,3,584,65.56603773584905,1696,71.3284233246812,93781.0,327087.0
2,junit-team-junit5.csv,BATCHSTOP4,0,-1,new_dynamic,stagger_mfu,2,560,66.98113207547169,1696,72.05208400211565,91414.0,327087.0
3,junit-team-junit5.csv,BATCHSTOP4,0,-1,new_dynamic,stagger_mfu,3,554,67.33490566037736,1696,72.10619804516841,91237.0,327087.0
4,junit-team-junit5.csv,BATCHDIVIDE4,0,-1,new_dynamic,stagger_mfu,2,683,59.72877358490566,1696,42.585306050072305,187796.0,327087.0
5,junit-team-junit5.csv,BATCHDIVIDE4,0,-1,new_dynamic,stagger_mfu,3,669,60.554245283018865,1696,42.06526092446352,189497.0,327087.0
6,junit-team-junit5.csv,BATCHBISECT,1,-1,new_dynamic,stagger_mfu,2,522,65.4075546719682,1509,74.46887219608239,83509.0,327087.0
7,junit-team-junit5.csv,BATCHBISECT,1,-1,new_dynamic,stagger_mfu,3,535,64.54605699138503,1509,74.32212224882065,83989.0,327087.0
8,junit-team-junit5.csv,BATCHSTOP4,1,-1,new_dynamic,stagger_mfu,2,534,64.61232604373757,1509,72.60973380171025,89590.0,327087.0
9,junit-team-junit5.csv,BATCHSTOP4,1,-1,new_dynamic,stagger_mfu,3,509,66.26905235255136,1509,73.52997826266406,86580.0,327087.0
10,junit-team-junit5.csv,BATCHDIVIDE4,1,-1,new_dynamic,stagger_mfu,2,629,58.316766070245194,1509,52.36313274449917,155814.0,327087.0
11,junit-team-junit5.csv,BATCHDIVIDE4,1,-1,new_dynamic,stagger_mfu,3,612,59.44333996023857,1509,52.529449351395805,155270.0,327087.0
12,ratpack-ratpack.csv,BATCHBISECT,0,-1,new_dynamic,stagger_mfu,2,1793,4.424307036247342,1876,2.5787395289995345,1952891.0,2004584.0
13,ratpack-ratpack.csv,BATCHBISECT,0,-1,new_dynamic,stagger_mfu,3,1893,-0.9061833688699323,1876,-4.4037067042338975,2092860.0,2004584.0
14,ratpack-ratpack.csv,BATCHSTOP4,0,-1,new_dynamic,stagger_mfu,2,2023,-7.835820895522389,1876,-11.337015560335715,2231844.0,2004584.0
15,ratpack-ratpack.csv,BATCHSTOP4,0,-1,new_dynamic,stagger_mfu,3,1987,-5.916844349680176,1876,-6.405618322804131,2132990.0,2004584.0
16,ratpack-ratpack.csv,BATCHDIVIDE4,0,-1,new_dynamic,stagger_mfu,2,1798,4.157782515991471,1876,-4.884055744234217,2102489.0,2004584.0
17,ratpack-ratpack.csv,BATCHDIVIDE4,0,-1,new_dynamic,stagger_mfu,3,1758,6.289978678038381,1876,-0.6565950840673196,2017746.0,2004584.0
18,ratpack-ratpack.csv,BATCHBISECT,1,-1,new_dynamic,stagger_mfu,2,1634,1.3285024154589422,1656,16.77071152917513,1668401.0,2004584.0
19,ratpack-ratpack.csv,BATCHBISECT,1,-1,new_dynamic,stagger_mfu,3,1657,-0.06038647342995773,1656,13.614994432760113,1731660.0,2004584.0
20,ratpack-ratpack.csv,BATCHSTOP4,1,-1,new_dynamic,stagger_mfu,2,1636,1.2077294685990267,1656,25.256661731311837,1498293.0,2004584.0
21,ratpack-ratpack.csv,BATCHSTOP4,1,-1,new_dynamic,stagger_mfu,3,1743,-5.253623188405797,1656,9.377955725477207,1816595.0,2004584.0
22,ratpack-ratpack.csv,BATCHDIVIDE4,1,-1,new_dynamic,stagger_mfu,2,1593,3.8043478260869534,1656,25.50294724491465,1493356.0,2004584.0
23,ratpack-ratpack.csv,BATCHDIVIDE4,1,-1,new_dynamic,stagger_mfu,3,1566,5.434782608695656,1656,14.093647360250301,1722065.0,2004584.0
24,p6spy-p6spy.csv,BATCHBISECT,0,-1,new_dynamic,stagger_mfu,2,1074,16.614906832298132,1288,24.223118249448575,1758301.0,2320366.0
25,p6spy-p6spy.csv,BATCHBISECT,0,-1,new_dynamic,stagger_mfu,3,1118,13.198757763975152,1288,17.18586636763338,1921591.0,2320366.0
26,p6spy-p6spy.csv,BATCHSTOP4,0,-1,new_dynamic,stagger_mfu,2,1103,14.363354037267086,1288,27.511564985868603,1681997.0,2320366.0
27,p6spy-p6spy.csv,BATCHSTOP4,0,-1,new_dynamic,stagger_mfu,3,1144,11.18012422360249,1288,25.411422163572468,1730728.0,2320366.0
28,p6spy-p6spy.csv,BATCHDIVIDE4,0,-1,new_dynamic,stagger_mfu,2,1036,19.565217391304344,1288,17.42565612493891,1916027.0,2320366.0
29,p6spy-p6spy.csv,BATCHDIVIDE4,0,-1,new_dynamic,stagger_mfu,3,1063,17.468944099378888,1288,15.91391185700877,1951105.0,2320366.0
30,p6spy-p6spy.csv,BATCHBISECT,1,-1,new_dynamic,stagger_mfu,2,774,15.50218340611353,916,55.72254549497795,1027399.0,2320366.0
31,p6spy-p6spy.csv,BATCHBISECT,1,-1,new_dynamic,stagger_mfu,3,795,13.209606986899558,916,51.32517887264337,1129434.0,2320366.0
32,p6spy-p6spy.csv,BATCHSTOP4,1,-1,new_dynamic,stagger_mfu,2,840,8.296943231441048,916,54.271869179258786,1061060.0,2320366.0
33,p6spy-p6spy.csv,BATCHSTOP4,1,-1,new_dynamic,stagger_mfu,3,836,8.733624454148469,916,55.43543561662255,1034061.0,2320366.0
34,p6spy-p6spy.csv,BATCHDIVIDE4,1,-1,new_dynamic,stagger_mfu,2,783,14.519650655021834,916,47.7897883351161,1211468.0,2320366.0
35,p6spy-p6spy.csv,BATCHDIVIDE4,1,-1,new_dynamic,stagger_mfu,3,781,14.737991266375545,916,47.624555781286226,1215302.0,2320366.0
36,apache-tajo.csv,BATCHBISECT,0,-1,new_dynamic,stagger_mfu,2,948,26.340326340326342,1287,,,
37,apache-tajo.csv,BATCHBISECT,0,-1,new_dynamic,stagger_mfu,3,935,27.350427350427353,1287,,1873337.0,
38,apache-tajo.csv,BATCHSTOP4,0,-1,new_dynamic,stagger_mfu,2,877,31.857031857031856,1287,,,
39,apache-tajo.csv,BATCHSTOP4,0,-1,new_dynamic,stagger_mfu,3,893,30.613830613830615,1287,,,
40,apache-tajo.csv,BATCHDIVIDE4,0,-1,new_dynamic,stagger_mfu,2,890,30.846930846930846,1287,,,
41,apache-tajo.csv,BATCHDIVIDE4,0,-1,new_dynamic,stagger_mfu,3,908,29.448329448329446,1287,,,
42,apache-tajo.csv,BATCHBISECT,1,-1,new_dynamic,stagger_mfu,2,955,25.680933852140072,1285,,,
43,apache-tajo.csv,BATCHBISECT,1,-1,new_dynamic,stagger_mfu,3,942,26.692607003891055,1285,,,
44,apache-tajo.csv,BATCHSTOP4,1,-1,new_dynamic,stagger_mfu,2,876,31.828793774319067,1285,,,
45,apache-tajo.csv,BATCHSTOP4,1,-1,new_dynamic,stagger_mfu,3,907,29.416342412451357,1285,,,
46,apache-tajo.csv,BATCHDIVIDE4,1,-1,new_dynamic,stagger_mfu,2,890,30.739299610894946,1285,,,
47,apache-tajo.csv,BATCHDIVIDE4,1,-1,new_dynamic,stagger_mfu,3,920,28.404669260700388,1285,,,
48,osmdroid-osmdroid.csv,BATCHBISECT,0,-1,new_dynamic,stagger_mfu,2,962,9.58646616541354,1064,10.104656888376653,10203588.0,11350519.0
49,osmdroid-osmdroid.csv,BATCHBISECT,0,-1,new_dynamic,stagger_mfu,3,958,9.962406015037601,1064,10.275477271127428,10184199.0,11350519.0
50,osmdroid-osmdroid.csv,BATCHSTOP4,0,-1,new_dynamic,stagger_mfu,2,965,9.304511278195491,1064,22.979398563184645,8742238.0,11350519.0
51,osmdroid-osmdroid.csv,BATCHSTOP4,0,-1,new_dynamic,stagger_mfu,3,999,6.109022556390983,1064,17.61104492226302,9351574.0,11350519.0
52,osmdroid-osmdroid.csv,BATCHDIVIDE4,0,-1,new_dynamic,stagger_mfu,2,958,9.962406015037601,1064,19.208214179457343,9170287.0,11350519.0
53,osmdroid-osmdroid.csv,BATCHDIVIDE4,0,-1,new_dynamic,stagger_mfu,3,985,7.424812030075188,1064,11.12063686250822,10088269.0,11350519.0
54,osmdroid-osmdroid.csv,BATCHBISECT,1,-1,new_dynamic,stagger_mfu,2,863,9.253417455310199,951,20.452403982584414,9029065.0,11350519.0
55,osmdroid-osmdroid.csv,BATCHBISECT,1,-1,new_dynamic,stagger_mfu,3,853,10.304942166140904,951,20.970027890354615,8970312.0,11350519.0
56,osmdroid-osmdroid.csv,BATCHSTOP4,1,-1,new_dynamic,stagger_mfu,2,888,6.624605678233436,951,28.096036842015764,8161473.0,11350519.0
57,osmdroid-osmdroid.csv,BATCHSTOP4,1,-1,new_dynamic,stagger_mfu,3,898,5.573080967402731,951,25.17610868718866,8492900.0,11350519.0
58,osmdroid-osmdroid.csv,BATCHDIVIDE4,1,-1,new_dynamic,stagger_mfu,2,880,7.465825446898009,951,24.896914405411763,8524590.0,11350519.0
59,osmdroid-osmdroid.csv,BATCHDIVIDE4,1,-1,new_dynamic,stagger_mfu,3,891,6.3091482649842305,951,19.745361423561334,9109318.0,11350519.0
60,DSpace-DSpace.csv,BATCHBISECT,0,-1,new_dynamic,stagger_mfu,2,575,63.515228426395936,1576,62.78180113928561,395871.0,1063649.0
61,DSpace-DSpace.csv,BATCHBISECT,0,-1,new_dynamic,stagger_mfu,3,576,63.45177664974619,1576,58.31359781281231,443397.0,1063649.0
62,DSpace-DSpace.csv,BATCHSTOP4,0,-1,new_dynamic,stagger_mfu,2,559,64.53045685279187,1576,62.525889649687066,398593.0,1063649.0
63,DSpace-DSpace.csv,BATCHSTOP4,0,-1,new_dynamic,stagger_mfu,3,548,65.2284263959391,1576,62.857954080716475,395061.0,1063649.0
64,DSpace-DSpace.csv,BATCHDIVIDE4,0,-1,new_dynamic,stagger_mfu,2,663,57.931472081218274,1576,37.231455113481985,667637.0,1063649.0
65,DSpace-DSpace.csv,BATCHDIVIDE4,0,-1,new_dynamic,stagger_mfu,3,658,58.24873096446701,1576,37.037406136798886,669701.0,1063649.0
66,DSpace-DSpace.csv,BATCHBISECT,1,-1,new_dynamic,stagger_mfu,2,574,62.459123610202745,1529,62.055057636494745,403601.0,1063649.0
67,DSpace-DSpace.csv,BATCHBISECT,1,-1,new_dynamic,stagger_mfu,3,555,63.70176586003924,1529,63.337529579776785,389960.0,1063649.0
68,DSpace-DSpace.csv,BATCHSTOP4,1,-1,new_dynamic,stagger_mfu,2,561,63.30935251798561,1529,59.12881035003088,434726.0,1063649.0
69,DSpace-DSpace.csv,BATCHSTOP4,1,-1,new_dynamic,stagger_mfu,3,543,64.4865925441465,1529,60.182071341203724,423523.0,1063649.0
70,DSpace-DSpace.csv,BATCHDIVIDE4,1,-1,new_dynamic,stagger_mfu,2,663,56.6383257030739,1529,36.985509317453406,670253.0,1063649.0
71,DSpace-DSpace.csv,BATCHDIVIDE4,1,-1,new_dynamic,stagger_mfu,3,642,58.011772400261606,1529,36.83442564229365,671860.0,1063649.0
72,apache-nifi.csv,BATCHBISECT,0,-1,new_dynamic,stagger_mfu,2,999,21.400472069236827,1271,26.829283206114894,2991685.0,4088637.0
73,apache-nifi.csv,BATCHBISECT,0,-1,new_dynamic,stagger_mfu,3,1002,21.164437450826128,1271,25.691691387618903,3038197.0,4088637.0
74,apache-nifi.csv,BATCHSTOP4,0,-1,new_dynamic,stagger_mfu,2,926,27.143981117230524,1271,39.32948804210303,2480597.0,4088637.0
75,apache-nifi.csv,BATCHSTOP4,0,-1,new_dynamic,stagger_mfu,3,988,22.265932336742722,1271,34.17434709904548,2691372.0,4088637.0
76,apache-nifi.csv,BATCHDIVIDE4,0,-1,new_dynamic,stagger_mfu,2,924,27.301337529504323,1271,28.684864907302853,2915817.0,4088637.0
77,apache-nifi.csv,BATCHDIVIDE4,0,-1,new_dynamic,stagger_mfu,3,962,24.311565696302125,1271,23.989119112310533,3107809.0,4088637.0
78,apache-nifi.csv,BATCHBISECT,1,-1,new_dynamic,stagger_mfu,2,930,21.585160202360882,1186,29.015488535666037,2902299.0,4088637.0
79,apache-nifi.csv,BATCHBISECT,1,-1,new_dynamic,stagger_mfu,3,931,21.500843170320408,1186,29.866994795576133,2867484.0,4088637.0
80,apache-nifi.csv,BATCHSTOP4,1,-1,new_dynamic,stagger_mfu,2,882,25.63237774030354,1186,36.98560180324152,2576430.0,4088637.0
81,apache-nifi.csv,BATCHSTOP4,1,-1,new_dynamic,stagger_mfu,3,870,26.64418212478921,1186,37.41902252511045,2558709.0,4088637.0
82,apache-nifi.csv,BATCHDIVIDE4,1,-1,new_dynamic,stagger_mfu,2,872,26.475548060708263,1186,29.36560521269068,2887984.0,4088637.0
83,apache-nifi.csv,BATCHDIVIDE4,1,-1,new_dynamic,stagger_mfu,3,872,26.475548060708263,1186,25.000116175635057,3066473.0,4088637.0
84,caelum-vraptor4.csv,BATCHBISECT,0,-1,new_dynamic,stagger_mfu,2,815,42.92717086834734,1428,44.61381847414825,126769.0,228882.0
85,caelum-vraptor4.csv,BATCHBISECT,0,-1,new_dynamic,stagger_mfu,3,808,43.417366946778714,1428,40.54753104219642,136076.0,228882.0
86,caelum-vraptor4.csv,BATCHSTOP4,0,-1,new_dynamic,stagger_mfu,2,804,43.69747899159664,1428,38.48882830454121,140788.0,228882.0
87,caelum-vraptor4.csv,BATCHSTOP4,0,-1,new_dynamic,stagger_mfu,3,793,44.46778711484594,1428,40.15999510664884,136963.0,228882.0
88,caelum-vraptor4.csv,BATCHDIVIDE4,0,-1,new_dynamic,stagger_mfu,2,788,44.817927170868344,1428,26.131369002368032,169072.0,228882.0
89,caelum-vraptor4.csv,BATCHDIVIDE4,0,-1,new_dynamic,stagger_mfu,3,804,43.69747899159664,1428,24.764725928644452,172200.0,228882.0
90,caelum-vraptor4.csv,BATCHBISECT,1,-1,new_dynamic,stagger_mfu,2,539,43.02325581395349,946,63.326517594218856,83939.0,228882.0
91,caelum-vraptor4.csv,BATCHBISECT,1,-1,new_dynamic,stagger_mfu,3,553,41.54334038054968,946,60.048409223966935,91442.0,228882.0
92,caelum-vraptor4.csv,BATCHSTOP4,1,-1,new_dynamic,stagger_mfu,2,528,44.18604651162791,946,63.1168025445426,84419.0,228882.0
93,caelum-vraptor4.csv,BATCHSTOP4,1,-1,new_dynamic,stagger_mfu,3,534,43.551797040169134,946,62.4286750377924,85994.0,228882.0
94,caelum-vraptor4.csv,BATCHDIVIDE4,1,-1,new_dynamic,stagger_mfu,2,526,44.397463002114165,946,53.37553848708068,106715.0,228882.0
95,caelum-vraptor4.csv,BATCHDIVIDE4,1,-1,new_dynamic,stagger_mfu,3,532,43.76321353065539,946,51.410333709072795,111213.0,228882.0
96,grails-grails-core.csv,BATCHBISECT,0,-1,new_dynamic,stagger_mfu,2,1002,5.649717514124291,1062,11.224334274275776,1654228.0,1863380.0
97,grails-grails-core.csv,BATCHBISECT,0,-1,new_dynamic,stagger_mfu,3,1029,3.10734463276836,1062,5.806759759147354,1755178.0,1863380.0
98,grails-grails-core.csv,BATCHSTOP4,0,-1,new_dynamic,stagger_mfu,2,985,7.250470809792844,1062,22.52508881709582,1443652.0,1863380.0
99,grails-grails-core.csv,BATCHSTOP4,0,-1,new_dynamic,stagger_mfu,3,983,7.438794726930325,1062,21.568171816806014,1461483.0,1863380.0
100,grails-grails-core.csv,BATCHDIVIDE4,0,-1,new_dynamic,stagger_mfu,2,967,8.945386064030131,1062,20.455033326535656,1482225.0,1863380.0
101,grails-grails-core.csv,BATCHDIVIDE4,0,-1,new_dynamic,stagger_mfu,3,939,11.581920903954796,1062,16.260988096899183,1560376.0,1863380.0
102,grails-grails-core.csv,BATCHBISECT,1,-1,new_dynamic,stagger_mfu,2,967,3.876739562624252,1006,11.493737187261857,1649208.0,1863380.0
103,grails-grails-core.csv,BATCHBISECT,1,-1,new_dynamic,stagger_mfu,3,1027,-2.087475149105373,1006,8.021927894471332,1713901.0,1863380.0
104,grails-grails-core.csv,BATCHSTOP4,1,-1,new_dynamic,stagger_mfu,2,934,7.157057654075544,1006,23.53878435960459,1424763.0,1863380.0
105,grails-grails-core.csv,BATCHSTOP4,1,-1,new_dynamic,stagger_mfu,3,949,5.666003976143145,1006,20.512187530187077,1481160.0,1863380.0
106,grails-grails-core.csv,BATCHDIVIDE4,1,-1,new_dynamic,stagger_mfu,2,896,10.934393638170974,1006,24.386276551213385,1408971.0,1863380.0
107,grails-grails-core.csv,BATCHDIVIDE4,1,-1,new_dynamic,stagger_mfu,3,912,9.343936381709739,1006,19.256727022936815,1504554.0,1863380.0
108,square-wire.csv,BATCHBISECT,0,-1,new_dynamic,stagger_mfu,2,363,67.64705882352942,1122,66.202194104909,94426.0,279385.0
109,square-wire.csv,BATCHBISECT,0,-1,new_dynamic,stagger_mfu,3,359,68.00356506238859,1122,67.50433988939993,90788.0,279385.0
110,square-wire.csv,BATCHSTOP4,0,-1,new_dynamic,stagger_mfu,2,320,71.4795008912656,1122,70.69277162338707,81880.0,279385.0
111,square-wire.csv,BATCHSTOP4,0,-1,new_dynamic,stagger_mfu,3,315,71.92513368983957,1122,71.92404746138841,78440.0,279385.0
112,square-wire.csv,BATCHDIVIDE4,0,-1,new_dynamic,stagger_mfu,2,416,62.923351158645275,1122,43.67092005655279,157375.0,279385.0
113,square-wire.csv,BATCHDIVIDE4,0,-1,new_dynamic,stagger_mfu,3,418,62.745098039215684,1122,43.5968287488591,157582.0,279385.0
114,square-wire.csv,BATCHBISECT,1,-1,new_dynamic,stagger_mfu,2,300,72.09302325581396,1075,73.24480555505843,74750.0,279385.0
115,square-wire.csv,BATCHBISECT,1,-1,new_dynamic,stagger_mfu,3,326,69.67441860465117,1075,70.5760867619951,82206.0,279385.0
116,square-wire.csv,BATCHSTOP4,1,-1,new_dynamic,stagger_mfu,2,305,71.62790697674419,1075,70.50521681550549,82404.0,279385.0
117,square-wire.csv,BATCHSTOP4,1,-1,new_dynamic,stagger_mfu,3,339,68.46511627906978,1075,67.21656495516939,91592.0,279385.0
118,square-wire.csv,BATCHDIVIDE4,1,-1,new_dynamic,stagger_mfu,2,402,62.604651162790695,1075,45.34459616658017,152699.0,279385.0
119,square-wire.csv,BATCHDIVIDE4,1,-1,new_dynamic,stagger_mfu,3,420,60.93023255813954,1075,43.61436727097016,157533.0,279385.0
120,puniverse-quasar.csv,BATCHBISECT,0,-1,new_dynamic,stagger_mfu,2,691,45.461720599842145,1267,51.435238631274935,472844.0,973636.0
121,puniverse-quasar.csv,BATCHBISECT,0,-1,new_dynamic,stagger_mfu,3,671,47.04025256511444,1267,52.51551914678586,462326.0,973636.0
122,puniverse-quasar.csv,BATCHSTOP4,0,-1,new_dynamic,stagger_mfu,2,634,49.96053670086819,1267,54.41150491559474,443866.0,973636.0
123,puniverse-quasar.csv,BATCHSTOP4,0,-1,new_dynamic,stagger_mfu,3,654,48.3820047355959,1267,53.286649220037056,454818.0,973636.0
124,puniverse-quasar.csv,BATCHDIVIDE4,0,-1,new_dynamic,stagger_mfu,2,633,50.03946329913181,1267,36.55555053428591,617718.0,973636.0
125,puniverse-quasar.csv,BATCHDIVIDE4,0,-1,new_dynamic,stagger_mfu,3,660,47.90844514601421,1267,33.93547485918762,643228.0,973636.0
126,puniverse-quasar.csv,BATCHBISECT,1,-1,new_dynamic,stagger_mfu,2,632,45.51724137931034,1160,60.8075297133631,381592.0,973636.0
127,puniverse-quasar.csv,BATCHBISECT,1,-1,new_dynamic,stagger_mfu,3,670,42.241379310344826,1160,60.59379480627257,383673.0,973636.0
128,puniverse-quasar.csv,BATCHSTOP4,1,-1,new_dynamic,stagger_mfu,2,593,48.87931034482759,1160,62.86599920298757,361550.0,973636.0
129,puniverse-quasar.csv,BATCHSTOP4,1,-1,new_dynamic,stagger_mfu,3,621,46.46551724137931,1160,60.990965822956426,379806.0,973636.0
130,puniverse-quasar.csv,BATCHDIVIDE4,1,-1,new_dynamic,stagger_mfu,2,596,48.62068965517241,1160,48.84926194183453,498022.0,973636.0
131,puniverse-quasar.csv,BATCHDIVIDE4,1,-1,new_dynamic,stagger_mfu,3,635,45.258620689655174,1160,46.28454576453623,522993.0,973636.0
132,dropwizard-dropwizard.csv,BATCHBISECT,0,-1,new_dynamic,stagger_mfu,2,652,67.72277227722773,2020,67.23723733064585,1263952.0,3857892.0
133,dropwizard-dropwizard.csv,BATCHBISECT,0,-1,new_dynamic,stagger_mfu,3,666,67.02970297029702,2020,66.98805980053356,1273565.0,3857892.0
134,dropwizard-dropwizard.csv,BATCHSTOP4,0,-1,new_dynamic,stagger_mfu,2,632,68.7128712871287,2020,68.9381662317141,1198332.0,3857892.0
135,dropwizard-dropwizard.csv,BATCHSTOP4,0,-1,new_dynamic,stagger_mfu,3,647,67.97029702970298,2020,68.2537250913193,1224737.0,3857892.0
136,dropwizard-dropwizard.csv,BATCHDIVIDE4,0,-1,new_dynamic,stagger_mfu,2,812,59.801980198019805,2020,39.859021455240324,2320174.0,3857892.0
137,dropwizard-dropwizard.csv,BATCHDIVIDE4,0,-1,new_dynamic,stagger_mfu,3,833,58.76237623762376,2020,38.22579792280344,2383182.0,3857892.0
138,dropwizard-dropwizard.csv,BATCHBISECT,1,-1,new_dynamic,stagger_mfu,2,617,68.48825331971399,1958,66.2521656904859,1301955.0,3857892.0
139,dropwizard-dropwizard.csv,BATCHBISECT,1,-1,new_dynamic,stagger_mfu,3,612,68.74361593462717,1958,66.9932180579446,1273366.0,3857892.0
140,dropwizard-dropwizard.csv,BATCHSTOP4,1,-1,new_dynamic,stagger_mfu,2,619,68.38610827374872,1958,65.17748552836628,1343415.0,3857892.0
141,dropwizard-dropwizard.csv,BATCHSTOP4,1,-1,new_dynamic,stagger_mfu,3,607,68.99897854954034,1958,65.9853619541449,1312248.0,3857892.0
142,dropwizard-dropwizard.csv,BATCHDIVIDE4,1,-1,new_dynamic,stagger_mfu,2,797,59.29519918283963,1958,37.74587261644442,2401697.0,3857892.0
143,dropwizard-dropwizard.csv,BATCHDIVIDE4,1,-1,new_dynamic,stagger_mfu,3,788,59.75485188968335,1958,38.99422275169963,2353537.0,3857892.0
144,essentials-Essentials.csv,BATCHBISECT,0,-1,new_dynamic,stagger_mfu,2,97,-8.98876404494382,89,-16.343976035654265,79620.0,68435.0
145,essentials-Essentials.csv,BATCHBISECT,0,-1,new_dynamic,stagger_mfu,3,102,-14.606741573033702,89,-14.546650105939946,78390.0,68435.0
146,essentials-Essentials.csv,BATCHSTOP4,0,-1,new_dynamic,stagger_mfu,2,102,-14.606741573033702,89,6.172280265945787,64211.0,68435.0
147,essentials-Essentials.csv,BATCHSTOP4,0,-1,new_dynamic,stagger_mfu,3,107,-20.224719101123597,89,-1.9113026959888941,69743.0,68435.0
148,essentials-Essentials.csv,BATCHDIVIDE4,0,-1,new_dynamic,stagger_mfu,2,102,-14.606741573033702,89,6.172280265945787,64211.0,68435.0
149,essentials-Essentials.csv,BATCHDIVIDE4,0,-1,new_dynamic,stagger_mfu,3,101,-13.483146067415731,89,2.2225469423540574,66914.0,68435.0
150,essentials-Essentials.csv,BATCHBISECT,1,-1,new_dynamic,stagger_mfu,2,82,-12.328767123287676,73,6.013005041280053,64320.0,68435.0
151,essentials-Essentials.csv,BATCHBISECT,1,-1,new_dynamic,stagger_mfu,3,84,-15.06849315068493,73,2.5980857748228203,66657.0,68435.0
152,essentials-Essentials.csv,BATCHSTOP4,1,-1,new_dynamic,stagger_mfu,2,86,-17.808219178082197,73,18.636662526484983,55681.0,68435.0
153,essentials-Essentials.csv,BATCHSTOP4,1,-1,new_dynamic,stagger_mfu,3,87,-19.178082191780817,73,14.267553152626576,58671.0,68435.0
154,essentials-Essentials.csv,BATCHDIVIDE4,1,-1,new_dynamic,stagger_mfu,2,86,-17.808219178082197,73,18.636662526484983,55681.0,68435.0
155,essentials-Essentials.csv,BATCHDIVIDE4,1,-1,new_dynamic,stagger_mfu,3,81,-10.958904109589042,73,18.233360122744216,55957.0,68435.0
156,mybatis-mybatis-3.csv,BATCHBISECT,0,-1,new_dynamic,stagger_mfu,2,630,70.7112970711297,2151,68.68050387506176,976789.0,3118789.0
157,mybatis-mybatis-3.csv,BATCHBISECT,0,-1,new_dynamic,stagger_mfu,3,659,69.36308693630869,2151,66.7055065283352,1038385.0,3118789.0
158,mybatis-mybatis-3.csv,BATCHSTOP4,0,-1,new_dynamic,stagger_mfu,2,539,74.94188749418875,2151,75.31102617073486,769997.0,3118789.0
159,mybatis-mybatis-3.csv,BATCHSTOP4,0,-1,new_dynamic,stagger_mfu,3,564,73.77963737796374,2151,72.82589492267672,847503.0,3118789.0
160,mybatis-mybatis-3.csv,BATCHDIVIDE4,0,-1,new_dynamic,stagger_mfu,2,764,64.48163644816364,2151,45.550051638632816,1698179.0,3118789.0
161,mybatis-mybatis-3.csv,BATCHDIVIDE4,0,-1,new_dynamic,stagger_mfu,3,801,62.76150627615063,2151,42.000981791329906,1808867.0,3118789.0
162,mybatis-mybatis-3.csv,BATCHBISECT,1,-1,new_dynamic,stagger_mfu,2,600,71.31931166347992,2092,67.87435764330323,1001931.0,3118789.0
163,mybatis-mybatis-3.csv,BATCHBISECT,1,-1,new_dynamic,stagger_mfu,3,608,70.93690248565966,2092,68.20031749502772,991765.0,3118789.0
164,mybatis-mybatis-3.csv,BATCHSTOP4,1,-1,new_dynamic,stagger_mfu,2,575,72.51434034416826,2092,69.65004686113744,946551.0,3118789.0
165,mybatis-mybatis-3.csv,BATCHSTOP4,1,-1,new_dynamic,stagger_mfu,3,564,73.04015296367113,2092,70.31017487877506,925963.0,3118789.0
166,mybatis-mybatis-3.csv,BATCHDIVIDE4,1,-1,new_dynamic,stagger_mfu,2,781,62.66730401529637,2092,42.74098055367003,1785788.0,3118789.0
167,mybatis-mybatis-3.csv,BATCHDIVIDE4,1,-1,new_dynamic,stagger_mfu,3,783,62.5717017208413,2092,41.69698559280541,1818348.0,3118789.0
168,naver-pinpoint.csv,BATCHBISECT,0,-1,new_dynamic,stagger_mfu,2,836,60.971055088702144,2142,59.18125409715783,636990.0,1560533.0
169,naver-pinpoint.csv,BATCHBISECT,0,-1,new_dynamic,stagger_mfu,3,849,60.364145658263304,2142,59.20054237878981,636689.0,1560533.0
170,naver-pinpoint.csv,BATCHSTOP4,0,-1,new_dynamic,stagger_mfu,2,809,62.23155929038282,2142,65.18676631638036,543272.0,1560533.0
171,naver-pinpoint.csv,BATCHSTOP4,0,-1,new_dynamic,stagger_mfu,3,844,60.59757236227824,2142,62.44206306435045,586104.0,1560533.0
172,naver-pinpoint.csv,BATCHDIVIDE4,0,-1,new_dynamic,stagger_mfu,2,999,53.36134453781513,2142,39.73321935518185,940483.0,1560533.0
173,naver-pinpoint.csv,BATCHDIVIDE4,0,-1,new_dynamic,stagger_mfu,3,1039,51.49393090569561,2142,37.00434402861074,983068.0,1560533.0
174,naver-pinpoint.csv,BATCHBISECT,1,-1,new_dynamic,stagger_mfu,2,790,59.341224909933096,1943,60.72053586819375,612969.0,1560533.0
175,naver-pinpoint.csv,BATCHBISECT,1,-1,new_dynamic,stagger_mfu,3,783,59.701492537313435,1943,60.519578887469855,616105.0,1560533.0
176,naver-pinpoint.csv,BATCHSTOP4,1,-1,new_dynamic,stagger_mfu,2,779,59.907359752959344,1943,63.12445811783538,575455.0,1560533.0
177,naver-pinpoint.csv,BATCHSTOP4,1,-1,new_dynamic,stagger_mfu,3,782,59.75295934122491,1943,62.07911015018587,591768.0,1560533.0
178,naver-pinpoint.csv,BATCHDIVIDE4,1,-1,new_dynamic,stagger_mfu,2,956,50.7977354606279,1943,40.18300157702529,933464.0,1560533.0
179,naver-pinpoint.csv,BATCHDIVIDE4,1,-1,new_dynamic,stagger_mfu,3,946,51.312403499742665,1943,39.21044925035228,948641.0,1560533.0
180,FasterXML-jackson-databind.csv,BATCHBISECT,0,-1,new_dynamic,stagger_mfu,2,1287,42.570281124497996,2241,48.86855460260907,334099.0,653412.0
181,FasterXML-jackson-databind.csv,BATCHBISECT,0,-1,new_dynamic,stagger_mfu,3,1291,42.39178937974118,2241,48.6862806315158,335290.0,653412.0
182,FasterXML-jackson-databind.csv,BATCHSTOP4,0,-1,new_dynamic,stagger_mfu,2,1346,39.937527889335115,2241,51.902781093705045,314273.0,653412.0
183,FasterXML-jackson-databind.csv,BATCHSTOP4,0,-1,new_dynamic,stagger_mfu,3,1398,37.61713520749665,2241,49.43328252312477,330409.0,653412.0
184,FasterXML-jackson-databind.csv,BATCHDIVIDE4,0,-1,new_dynamic,stagger_mfu,2,1371,38.82195448460509,2241,32.85645197823119,438724.0,653412.0
185,FasterXML-jackson-databind.csv,BATCHDIVIDE4,0,-1,new_dynamic,stagger_mfu,3,1417,36.76929941990183,2241,28.270983697881277,468686.0,653412.0
186,FasterXML-jackson-databind.csv,BATCHBISECT,1,-1,new_dynamic,stagger_mfu,2,1244,42.7255985267035,2172,48.222560956946,338320.0,653412.0
187,FasterXML-jackson-databind.csv,BATCHBISECT,1,-1,new_dynamic,stagger_mfu,3,1226,43.554327808471456,2172,49.42823211082747,330442.0,653412.0
188,FasterXML-jackson-databind.csv,BATCHSTOP4,1,-1,new_dynamic,stagger_mfu,2,1308,39.77900552486188,2172,47.12968234437078,345461.0,653412.0
189,FasterXML-jackson-databind.csv,BATCHSTOP4,1,-1,new_dynamic,stagger_mfu,3,1377,36.60220994475138,2172,43.84262915281629,366939.0,653412.0
190,FasterXML-jackson-databind.csv,BATCHDIVIDE4,1,-1,new_dynamic,stagger_mfu,2,1326,38.950276243093924,2172,30.431029733154574,454572.0,653412.0
191,FasterXML-jackson-databind.csv,BATCHDIVIDE4,1,-1,new_dynamic,stagger_mfu,3,1383,36.32596685082873,2172,28.37520584256181,468005.0,653412.0
192,samtools-htsjdk.csv,BATCHBISECT,0,-1,new_dynamic,stagger_mfu,2,587,65.65242832065536,1709,67.04622907010437,561815.0,1704858.0
193,samtools-htsjdk.csv,BATCHBISECT,0,-1,new_dynamic,stagger_mfu,3,587,65.65242832065536,1709,67.46245141824129,554719.0,1704858.0
194,samtools-htsjdk.csv,BATCHSTOP4,0,-1,new_dynamic,stagger_mfu,2,491,71.26974839087185,1709,73.03881027041548,459650.0,1704858.0
195,samtools-htsjdk.csv,BATCHSTOP4,0,-1,new_dynamic,stagger_mfu,3,536,68.63662960795787,1709,70.96145250806812,495066.0,1704858.0
196,samtools-htsjdk.csv,BATCHDIVIDE4,0,-1,new_dynamic,stagger_mfu,2,637,62.72674078408426,1709,45.18581606210019,934504.0,1704858.0
197,samtools-htsjdk.csv,BATCHDIVIDE4,0,-1,new_dynamic,stagger_mfu,3,694,59.39145699239321,1709,40.75664952740932,1010015.0,1704858.0
198,samtools-htsjdk.csv,BATCHBISECT,1,-1,new_dynamic,stagger_mfu,2,534,67.01667696108709,1619,68.66149556150718,534277.0,1704858.0
199,samtools-htsjdk.csv,BATCHBISECT,1,-1,new_dynamic,stagger_mfu,3,540,66.64607782581841,1619,69.58814165168008,518479.0,1704858.0
200,samtools-htsjdk.csv,BATCHSTOP4,1,-1,new_dynamic,stagger_mfu,2,533,67.07844348363187,1619,68.54905217912577,536194.0,1704858.0
201,samtools-htsjdk.csv,BATCHSTOP4,1,-1,new_dynamic,stagger_mfu,3,528,67.38727609635578,1619,69.07877371605143,527163.0,1704858.0
202,samtools-htsjdk.csv,BATCHDIVIDE4,1,-1,new_dynamic,stagger_mfu,2,668,58.73996294008647,1619,40.992563603537654,1005993.0,1704858.0
203,samtools-htsjdk.csv,BATCHDIVIDE4,1,-1,new_dynamic,stagger_mfu,3,671,58.55466337245213,1619,41.52492465648165,996917.0,1704858.0
204,deeplearning4j-deeplearning4j.csv,BATCHBISECT,0,-1,new_dynamic,stagger_mfu,2,1834,0.3260869565217348,1840,,,
205,deeplearning4j-deeplearning4j.csv,BATCHBISECT,0,-1,new_dynamic,stagger_mfu,3,1848,-0.4347826086956559,1840,,,
206,deeplearning4j-deeplearning4j.csv,BATCHSTOP4,0,-1,new_dynamic,stagger_mfu,2,2207,-19.945652173913047,1840,,,
207,deeplearning4j-deeplearning4j.csv,BATCHSTOP4,0,-1,new_dynamic,stagger_mfu,3,2220,-20.652173913043484,1840,,,
208,deeplearning4j-deeplearning4j.csv,BATCHDIVIDE4,0,-1,new_dynamic,stagger_mfu,2,2195,-19.293478260869563,1840,,,
209,deeplearning4j-deeplearning4j.csv,BATCHDIVIDE4,0,-1,new_dynamic,stagger_mfu,3,2209,-20.054347826086953,1840,,,
210,deeplearning4j-deeplearning4j.csv,BATCHBISECT,1,-1,new_dynamic,stagger_mfu,2,1834,0.3260869565217348,1840,,,
211,deeplearning4j-deeplearning4j.csv,BATCHBISECT,1,-1,new_dynamic,stagger_mfu,3,1848,-0.4347826086956559,1840,,,
212,deeplearning4j-deeplearning4j.csv,BATCHSTOP4,1,-1,new_dynamic,stagger_mfu,2,2207,-19.945652173913047,1840,,,
213,deeplearning4j-deeplearning4j.csv,BATCHSTOP4,1,-1,new_dynamic,stagger_mfu,3,2220,-20.652173913043484,1840,,,
214,deeplearning4j-deeplearning4j.csv,BATCHDIVIDE4,1,-1,new_dynamic,stagger_mfu,2,2195,-19.293478260869563,1840,,,
215,deeplearning4j-deeplearning4j.csv,BATCHDIVIDE4,1,-1,new_dynamic,stagger_mfu,3,2209,-20.054347826086953,1840,,,
216,open-keychain-open-keychain.csv,BATCHBISECT,0,-1,new_dynamic,stagger_mfu,2,1224,31.351654514862588,1783,28.0301946398219,503020.0,698932.0
217,open-keychain-open-keychain.csv,BATCHBISECT,0,-1,new_dynamic,stagger_mfu,3,1247,30.061693774537304,1783,28.707227598679125,498288.0,698932.0
218,open-keychain-open-keychain.csv,BATCHSTOP4,0,-1,new_dynamic,stagger_mfu,2,1221,31.51991026360068,1783,30.087905547320773,488638.0,698932.0
219,open-keychain-open-keychain.csv,BATCHSTOP4,0,-1,new_dynamic,stagger_mfu,3,1232,30.9029725182277,1783,28.902954793885527,496920.0,698932.0
220,open-keychain-open-keychain.csv,BATCHDIVIDE4,0,-1,new_dynamic,stagger_mfu,2,1178,33.931575995513185,1783,20.074628146944193,558624.0,698932.0
221,open-keychain-open-keychain.csv,BATCHDIVIDE4,0,-1,new_dynamic,stagger_mfu,3,1163,34.772854739203595,1783,20.640062266429354,554672.0,698932.0
222,open-keychain-open-keychain.csv,BATCHBISECT,1,-1,new_dynamic,stagger_mfu,2,1182,30.224321133412047,1694,40.4934957907207,415910.0,698932.0
223,open-keychain-open-keychain.csv,BATCHBISECT,1,-1,new_dynamic,stagger_mfu,3,1181,30.28335301062573,1694,39.58539600418925,422257.0,698932.0
224,open-keychain-open-keychain.csv,BATCHSTOP4,1,-1,new_dynamic,stagger_mfu,2,1207,28.748524203069664,1694,38.04619047346523,433015.0,698932.0
225,open-keychain-open-keychain.csv,BATCHSTOP4,1,-1,new_dynamic,stagger_mfu,3,1174,30.696576151121604,1694,38.77530289069609,427919.0,698932.0
226,open-keychain-open-keychain.csv,BATCHDIVIDE4,1,-1,new_dynamic,stagger_mfu,2,1153,31.93624557260921,1694,28.1749869801354,502008.0,698932.0
227,open-keychain-open-keychain.csv,BATCHDIVIDE4,1,-1,new_dynamic,stagger_mfu,3,1118,34.002361275088546,1694,29.64208249157285,491754.0,698932.0
228,yegor256-takes.csv,BATCHBISECT,0,-1,new_dynamic,stagger_mfu,2,1532,42.254052016585,2653,38.820624697039456,1106875.0,1809229.0
229,yegor256-takes.csv,BATCHBISECT,0,-1,new_dynamic,stagger_mfu,3,1554,41.42480211081794,2653,36.195362776077545,1154372.0,1809229.0
230,yegor256-takes.csv,BATCHSTOP4,0,-1,new_dynamic,stagger_mfu,2,1653,37.69317753486619,2653,33.24388454971704,1207771.0,1809229.0
231,yegor256-takes.csv,BATCHSTOP4,0,-1,new_dynamic,stagger_mfu,3,1679,36.71315491895967,2653,34.035824099657916,1193443.0,1809229.0
232,yegor256-takes.csv,BATCHDIVIDE4,0,-1,new_dynamic,stagger_mfu,2,1637,38.29626837542405,2653,21.63949395018541,1417721.0,1809229.0
233,yegor256-takes.csv,BATCHDIVIDE4,0,-1,new_dynamic,stagger_mfu,3,1627,38.67320015077271,2653,23.29937227404602,1387690.0,1809229.0
234,yegor256-takes.csv,BATCHBISECT,1,-1,new_dynamic,stagger_mfu,2,1151,39.86415882967607,1914,66.24954607736223,610623.0,1809229.0
235,yegor256-takes.csv,BATCHBISECT,1,-1,new_dynamic,stagger_mfu,3,1148,40.020898641588296,1914,66.65811790547244,603231.0,1809229.0
236,yegor256-takes.csv,BATCHSTOP4,1,-1,new_dynamic,stagger_mfu,2,1236,35.42319749216301,1914,61.78841926588618,691335.0,1809229.0
237,yegor256-takes.csv,BATCHSTOP4,1,-1,new_dynamic,stagger_mfu,3,1282,33.01985370950888,1914,61.221271602433966,701596.0,1809229.0
238,yegor256-takes.csv,BATCHDIVIDE4,1,-1,new_dynamic,stagger_mfu,2,1204,37.09508881922675,1914,55.76574330833742,800299.0,1809229.0
239,yegor256-takes.csv,BATCHDIVIDE4,1,-1,new_dynamic,stagger_mfu,3,1254,34.48275862068965,1914,54.92184792527646,815567.0,1809229.0
240,keycloak-keycloak.csv,BATCHBISECT,0,-1,new_dynamic,stagger_mfu,2,1177,49.376344086021504,2325,43.55502503552642,2576664.0,4564913.0
241,keycloak-keycloak.csv,BATCHBISECT,0,-1,new_dynamic,stagger_mfu,3,1164,49.935483870967744,2325,44.40334350293204,2537939.0,4564913.0
242,keycloak-keycloak.csv,BATCHSTOP4,0,-1,new_dynamic,stagger_mfu,2,1122,51.74193548387097,2325,43.45651275281698,2581161.0,4564913.0
243,keycloak-keycloak.csv,BATCHSTOP4,0,-1,new_dynamic,stagger_mfu,3,1122,51.74193548387097,2325,43.16266268382333,2594575.0,4564913.0
244,keycloak-keycloak.csv,BATCHDIVIDE4,0,-1,new_dynamic,stagger_mfu,2,1196,48.55913978494624,2325,27.71651946050231,3299678.0,4564913.0
245,keycloak-keycloak.csv,BATCHDIVIDE4,0,-1,new_dynamic,stagger_mfu,3,1194,48.645161290322584,2325,28.340145803435902,3271210.0,4564913.0
246,keycloak-keycloak.csv,BATCHBISECT,1,-1,new_dynamic,stagger_mfu,2,1100,49.67978042086002,2186,50.73172259799913,2249054.0,4564913.0
247,keycloak-keycloak.csv,BATCHBISECT,1,-1,new_dynamic,stagger_mfu,3,1131,48.26166514181153,2186,48.66151885041402,2343557.0,4564913.0
248,keycloak-keycloak.csv,BATCHSTOP4,1,-1,new_dynamic,stagger_mfu,2,1073,50.91491308325709,2186,50.2728967671454,2269999.0,4564913.0
249,keycloak-keycloak.csv,BATCHSTOP4,1,-1,new_dynamic,stagger_mfu,3,1068,51.14364135407136,2186,49.732667413376774,2294660.0,4564913.0
250,keycloak-keycloak.csv,BATCHDIVIDE4,1,-1,new_dynamic,stagger_mfu,2,1124,48.58188472095151,2186,37.2048930614888,2866542.0,4564913.0
251,keycloak-keycloak.csv,BATCHDIVIDE4,1,-1,new_dynamic,stagger_mfu,3,1118,48.85635864592864,2186,35.94042208471443,2924264.0,4564913.0
252,rackerlabs-blueflood.csv,BATCHBISECT,0,-1,new_dynamic,stagger_mfu,2,1395,36.82065217391305,2208,33.36035446832541,3701773.0,5554911.0
253,rackerlabs-blueflood.csv,BATCHBISECT,0,-1,new_dynamic,stagger_mfu,3,1380,37.5,2208,33.14996405883011,3713460.0,5554911.0
254,rackerlabs-blueflood.csv,BATCHSTOP4,0,-1,new_dynamic,stagger_mfu,2,1270,42.481884057971016,2208,41.24948176487436,3263539.0,5554911.0
255,rackerlabs-blueflood.csv,BATCHSTOP4,0,-1,new_dynamic,stagger_mfu,3,1299,41.16847826086956,2208,38.699413906001375,3405193.0,5554911.0
256,rackerlabs-blueflood.csv,BATCHDIVIDE4,0,-1,new_dynamic,stagger_mfu,2,1268,42.572463768115945,2208,29.734805832172654,3903169.0,5554911.0
257,rackerlabs-blueflood.csv,BATCHDIVIDE4,0,-1,new_dynamic,stagger_mfu,3,1281,41.983695652173914,2208,27.118148247559688,4048522.0,5554911.0
258,rackerlabs-blueflood.csv,BATCHBISECT,1,-1,new_dynamic,stagger_mfu,2,1286,36.80589680589681,2035,45.206448852195834,3043733.0,5554911.0
259,rackerlabs-blueflood.csv,BATCHBISECT,1,-1,new_dynamic,stagger_mfu,3,1281,37.05159705159705,2035,44.51209029271576,3082304.0,5554911.0
260,rackerlabs-blueflood.csv,BATCHSTOP4,1,-1,new_dynamic,stagger_mfu,2,1189,41.57248157248157,2035,48.145055789372684,2880496.0,5554911.0
261,rackerlabs-blueflood.csv,BATCHSTOP4,1,-1,new_dynamic,stagger_mfu,3,1204,40.83538083538083,2035,47.72368090145819,2903903.0,5554911.0
262,rackerlabs-blueflood.csv,BATCHDIVIDE4,1,-1,new_dynamic,stagger_mfu,2,1169,42.55528255528255,2035,39.52696991905001,3359223.0,5554911.0
263,rackerlabs-blueflood.csv,BATCHDIVIDE4,1,-1,new_dynamic,stagger_mfu,3,1200,41.03194103194103,2035,38.43557529544578,3419849.0,5554911.0
264,xetorthio-jedis.csv,BATCHBISECT,0,-1,new_dynamic,stagger_mfu,2,791,50.314070351758794,1592,49.138171335419834,288294.0,566818.0
265,xetorthio-jedis.csv,BATCHBISECT,0,-1,new_dynamic,stagger_mfu,3,776,51.256281407035175,1592,53.10099538123348,265832.0,566818.0
266,xetorthio-jedis.csv,BATCHSTOP4,0,-1,new_dynamic,stagger_mfu,2,647,59.35929648241206,1592,59.42824680938149,229968.0,566818.0
267,xetorthio-jedis.csv,BATCHSTOP4,0,-1,new_dynamic,stagger_mfu,3,718,54.89949748743719,1592,54.62564703308646,257190.0,566818.0
268,xetorthio-jedis.csv,BATCHDIVIDE4,0,-1,new_dynamic,stagger_mfu,2,712,55.27638190954774,1592,40.63879411027879,336470.0,566818.0
269,xetorthio-jedis.csv,BATCHDIVIDE4,0,-1,new_dynamic,stagger_mfu,3,789,50.43969849246231,1592,34.310307717821246,372341.0,566818.0
270,xetorthio-jedis.csv,BATCHBISECT,1,-1,new_dynamic,stagger_mfu,2,744,50.167448091091764,1493,52.85911880003811,267203.0,566818.0
271,xetorthio-jedis.csv,BATCHBISECT,1,-1,new_dynamic,stagger_mfu,3,747,49.966510381781646,1493,55.1293360479025,254335.0,566818.0
272,xetorthio-jedis.csv,BATCHSTOP4,1,-1,new_dynamic,stagger_mfu,2,651,56.39651707970529,1493,61.05257772336094,220761.0,566818.0
273,xetorthio-jedis.csv,BATCHSTOP4,1,-1,new_dynamic,stagger_mfu,3,721,51.70797052913597,1493,55.496296871306136,252255.0,566818.0
274,xetorthio-jedis.csv,BATCHDIVIDE4,1,-1,new_dynamic,stagger_mfu,2,716,52.04286671131949,1493,42.51100000352847,325858.0,566818.0
275,xetorthio-jedis.csv,BATCHDIVIDE4,1,-1,new_dynamic,stagger_mfu,3,753,49.56463496316142,1493,40.07441542082291,339669.0,566818.0
276,orbeon-orbeon-forms.csv,BATCHBISECT,0,-1,new_dynamic,stagger_mfu,2,2318,12.660135644310472,2654,12.186429816137249,2391124.0,2722955.0
277,orbeon-orbeon-forms.csv,BATCHBISECT,0,-1,new_dynamic,stagger_mfu,3,2339,11.868877166541068,2654,11.102056405632851,2420651.0,2722955.0
278,orbeon-orbeon-forms.csv,BATCHSTOP4,0,-1,new_dynamic,stagger_mfu,2,2422,8.741522230595322,2654,21.430210928935665,2139420.0,2722955.0
279,orbeon-orbeon-forms.csv,BATCHSTOP4,0,-1,new_dynamic,stagger_mfu,3,2808,-5.802562170308974,2654,-1.0985491864536812,2752868.0,2722955.0
280,orbeon-orbeon-forms.csv,BATCHDIVIDE4,0,-1,new_dynamic,stagger_mfu,2,2424,8.666164280331571,2654,16.22516714378314,2281151.0,2722955.0
281,orbeon-orbeon-forms.csv,BATCHDIVIDE4,0,-1,new_dynamic,stagger_mfu,3,2495,5.990957045968344,2654,-1.6048006669225146,2766653.0,2722955.0
282,orbeon-orbeon-forms.csv,BATCHBISECT,1,-1,new_dynamic,stagger_mfu,2,2182,12.545090180360717,2495,19.12657388755966,2202147.0,2722955.0
283,orbeon-orbeon-forms.csv,BATCHBISECT,1,-1,new_dynamic,stagger_mfu,3,2232,10.541082164328657,2495,16.523005337950863,2273041.0,2722955.0
284,orbeon-orbeon-forms.csv,BATCHSTOP4,1,-1,new_dynamic,stagger_mfu,2,2270,9.018036072144284,2495,25.56410223452096,2026856.0,2722955.0
285,orbeon-orbeon-forms.csv,BATCHSTOP4,1,-1,new_dynamic,stagger_mfu,3,2328,6.69338677354709,2495,23.4229357444394,2085159.0,2722955.0
286,orbeon-orbeon-forms.csv,BATCHDIVIDE4,1,-1,new_dynamic,stagger_mfu,2,2269,9.058116232464926,2495,21.80564864274291,2129197.0,2722955.0
287,orbeon-orbeon-forms.csv,BATCHDIVIDE4,1,-1,new_dynamic,stagger_mfu,3,2313,7.294589178356716,2495,18.22116046721301,2226801.0,2722955.0
288,linkedin-gobblin.csv,BATCHBISECT,0,-1,new_dynamic,stagger_mfu,2,3129,9.982738780207129,3476,8.549160905367415,10829163.0,11841513.0
289,linkedin-gobblin.csv,BATCHBISECT,0,-1,new_dynamic,stagger_mfu,3,3112,10.471806674338325,3476,7.84523058835471,10912519.0,11841513.0
290,linkedin-gobblin.csv,BATCHSTOP4,0,-1,new_dynamic,stagger_mfu,2,2968,14.614499424626004,3476,20.72893050068855,9386894.0,11841513.0
291,linkedin-gobblin.csv,BATCHSTOP4,0,-1,new_dynamic,stagger_mfu,3,3424,1.4959723820483362,3476,0.10155796814140672,11829487.0,11841513.0
292,linkedin-gobblin.csv,BATCHDIVIDE4,0,-1,new_dynamic,stagger_mfu,2,2932,15.650172612197935,3476,17.578294260201375,9759977.0,11841513.0
293,linkedin-gobblin.csv,BATCHDIVIDE4,0,-1,new_dynamic,stagger_mfu,3,3369,3.078250863060987,3476,-3.476320973510738,12253162.0,11841513.0
294,linkedin-gobblin.csv,BATCHBISECT,1,-1,new_dynamic,stagger_mfu,2,2925,11.36363636363636,3300,18.92154321833705,9600916.0,11841513.0
295,linkedin-gobblin.csv,BATCHBISECT,1,-1,new_dynamic,stagger_mfu,3,2899,12.151515151515156,3300,18.338205599233817,9669992.0,11841513.0
296,linkedin-gobblin.csv,BATCHSTOP4,1,-1,new_dynamic,stagger_mfu,2,2765,16.212121212121218,3300,29.42786111876076,8356809.0,11841513.0
297,linkedin-gobblin.csv,BATCHSTOP4,1,-1,new_dynamic,stagger_mfu,3,3237,1.9090909090909065,3300,11.526331136907928,10476621.0,11841513.0
298,linkedin-gobblin.csv,BATCHDIVIDE4,1,-1,new_dynamic,stagger_mfu,2,2719,17.60606060606061,3300,26.7897185097884,8669205.0,11841513.0
299,linkedin-gobblin.csv,BATCHDIVIDE4,1,-1,new_dynamic,stagger_mfu,3,3168,4.0,3300,8.56461501161212,10827333.0,11841513.0
300,JabRef-jabref.csv,BATCHBISECT,0,-1,new_dynamic,stagger_mfu,2,1205,57.89657582110412,2862,61.25850199616166,412614.0,1065044.0
301,JabRef-jabref.csv,BATCHBISECT,0,-1,new_dynamic,stagger_mfu,3,1195,58.245981830887494,2862,61.16385801901142,413622.0,1065044.0
302,JabRef-jabref.csv,BATCHSTOP4,0,-1,new_dynamic,stagger_mfu,2,1126,60.656883298392735,2862,62.72801874852119,396963.0,1065044.0
303,JabRef-jabref.csv,BATCHSTOP4,0,-1,new_dynamic,stagger_mfu,3,1161,59.43396226415094,2862,61.70308456739816,407879.0,1065044.0
304,JabRef-jabref.csv,BATCHDIVIDE4,0,-1,new_dynamic,stagger_mfu,2,1301,54.542278127183785,2862,37.21752340748363,668661.0,1065044.0
305,JabRef-jabref.csv,BATCHDIVIDE4,0,-1,new_dynamic,stagger_mfu,3,1328,53.598881900768696,2862,36.656419828664355,674637.0,1065044.0
306,JabRef-jabref.csv,BATCHBISECT,1,-1,new_dynamic,stagger_mfu,2,1124,56.6859344894027,2595,68.84447966468991,331820.0,1065044.0
307,JabRef-jabref.csv,BATCHBISECT,1,-1,new_dynamic,stagger_mfu,3,1138,56.14643545279383,2595,68.11455676948557,339594.0,1065044.0
308,JabRef-jabref.csv,BATCHSTOP4,1,-1,new_dynamic,stagger_mfu,2,1084,58.227360308285164,2595,68.17502375488712,338950.0,1065044.0
309,JabRef-jabref.csv,BATCHSTOP4,1,-1,new_dynamic,stagger_mfu,3,1080,58.38150289017341,2595,68.44139772629111,336113.0,1065044.0
310,JabRef-jabref.csv,BATCHDIVIDE4,1,-1,new_dynamic,stagger_mfu,2,1186,54.296724470134876,2595,49.951926868749084,533034.0,1065044.0
311,JabRef-jabref.csv,BATCHDIVIDE4,1,-1,new_dynamic,stagger_mfu,3,1203,53.641618497109825,2595,48.39677985134887,549597.0,1065044.0
312,jOOQ-jOOQ.csv,BATCHBISECT,0,-1,new_dynamic,stagger_mfu,2,1911,44.62474645030426,3451,51.23563798596292,2016638.0,4135475.0
313,jOOQ-jOOQ.csv,BATCHBISECT,0,-1,new_dynamic,stagger_mfu,3,1866,45.92871631411185,3451,52.66894371263277,1957364.0,4135475.0
314,jOOQ-jOOQ.csv,BATCHSTOP4,0,-1,new_dynamic,stagger_mfu,2,1876,45.63894523326572,3451,57.704834390245374,1749106.0,4135475.0
315,jOOQ-jOOQ.csv,BATCHSTOP4,0,-1,new_dynamic,stagger_mfu,3,1875,45.667922341350334,3451,57.59754320845852,1753543.0,4135475.0
316,jOOQ-jOOQ.csv,BATCHDIVIDE4,0,-1,new_dynamic,stagger_mfu,2,1948,43.55259345117357,3451,35.66192517183637,2660685.0,4135475.0
317,jOOQ-jOOQ.csv,BATCHDIVIDE4,0,-1,new_dynamic,stagger_mfu,3,1956,43.32077658649667,3451,33.8529189512692,2735496.0,4135475.0
318,jOOQ-jOOQ.csv,BATCHBISECT,1,-1,new_dynamic,stagger_mfu,2,1809,44.21831637372803,3243,49.18073498207582,2101618.0,4135475.0
319,jOOQ-jOOQ.csv,BATCHBISECT,1,-1,new_dynamic,stagger_mfu,3,1761,45.69842738205365,3243,50.515188702627874,2046432.0,4135475.0
320,jOOQ-jOOQ.csv,BATCHSTOP4,1,-1,new_dynamic,stagger_mfu,2,1829,43.601603453592354,3243,50.3685791837697,2052495.0,4135475.0
321,jOOQ-jOOQ.csv,BATCHSTOP4,1,-1,new_dynamic,stagger_mfu,3,1746,46.160962072155414,3243,53.572153138394015,1920012.0,4135475.0
322,jOOQ-jOOQ.csv,BATCHDIVIDE4,1,-1,new_dynamic,stagger_mfu,2,1865,42.49152019734814,3243,30.985001722897607,2854098.0,4135475.0
323,jOOQ-jOOQ.csv,BATCHDIVIDE4,1,-1,new_dynamic,stagger_mfu,3,1831,43.53993216157878,3243,31.19465115857308,2845428.0,4135475.0
324,structr-structr.csv,BATCHBISECT,0,-1,new_dynamic,stagger_mfu,2,2175,13.415605095541395,2512,11.325460101831467,9007002.0,10157371.0
325,structr-structr.csv,BATCHBISECT,0,-1,new_dynamic,stagger_mfu,3,2229,11.265923566878982,2512,9.559520864207869,9186375.0,10157371.0
326,structr-structr.csv,BATCHSTOP4,0,-1,new_dynamic,stagger_mfu,2,2137,14.928343949044589,2512,21.581578540352623,7965250.0,10157371.0
327,structr-structr.csv,BATCHSTOP4,0,-1,new_dynamic,stagger_mfu,3,2452,2.388535031847127,2512,2.080784486458157,9946018.0,10157371.0
328,structr-structr.csv,BATCHDIVIDE4,0,-1,new_dynamic,stagger_mfu,2,2091,16.759554140127392,2512,18.762965338176585,8251547.0,10157371.0
329,structr-structr.csv,BATCHDIVIDE4,0,-1,new_dynamic,stagger_mfu,3,2403,4.339171974522287,2512,-0.5443829904411359,10212666.0,10157371.0
330,structr-structr.csv,BATCHBISECT,1,-1,new_dynamic,stagger_mfu,2,2055,12.441414571793786,2347,17.34977485808089,8395090.0,10157371.0
331,structr-structr.csv,BATCHBISECT,1,-1,new_dynamic,stagger_mfu,3,2125,9.458883681295276,2347,14.942616549105082,8639594.0,10157371.0
332,structr-structr.csv,BATCHSTOP4,1,-1,new_dynamic,stagger_mfu,2,2089,10.992756710694508,2347,25.745480794193696,7542307.0,10157371.0
333,structr-structr.csv,BATCHSTOP4,1,-1,new_dynamic,stagger_mfu,3,2159,8.010225820195998,2347,22.156215422278066,7906882.0,10157371.0
334,structr-structr.csv,BATCHDIVIDE4,1,-1,new_dynamic,stagger_mfu,2,2034,13.336173838943338,2347,24.207090594603656,7698567.0,10157371.0
335,structr-structr.csv,BATCHDIVIDE4,1,-1,new_dynamic,stagger_mfu,3,2093,10.822326374094587,2347,18.480539895608814,8280234.0,10157371.0
336,floragunncom-search-guard.csv,BATCHBISECT,0,-1,new_dynamic,stagger_mfu,2,1349,63.06133625410734,3652,63.05982717418282,3884551.0,10515790.0
337,floragunncom-search-guard.csv,BATCHBISECT,0,-1,new_dynamic,stagger_mfu,3,1274,65.11500547645126,3652,65.04951125878321,3675320.0,10515790.0
338,floragunncom-search-guard.csv,BATCHSTOP4,0,-1,new_dynamic,stagger_mfu,2,897,75.4381161007667,3652,74.6875222879118,2661807.0,10515790.0
339,floragunncom-search-guard.csv,BATCHSTOP4,0,-1,new_dynamic,stagger_mfu,3,1195,67.27820372398685,3652,66.19860229236224,3554484.0,10515790.0
340,floragunncom-search-guard.csv,BATCHDIVIDE4,0,-1,new_dynamic,stagger_mfu,2,1223,66.51150054764513,3652,47.73227689027643,5496364.0,10515790.0
341,floragunncom-search-guard.csv,BATCHDIVIDE4,0,-1,new_dynamic,stagger_mfu,3,1501,58.89923329682366,3652,39.22459463340367,6391014.0,10515790.0
342,floragunncom-search-guard.csv,BATCHBISECT,1,-1,new_dynamic,stagger_mfu,2,1349,63.06133625410734,3652,63.05982717418282,3884551.0,10515790.0
343,floragunncom-search-guard.csv,BATCHBISECT,1,-1,new_dynamic,stagger_mfu,3,1274,65.11500547645126,3652,65.04951125878321,3675320.0,10515790.0
344,floragunncom-search-guard.csv,BATCHSTOP4,1,-1,new_dynamic,stagger_mfu,2,897,75.4381161007667,3652,74.6875222879118,2661807.0,10515790.0
345,floragunncom-search-guard.csv,BATCHSTOP4,1,-1,new_dynamic,stagger_mfu,3,1195,67.27820372398685,3652,66.19860229236224,3554484.0,10515790.0
346,floragunncom-search-guard.csv,BATCHDIVIDE4,1,-1,new_dynamic,stagger_mfu,2,1223,66.51150054764513,3652,47.73227689027643,5496364.0,10515790.0
347,floragunncom-search-guard.csv,BATCHDIVIDE4,1,-1,new_dynamic,stagger_mfu,3,1501,58.89923329682366,3652,39.22459463340367,6391014.0,10515790.0
348,SpongePowered-SpongeForge.csv,BATCHBISECT,0,-1,new_dynamic,stagger_mfu,2,1891,39.64251516118736,3133,40.9336611264322,1957387.0,3313879.0
349,SpongePowered-SpongeForge.csv,BATCHBISECT,0,-1,new_dynamic,stagger_mfu,3,1848,41.01500159591446,3133,42.69766639035402,1898930.0,3313879.0
350,SpongePowered-SpongeForge.csv,BATCHSTOP4,0,-1,new_dynamic,stagger_mfu,2,1623,48.19661666134695,3133,56.42429913705359,1444046.0,3313879.0
351,SpongePowered-SpongeForge.csv,BATCHSTOP4,0,-1,new_dynamic,stagger_mfu,3,1646,47.462496010213854,3133,54.48955740387624,1508161.0,3313879.0
352,SpongePowered-SpongeForge.csv,BATCHDIVIDE4,0,-1,new_dynamic,stagger_mfu,2,1682,46.31343759974465,3133,39.72721997393387,1997367.0,3313879.0
353,SpongePowered-SpongeForge.csv,BATCHDIVIDE4,0,-1,new_dynamic,stagger_mfu,3,1773,43.40887328439196,3133,32.84685409455203,2225374.0,3313879.0
354,SpongePowered-SpongeForge.csv,BATCHBISECT,1,-1,new_dynamic,stagger_mfu,2,1855,39.909297052154194,3087,40.92228473037187,1957764.0,3313879.0
355,SpongePowered-SpongeForge.csv,BATCHBISECT,1,-1,new_dynamic,stagger_mfu,3,1808,41.431810819565925,3087,42.673163383454856,1899742.0,3313879.0
356,SpongePowered-SpongeForge.csv,BATCHSTOP4,1,-1,new_dynamic,stagger_mfu,2,1573,49.04437965662456,3087,51.38709047614593,1610973.0,3313879.0
357,SpongePowered-SpongeForge.csv,BATCHSTOP4,1,-1,new_dynamic,stagger_mfu,3,1601,48.13735017816651,3087,50.48956223205494,1640716.0,3313879.0
358,SpongePowered-SpongeForge.csv,BATCHDIVIDE4,1,-1,new_dynamic,stagger_mfu,2,1638,46.93877551020408,3087,35.11211483581627,2150306.0,3313879.0
359,SpongePowered-SpongeForge.csv,BATCHDIVIDE4,1,-1,new_dynamic,stagger_mfu,3,1724,44.152899254940074,3087,31.115982206954442,2282733.0,3313879.0
360,sakaiproject-sakai.csv,BATCHBISECT,0,-1,new_dynamic,stagger_mfu,2,1688,55.54385040821701,3797,53.12328675083797,2665161.0,5685469.0
361,sakaiproject-sakai.csv,BATCHBISECT,0,-1,new_dynamic,stagger_mfu,3,1720,54.70107979984198,3797,54.30058628408668,2598226.0,5685469.0
362,sakaiproject-sakai.csv,BATCHSTOP4,0,-1,new_dynamic,stagger_mfu,2,1700,55.22781143007638,3797,52.63827839005015,2692736.0,5685469.0
363,sakaiproject-sakai.csv,BATCHSTOP4,0,-1,new_dynamic,stagger_mfu,3,1659,56.30761127205689,3797,55.30388082320034,2541184.0,5685469.0
364,sakaiproject-sakai.csv,BATCHDIVIDE4,0,-1,new_dynamic,stagger_mfu,2,1845,51.409007110877006,3797,32.42013983367072,3842232.0,5685469.0
365,sakaiproject-sakai.csv,BATCHDIVIDE4,0,-1,new_dynamic,stagger_mfu,3,1829,51.83039241506452,3797,33.88255216939886,3759087.0,5685469.0
366,sakaiproject-sakai.csv,BATCHBISECT,1,-1,new_dynamic,stagger_mfu,2,1567,55.59648625672995,3529,58.85783565084956,2339125.0,5685469.0
367,sakaiproject-sakai.csv,BATCHBISECT,1,-1,new_dynamic,stagger_mfu,3,1535,56.50325871351658,3529,59.788101913843875,2286235.0,5685469.0
368,sakaiproject-sakai.csv,BATCHSTOP4,1,-1,new_dynamic,stagger_mfu,2,1495,57.636724284499856,3529,58.820477255262496,2341249.0,5685469.0
369,sakaiproject-sakai.csv,BATCHSTOP4,1,-1,new_dynamic,stagger_mfu,3,1530,56.64494190988949,3529,58.11012248945514,2381636.0,5685469.0
370,sakaiproject-sakai.csv,BATCHDIVIDE4,1,-1,new_dynamic,stagger_mfu,2,1673,52.592802493624255,3529,37.358008635699186,3561491.0,5685469.0
371,sakaiproject-sakai.csv,BATCHDIVIDE4,1,-1,new_dynamic,stagger_mfu,3,1688,52.16775290450553,3529,38.88505943836823,3474671.0,5685469.0
372,dreamhead-moco.csv,BATCHBISECT,0,-1,new_dynamic,stagger_mfu,2,2817,36.19479048697622,4415,26.639535388611293,3902820.0,5320059.0
373,dreamhead-moco.csv,BATCHBISECT,0,-1,new_dynamic,stagger_mfu,3,2792,36.76104190260476,4415,26.534762114480316,3908394.0,5320059.0
374,dreamhead-moco.csv,BATCHSTOP4,0,-1,new_dynamic,stagger_mfu,2,3051,30.8946772366931,4415,8.686369831612765,4857939.0,5320059.0
375,dreamhead-moco.csv,BATCHSTOP4,0,-1,new_dynamic,stagger_mfu,3,3093,29.943374858437153,4415,7.565893536143108,4917549.0,5320059.0
376,dreamhead-moco.csv,BATCHDIVIDE4,0,-1,new_dynamic,stagger_mfu,2,3020,31.596828992072474,4415,3.480036593579129,5134919.0,5320059.0
377,dreamhead-moco.csv,BATCHDIVIDE4,0,-1,new_dynamic,stagger_mfu,3,3056,30.78142695356739,4415,2.4015147200435223,5192297.0,5320059.0
378,dreamhead-moco.csv,BATCHBISECT,1,-1,new_dynamic,stagger_mfu,2,2399,37.70449233965204,3851,48.64628381001038,2732048.0,5320059.0
379,dreamhead-moco.csv,BATCHBISECT,1,-1,new_dynamic,stagger_mfu,3,2416,37.26304855881589,3851,48.89801034161463,2718656.0,5320059.0
380,dreamhead-moco.csv,BATCHSTOP4,1,-1,new_dynamic,stagger_mfu,2,2679,30.433653596468446,3851,36.85195972450681,3359513.0,5320059.0
381,dreamhead-moco.csv,BATCHSTOP4,1,-1,new_dynamic,stagger_mfu,3,2710,29.628667878473124,3851,36.02845381977907,3403324.0,5320059.0
382,dreamhead-moco.csv,BATCHDIVIDE4,1,-1,new_dynamic,stagger_mfu,2,2629,31.73201765775123,3851,33.17713205812191,3555016.0,5320059.0
383,dreamhead-moco.csv,BATCHDIVIDE4,1,-1,new_dynamic,stagger_mfu,3,2651,31.160737470786813,3851,31.87861262440886,3624098.0,5320059.0
384,nutzam-nutz.csv,BATCHBISECT,0,-1,new_dynamic,stagger_mfu,2,3749,17.803113352335018,4561,17.95532283382343,2954163.0,3600676.0
385,nutzam-nutz.csv,BATCHBISECT,0,-1,new_dynamic,stagger_mfu,3,3788,16.948037711028277,4561,17.664932918152033,2964619.0,3600676.0
386,nutzam-nutz.csv,BATCHSTOP4,0,-1,new_dynamic,stagger_mfu,2,3856,15.45713659285245,4561,20.9572313643327,2846074.0,3600676.0
387,nutzam-nutz.csv,BATCHSTOP4,0,-1,new_dynamic,stagger_mfu,3,4187,8.199956149967107,4561,12.284276619168182,3158359.0,3600676.0
388,nutzam-nutz.csv,BATCHDIVIDE4,0,-1,new_dynamic,stagger_mfu,2,3553,22.100416575312437,4561,16.0635114073024,3022281.0,3600676.0
389,nutzam-nutz.csv,BATCHDIVIDE4,0,-1,new_dynamic,stagger_mfu,3,3820,16.246437184827883,4561,9.26812076398987,3266961.0,3600676.0
390,nutzam-nutz.csv,BATCHBISECT,1,-1,new_dynamic,stagger_mfu,2,3445,16.46459747817653,4124,29.45638541207262,2540047.0,3600676.0
391,nutzam-nutz.csv,BATCHBISECT,1,-1,new_dynamic,stagger_mfu,3,3500,15.130940834141612,4124,28.00479687703087,2592314.0,3600676.0
392,nutzam-nutz.csv,BATCHSTOP4,1,-1,new_dynamic,stagger_mfu,2,3447,16.416100872938898,4124,38.542901388517045,2212871.0,3600676.0
393,nutzam-nutz.csv,BATCHSTOP4,1,-1,new_dynamic,stagger_mfu,3,3465,15.979631425800193,4124,36.836943951635746,2274297.0,3600676.0
394,nutzam-nutz.csv,BATCHDIVIDE4,1,-1,new_dynamic,stagger_mfu,2,3429,16.85257032007759,4124,34.41909241486876,2361356.0,3600676.0
395,nutzam-nutz.csv,BATCHDIVIDE4,1,-1,new_dynamic,stagger_mfu,3,3456,16.197866149369545,4124,28.984085210665995,2557053.0,3600676.0
396,CloudSlang-cloud-slang.csv,BATCHBISECT,0,-1,new_dynamic,stagger_mfu,2,1313,39.46519133241125,2169,37.498324039692385,1328565.0,2125647.0
397,CloudSlang-cloud-slang.csv,BATCHBISECT,0,-1,new_dynamic,stagger_mfu,3,1314,39.41908713692946,2169,37.08513219739684,1337348.0,2125647.0
398,CloudSlang-cloud-slang.csv,BATCHSTOP4,0,-1,new_dynamic,stagger_mfu,2,1187,45.274319963116646,2169,46.659158364488555,1133838.0,2125647.0
399,CloudSlang-cloud-slang.csv,BATCHSTOP4,0,-1,new_dynamic,stagger_mfu,3,1283,40.84831719686491,2169,42.324901547622915,1225969.0,2125647.0
400,CloudSlang-cloud-slang.csv,BATCHDIVIDE4,0,-1,new_dynamic,stagger_mfu,2,1191,45.08990318118949,2169,31.55919115450496,1454810.0,2125647.0
401,CloudSlang-cloud-slang.csv,BATCHDIVIDE4,0,-1,new_dynamic,stagger_mfu,3,1271,41.40156754264638,2169,28.941964493634174,1510443.0,2125647.0
402,CloudSlang-cloud-slang.csv,BATCHBISECT,1,-1,new_dynamic,stagger_mfu,2,1229,38.42685370741483,1996,45.953961311544205,1148828.0,2125647.0
403,CloudSlang-cloud-slang.csv,BATCHBISECT,1,-1,new_dynamic,stagger_mfu,3,1227,38.52705410821643,1996,44.3014762093612,1183954.0,2125647.0
404,CloudSlang-cloud-slang.csv,BATCHSTOP4,1,-1,new_dynamic,stagger_mfu,2,1090,45.390781563126254,1996,49.56392100852117,1072093.0,2125647.0
405,CloudSlang-cloud-slang.csv,BATCHSTOP4,1,-1,new_dynamic,stagger_mfu,3,1186,40.5811623246493,1996,44.664989059801556,1176227.0,2125647.0
406,CloudSlang-cloud-slang.csv,BATCHDIVIDE4,1,-1,new_dynamic,stagger_mfu,2,1112,44.28857715430862,1996,37.08527333089643,1337345.0,2125647.0
407,CloudSlang-cloud-slang.csv,BATCHDIVIDE4,1,-1,new_dynamic,stagger_mfu,3,1188,40.480961923847694,1996,33.767224755568535,1407875.0,2125647.0
408,geotools-geotools.csv,BATCHBISECT,0,-1,new_dynamic,stagger_mfu,2,3051,28.88111888111888,4290,,16908888.0,
409,geotools-geotools.csv,BATCHBISECT,0,-1,new_dynamic,stagger_mfu,3,3032,29.324009324009324,4290,,,
410,geotools-geotools.csv,BATCHSTOP4,0,-1,new_dynamic,stagger_mfu,2,3758,12.400932400932405,4290,,,
411,geotools-geotools.csv,BATCHSTOP4,0,-1,new_dynamic,stagger_mfu,3,3667,14.522144522144515,4290,,,
412,geotools-geotools.csv,BATCHDIVIDE4,0,-1,new_dynamic,stagger_mfu,2,3494,18.55477855477855,4290,,,
413,geotools-geotools.csv,BATCHDIVIDE4,0,-1,new_dynamic,stagger_mfu,3,3449,19.603729603729604,4290,,,
414,geotools-geotools.csv,BATCHBISECT,1,-1,new_dynamic,stagger_mfu,2,2947,28.97083634610749,4149,,15551693.0,
415,geotools-geotools.csv,BATCHBISECT,1,-1,new_dynamic,stagger_mfu,3,2961,28.633405639913235,4149,,15651479.0,
416,geotools-geotools.csv,BATCHSTOP4,1,-1,new_dynamic,stagger_mfu,2,3639,12.292118582791034,4149,,17960237.0,
417,geotools-geotools.csv,BATCHSTOP4,1,-1,new_dynamic,stagger_mfu,3,3628,12.557242709086523,4149,,17925033.0,
418,geotools-geotools.csv,BATCHDIVIDE4,1,-1,new_dynamic,stagger_mfu,2,3393,18.221258134490242,4149,,,
419,geotools-geotools.csv,BATCHDIVIDE4,1,-1,new_dynamic,stagger_mfu,3,3393,18.221258134490242,4149,,,
420,CloudifySource-cloudify.csv,BATCHBISECT,0,-1,new_dynamic,stagger_mfu,2,3339,35.13986013986013,5148,,,
421,CloudifySource-cloudify.csv,BATCHBISECT,0,-1,new_dynamic,stagger_mfu,3,3318,35.54778554778555,5148,,,
422,CloudifySource-cloudify.csv,BATCHSTOP4,0,-1,new_dynamic,stagger_mfu,2,3450,32.98368298368298,5148,,,
423,CloudifySource-cloudify.csv,BATCHSTOP4,0,-1,new_dynamic,stagger_mfu,3,3445,33.08080808080808,5148,,,
424,CloudifySource-cloudify.csv,BATCHDIVIDE4,0,-1,new_dynamic,stagger_mfu,2,3312,35.66433566433567,5148,,,
425,CloudifySource-cloudify.csv,BATCHDIVIDE4,0,-1,new_dynamic,stagger_mfu,3,3346,35.003885003885,5148,,,
426,CloudifySource-cloudify.csv,BATCHBISECT,1,-1,new_dynamic,stagger_mfu,2,3292,35.14578408195429,5076,,,
427,CloudifySource-cloudify.csv,BATCHBISECT,1,-1,new_dynamic,stagger_mfu,3,3281,35.362490149724195,5076,,,
428,CloudifySource-cloudify.csv,BATCHSTOP4,1,-1,new_dynamic,stagger_mfu,2,3393,33.156028368794324,5076,,,
429,CloudifySource-cloudify.csv,BATCHSTOP4,1,-1,new_dynamic,stagger_mfu,3,3438,32.26950354609929,5076,,,
430,CloudifySource-cloudify.csv,BATCHDIVIDE4,1,-1,new_dynamic,stagger_mfu,2,3256,35.85500394011032,5076,,,
431,CloudifySource-cloudify.csv,BATCHDIVIDE4,1,-1,new_dynamic,stagger_mfu,3,3307,34.85027580772261,5076,,,
432,SpongePowered-SpongeCommon.csv,BATCHBISECT,0,-1,new_dynamic,stagger_mfu,2,2084,43.90309555854643,3715,46.22853991019299,1659241.0,3085728.0
433,SpongePowered-SpongeCommon.csv,BATCHBISECT,0,-1,new_dynamic,stagger_mfu,3,2062,44.49528936742934,3715,47.38295144614172,1623619.0,3085728.0
434,SpongePowered-SpongeCommon.csv,BATCHSTOP4,0,-1,new_dynamic,stagger_mfu,2,1699,54.26648721399731,3715,60.51262457352041,1218473.0,3085728.0
435,SpongePowered-SpongeCommon.csv,BATCHSTOP4,0,-1,new_dynamic,stagger_mfu,3,1820,51.00942126514132,3715,57.62128094245507,1307692.0,3085728.0
436,SpongePowered-SpongeCommon.csv,BATCHDIVIDE4,0,-1,new_dynamic,stagger_mfu,2,1797,51.628532974428,3715,40.95244298914227,1822047.0,3085728.0
437,SpongePowered-SpongeCommon.csv,BATCHDIVIDE4,0,-1,new_dynamic,stagger_mfu,3,1903,48.77523553162853,3715,36.83623443155067,1949062.0,3085728.0
438,SpongePowered-SpongeCommon.csv,BATCHBISECT,1,-1,new_dynamic,stagger_mfu,2,2079,43.75,3696,44.89400880440532,1700421.0,3085728.0
439,SpongePowered-SpongeCommon.csv,BATCHBISECT,1,-1,new_dynamic,stagger_mfu,3,2055,44.39935064935065,3696,45.92838383681258,1668503.0,3085728.0
440,SpongePowered-SpongeCommon.csv,BATCHSTOP4,1,-1,new_dynamic,stagger_mfu,2,1754,52.54329004329004,3696,54.096310497879266,1416463.0,3085728.0
441,SpongePowered-SpongeCommon.csv,BATCHSTOP4,1,-1,new_dynamic,stagger_mfu,3,1877,49.21536796536797,3696,50.25828588909975,1534894.0,3085728.0
442,SpongePowered-SpongeCommon.csv,BATCHDIVIDE4,1,-1,new_dynamic,stagger_mfu,2,1848,50.0,3696,35.913567235997476,1977533.0,3085728.0
443,SpongePowered-SpongeCommon.csv,BATCHDIVIDE4,1,-1,new_dynamic,stagger_mfu,3,1967,46.78030303030303,3696,30.562253056653077,2142660.0,3085728.0
444,apache-zeppelin.csv,BATCHBISECT,0,-1,new_dynamic,stagger_mfu,2,4209,8.757858226750486,4613,7.694012034441201,35070234.0,37993455.0
445,apache-zeppelin.csv,BATCHBISECT,0,-1,new_dynamic,stagger_mfu,3,4219,8.54107955777151,4613,7.359349130001476,35197384.0,37993455.0
446,apache-zeppelin.csv,BATCHSTOP4,0,-1,new_dynamic,stagger_mfu,2,4192,9.12638196401474,4613,19.461770454937565,30599256.0,37993455.0
447,apache-zeppelin.csv,BATCHSTOP4,0,-1,new_dynamic,stagger_mfu,3,4329,6.156514199002814,4613,15.281350432594252,32187542.0,37993455.0
448,apache-zeppelin.csv,BATCHDIVIDE4,0,-1,new_dynamic,stagger_mfu,2,4119,10.708866247561247,4613,17.262394272908324,31434875.0,37993455.0
449,apache-zeppelin.csv,BATCHDIVIDE4,0,-1,new_dynamic,stagger_mfu,3,4236,8.172555820507256,4613,10.93472546784703,33838975.0,37993455.0
450,apache-zeppelin.csv,BATCHBISECT,1,-1,new_dynamic,stagger_mfu,2,3561,7.7222078258616165,3859,30.406050199962067,26441146.0,37993455.0
451,apache-zeppelin.csv,BATCHBISECT,1,-1,new_dynamic,stagger_mfu,3,3535,8.395957501943514,3859,30.8211427468231,26283438.0,37993455.0
452,apache-zeppelin.csv,BATCHSTOP4,1,-1,new_dynamic,stagger_mfu,2,3641,5.649131899455824,3859,35.84253393117315,24375638.0,37993455.0
453,apache-zeppelin.csv,BATCHSTOP4,1,-1,new_dynamic,stagger_mfu,3,3674,4.793988079813417,3859,33.99169409573307,25078836.0,37993455.0
454,apache-zeppelin.csv,BATCHDIVIDE4,1,-1,new_dynamic,stagger_mfu,2,3561,7.7222078258616165,3859,34.6889010225577,24813943.0,37993455.0
455,apache-zeppelin.csv,BATCHDIVIDE4,1,-1,new_dynamic,stagger_mfu,3,3602,6.6597564135786484,3859,31.007893333206994,26212485.0,37993455.0
456,typetools-checker-framework.csv,BATCHBISECT,0,-1,new_dynamic,stagger_mfu,2,2945,35.60026240979663,4573,45.33989109987486,19726906.0,36090133.0
457,typetools-checker-framework.csv,BATCHBISECT,0,-1,new_dynamic,stagger_mfu,3,2953,35.425322545375025,4573,43.55476329222727,20371161.0,36090133.0
458,typetools-checker-framework.csv,BATCHSTOP4,0,-1,new_dynamic,stagger_mfu,2,3222,29.54296960419856,4573,47.47033489735269,18958026.0,36090133.0
459,typetools-checker-framework.csv,BATCHSTOP4,0,-1,new_dynamic,stagger_mfu,3,3246,29.018150010933738,4573,47.20496873757711,19053797.0,36090133.0
460,typetools-checker-framework.csv,BATCHDIVIDE4,0,-1,new_dynamic,stagger_mfu,2,3138,31.379838180625413,4573,30.019470972855657,25256066.0,36090133.0
461,typetools-checker-framework.csv,BATCHDIVIDE4,0,-1,new_dynamic,stagger_mfu,3,3178,30.505138858517384,4573,28.61876956784836,25761581.0,36090133.0
462,typetools-checker-framework.csv,BATCHBISECT,1,-1,new_dynamic,stagger_mfu,2,2486,33.5826876836762,3743,45.24523364876489,19761068.0,36090133.0
463,typetools-checker-framework.csv,BATCHBISECT,1,-1,new_dynamic,stagger_mfu,3,2473,33.93000267165375,3743,45.76848746996859,19572225.0,36090133.0
464,typetools-checker-framework.csv,BATCHSTOP4,1,-1,new_dynamic,stagger_mfu,2,2706,27.70504942559444,3743,40.44261903939229,21494338.0,36090133.0
465,typetools-checker-framework.csv,BATCHSTOP4,1,-1,new_dynamic,stagger_mfu,3,2716,27.437884050227098,3743,39.52486126886814,21825558.0,36090133.0
466,typetools-checker-framework.csv,BATCHDIVIDE4,1,-1,new_dynamic,stagger_mfu,2,2609,30.296553566657764,3743,31.660675786370746,24663753.0,36090133.0
467,typetools-checker-framework.csv,BATCHDIVIDE4,1,-1,new_dynamic,stagger_mfu,3,2633,29.65535666577611,3743,29.83473072820209,25322739.0,36090133.0
468,geoserver-geoserver.csv,BATCHBISECT,0,-1,new_dynamic,stagger_mfu,2,4728,11.97169986967046,5371,,,
469,geoserver-geoserver.csv,BATCHBISECT,0,-1,new_dynamic,stagger_mfu,3,4808,10.482219326010053,5371,,,
470,geoserver-geoserver.csv,BATCHSTOP4,0,-1,new_dynamic,stagger_mfu,2,4921,8.378328058089735,5371,,,
471,geoserver-geoserver.csv,BATCHSTOP4,0,-1,new_dynamic,stagger_mfu,3,5033,6.2930552969651785,5371,,,
472,geoserver-geoserver.csv,BATCHDIVIDE4,0,-1,new_dynamic,stagger_mfu,2,4888,8.992738782349662,5371,,,
473,geoserver-geoserver.csv,BATCHDIVIDE4,0,-1,new_dynamic,stagger_mfu,3,4935,8.117668962949168,5371,,,
474,geoserver-geoserver.csv,BATCHBISECT,1,-1,new_dynamic,stagger_mfu,2,4528,12.077669902912618,5150,,,
475,geoserver-geoserver.csv,BATCHBISECT,1,-1,new_dynamic,stagger_mfu,3,4595,10.77669902912622,5150,,,
476,geoserver-geoserver.csv,BATCHSTOP4,1,-1,new_dynamic,stagger_mfu,2,4580,11.067961165048544,5150,,,
477,geoserver-geoserver.csv,BATCHSTOP4,1,-1,new_dynamic,stagger_mfu,3,4759,7.592233009708735,5150,,,
478,geoserver-geoserver.csv,BATCHDIVIDE4,1,-1,new_dynamic,stagger_mfu,2,4546,11.728155339805824,5150,,,
479,geoserver-geoserver.csv,BATCHDIVIDE4,1,-1,new_dynamic,stagger_mfu,3,4667,9.37864077669903,5150,,,
480,ngageoint-geowave.csv,BATCHBISECT,0,-1,new_dynamic,stagger_mfu,2,1362,53.578732106339466,2934,60.12072650014179,10132133.0,25407015.0
481,ngageoint-geowave.csv,BATCHBISECT,0,-1,new_dynamic,stagger_mfu,3,1382,52.8970688479891,2934,59.82563477055451,10207107.0,25407015.0
482,ngageoint-geowave.csv,BATCHSTOP4,0,-1,new_dynamic,stagger_mfu,2,1132,61.41785957736878,2934,73.1698548609508,6816739.0,25407015.0
483,ngageoint-geowave.csv,BATCHSTOP4,0,-1,new_dynamic,stagger_mfu,3,1281,56.33946830265849,2934,67.84369592413748,8169957.0,25407015.0
484,ngageoint-geowave.csv,BATCHDIVIDE4,0,-1,new_dynamic,stagger_mfu,2,1344,54.192229038854805,2934,46.81549957757729,13512594.0,25407015.0
485,ngageoint-geowave.csv,BATCHDIVIDE4,0,-1,new_dynamic,stagger_mfu,3,1501,48.841172460804366,2934,39.80994619005814,15292496.0,25407015.0
486,ngageoint-geowave.csv,BATCHBISECT,1,-1,new_dynamic,stagger_mfu,2,1106,56.49095200629426,2542,69.73192639906735,7690214.0,25407015.0
487,ngageoint-geowave.csv,BATCHBISECT,1,-1,new_dynamic,stagger_mfu,3,1108,56.41227380015736,2542,68.43861429609106,8018806.0,25407015.0
488,ngageoint-geowave.csv,BATCHSTOP4,1,-1,new_dynamic,stagger_mfu,2,909,64.24075531077892,2542,76.35718717842298,6006933.0,25407015.0
489,ngageoint-geowave.csv,BATCHSTOP4,1,-1,new_dynamic,stagger_mfu,3,1051,58.65460267505901,2542,71.11648101912012,7338440.0,25407015.0
490,ngageoint-geowave.csv,BATCHDIVIDE4,1,-1,new_dynamic,stagger_mfu,2,1129,55.586152635719905,2542,54.53779202318729,11550590.0,25407015.0
491,ngageoint-geowave.csv,BATCHDIVIDE4,1,-1,new_dynamic,stagger_mfu,3,1243,51.1014948859166,2542,49.460595823633746,12840554.0,25407015.0
492,sparklemotion-nokogiri.csv,BATCHBISECT,0,-1,new_dynamic,stagger_mfu,2,3026,48.06933241805389,5827,54.024193885766,3604654.0,7840328.0
493,sparklemotion-nokogiri.csv,BATCHBISECT,0,-1,new_dynamic,stagger_mfu,3,3001,48.498369658486354,5827,54.33073718344436,3580620.0,7840328.0
494,sparklemotion-nokogiri.csv,BATCHSTOP4,0,-1,new_dynamic,stagger_mfu,2,3237,44.44825810880384,5827,58.42292567351774,3259779.0,7840328.0
495,sparklemotion-nokogiri.csv,BATCHSTOP4,0,-1,new_dynamic,stagger_mfu,3,3213,44.86013385961901,5827,59.188990562639724,3199717.0,7840328.0
496,sparklemotion-nokogiri.csv,BATCHDIVIDE4,0,-1,new_dynamic,stagger_mfu,2,3697,36.5539728848464,5827,34.16818786152824,5161430.0,7840328.0
497,sparklemotion-nokogiri.csv,BATCHDIVIDE4,0,-1,new_dynamic,stagger_mfu,3,3736,35.88467478977175,5827,31.84212446213985,5343801.0,7840328.0
498,sparklemotion-nokogiri.csv,BATCHBISECT,1,-1,new_dynamic,stagger_mfu,2,2152,47.37099535338714,4089,70.92511945928793,2279566.0,7840328.0
499,sparklemotion-nokogiri.csv,BATCHBISECT,1,-1,new_dynamic,stagger_mfu,3,2147,47.49327463927611,4089,71.07812326219005,2267570.0,7840328.0
500,sparklemotion-nokogiri.csv,BATCHSTOP4,1,-1,new_dynamic,stagger_mfu,2,2288,44.04499877720714,4089,73.79510142942999,2054550.0,7840328.0
501,sparklemotion-nokogiri.csv,BATCHSTOP4,1,-1,new_dynamic,stagger_mfu,3,2254,44.87649792125214,4089,73.99677666546603,2038738.0,7840328.0
502,sparklemotion-nokogiri.csv,BATCHDIVIDE4,1,-1,new_dynamic,stagger_mfu,2,2594,36.56150648080215,4089,61.83115043146154,2992563.0,7840328.0
503,sparklemotion-nokogiri.csv,BATCHDIVIDE4,1,-1,new_dynamic,stagger_mfu,3,2620,35.9256541941795,4089,59.9800161421818,3137698.0,7840328.0
504,Graylog2-graylog2-server.csv,BATCHBISECT,0,-1,new_dynamic,stagger_mfu,2,1188,62.33354470513633,3154,63.03026331939508,1201800.0,3250767.0
505,Graylog2-graylog2-server.csv,BATCHBISECT,0,-1,new_dynamic,stagger_mfu,3,1110,64.80659480025365,3154,66.32050220763284,1094842.0,3250767.0
506,Graylog2-graylog2-server.csv,BATCHSTOP4,0,-1,new_dynamic,stagger_mfu,2,986,68.73811033608116,3154,70.72309396520882,951724.0,3250767.0
507,Graylog2-graylog2-server.csv,BATCHSTOP4,0,-1,new_dynamic,stagger_mfu,3,1042,66.96258719086873,3154,68.85378127684943,1012491.0,3250767.0
508,Graylog2-graylog2-server.csv,BATCHDIVIDE4,0,-1,new_dynamic,stagger_mfu,2,1244,60.55802155992391,3154,42.614896730525444,1865456.0,3250767.0
509,Graylog2-graylog2-server.csv,BATCHDIVIDE4,0,-1,new_dynamic,stagger_mfu,3,1317,58.2435003170577,3154,40.36093635748117,1938727.0,3250767.0
510,Graylog2-graylog2-server.csv,BATCHBISECT,1,-1,new_dynamic,stagger_mfu,2,1137,63.1800518134715,3088,63.29635436806144,1193150.0,3250767.0
511,Graylog2-graylog2-server.csv,BATCHBISECT,1,-1,new_dynamic,stagger_mfu,3,1123,63.63341968911917,3088,64.76816086788133,1145305.0,3250767.0
512,Graylog2-graylog2-server.csv,BATCHSTOP4,1,-1,new_dynamic,stagger_mfu,2,1042,66.25647668393782,3088,64.969713301507,1138753.0,3250767.0
513,Graylog2-graylog2-server.csv,BATCHSTOP4,1,-1,new_dynamic,stagger_mfu,3,1031,66.61269430051814,3088,65.33101265024531,1127008.0,3250767.0
514,Graylog2-graylog2-server.csv,BATCHDIVIDE4,1,-1,new_dynamic,stagger_mfu,2,1291,58.193005181347154,3088,39.093727726410414,1979921.0,3250767.0
515,Graylog2-graylog2-server.csv,BATCHDIVIDE4,1,-1,new_dynamic,stagger_mfu,3,1280,58.54922279792746,3088,39.13864020398878,1978461.0,3250767.0
516,cloudfoundry-uaa.csv,BATCHBISECT,0,-1,new_dynamic,stagger_mfu,2,97,66.08391608391608,286,70.20489748343044,571058.0,1916617.0
517,cloudfoundry-uaa.csv,BATCHBISECT,0,-1,new_dynamic,stagger_mfu,3,97,66.08391608391608,286,68.70485861285798,599808.0,1916617.0
518,cloudfoundry-uaa.csv,BATCHSTOP4,0,-1,new_dynamic,stagger_mfu,2,86,69.93006993006993,286,72.2758902795916,531365.0,1916617.0
519,cloudfoundry-uaa.csv,BATCHSTOP4,0,-1,new_dynamic,stagger_mfu,3,93,67.48251748251748,286,68.23554210361277,608803.0,1916617.0
520,cloudfoundry-uaa.csv,BATCHDIVIDE4,0,-1,new_dynamic,stagger_mfu,2,113,60.48951048951049,286,45.104525317264745,1052136.0,1916617.0
521,cloudfoundry-uaa.csv,BATCHDIVIDE4,0,-1,new_dynamic,stagger_mfu,3,115,59.79020979020979,286,42.004792819848724,1111546.0,1916617.0
522,cloudfoundry-uaa.csv,BATCHBISECT,1,-1,new_dynamic,stagger_mfu,2,85,65.1639344262295,244,68.18013197211545,609865.0,1916617.0
523,cloudfoundry-uaa.csv,BATCHBISECT,1,-1,new_dynamic,stagger_mfu,3,90,63.114754098360656,244,66.57861221099469,640560.0,1916617.0
524,cloudfoundry-uaa.csv,BATCHSTOP4,1,-1,new_dynamic,stagger_mfu,2,54,77.8688524590164,244,78.4252148446977,413506.0,1916617.0
525,cloudfoundry-uaa.csv,BATCHSTOP4,1,-1,new_dynamic,stagger_mfu,3,55,77.45901639344262,244,78.38566599377967,414264.0,1916617.0
526,cloudfoundry-uaa.csv,BATCHDIVIDE4,1,-1,new_dynamic,stagger_mfu,2,77,68.44262295081967,244,55.73831391456926,848327.0,1916617.0
527,cloudfoundry-uaa.csv,BATCHDIVIDE4,1,-1,new_dynamic,stagger_mfu,3,81,66.80327868852459,244,53.48350765958979,891543.0,1916617.0
528,apache-jackrabbit-oak.csv,BATCHBISECT,0,-1,new_dynamic,stagger_mfu,2,7240,4.53586497890295,7584,,,
529,apache-jackrabbit-oak.csv,BATCHBISECT,0,-1,new_dynamic,stagger_mfu,3,7484,1.3185654008438803,7584,,,
530,apache-jackrabbit-oak.csv,BATCHSTOP4,0,-1,new_dynamic,stagger_mfu,2,7766,-2.3997890295358673,7584,,,
531,apache-jackrabbit-oak.csv,BATCHSTOP4,0,-1,new_dynamic,stagger_mfu,3,8070,-6.408227848101262,7584,,,
532,apache-jackrabbit-oak.csv,BATCHDIVIDE4,0,-1,new_dynamic,stagger_mfu,2,6952,8.333333333333329,7584,,,
533,apache-jackrabbit-oak.csv,BATCHDIVIDE4,0,-1,new_dynamic,stagger_mfu,3,7205,4.997362869198312,7584,,,
534,apache-jackrabbit-oak.csv,BATCHBISECT,1,-1,new_dynamic,stagger_mfu,2,7240,4.53586497890295,7584,,,
535,apache-jackrabbit-oak.csv,BATCHBISECT,1,-1,new_dynamic,stagger_mfu,3,7484,1.3185654008438803,7584,,,
536,apache-jackrabbit-oak.csv,BATCHSTOP4,1,-1,new_dynamic,stagger_mfu,2,7766,-2.3997890295358673,7584,,,
537,apache-jackrabbit-oak.csv,BATCHSTOP4,1,-1,new_dynamic,stagger_mfu,3,8070,-6.408227848101262,7584,,,
538,apache-jackrabbit-oak.csv,BATCHDIVIDE4,1,-1,new_dynamic,stagger_mfu,2,6952,8.333333333333329,7584,,,
539,apache-jackrabbit-oak.csv,BATCHDIVIDE4,1,-1,new_dynamic,stagger_mfu,3,7205,4.997362869198312,7584,,,
540,apache-pdfbox.csv,BATCHBISECT,0,-1,new_dynamic,stagger_mfu,2,8295,7.710280373831779,8988,6.0598221210599945,5494065.0,5848472.0
541,apache-pdfbox.csv,BATCHBISECT,0,-1,new_dynamic,stagger_mfu,3,8530,5.095683133066316,8988,3.8272047810094705,5624639.0,5848472.0
542,apache-pdfbox.csv,BATCHSTOP4,0,-1,new_dynamic,stagger_mfu,2,8553,4.839786381842458,8988,17.682345063804703,4814325.0,5848472.0
543,apache-pdfbox.csv,BATCHSTOP4,0,-1,new_dynamic,stagger_mfu,3,8670,3.538050734312421,8988,14.399282410858774,5006334.0,5848472.0
544,apache-pdfbox.csv,BATCHDIVIDE4,0,-1,new_dynamic,stagger_mfu,2,8556,4.806408544726295,8988,13.858970343022932,5037934.0,5848472.0
545,apache-pdfbox.csv,BATCHDIVIDE4,0,-1,new_dynamic,stagger_mfu,3,8661,3.638184245660881,8988,10.356072492097084,5242800.0,5848472.0
546,apache-pdfbox.csv,BATCHBISECT,1,-1,new_dynamic,stagger_mfu,2,8295,7.710280373831779,8988,6.0598221210599945,5494065.0,5848472.0
547,apache-pdfbox.csv,BATCHBISECT,1,-1,new_dynamic,stagger_mfu,3,8530,5.095683133066316,8988,3.8272047810094705,5624639.0,5848472.0
548,apache-pdfbox.csv,BATCHSTOP4,1,-1,new_dynamic,stagger_mfu,2,8553,4.839786381842458,8988,17.682345063804703,4814325.0,5848472.0
549,apache-pdfbox.csv,BATCHSTOP4,1,-1,new_dynamic,stagger_mfu,3,8670,3.538050734312421,8988,14.399282410858774,5006334.0,5848472.0
550,apache-pdfbox.csv,BATCHDIVIDE4,1,-1,new_dynamic,stagger_mfu,2,8556,4.806408544726295,8988,13.858970343022932,5037934.0,5848472.0
551,apache-pdfbox.csv,BATCHDIVIDE4,1,-1,new_dynamic,stagger_mfu,3,8661,3.638184245660881,8988,10.356072492097084,5242800.0,5848472.0
552,apache-sling.csv,BATCHBISECT,0,-1,new_dynamic,stagger_mfu,2,14240,0.391717963066597,14296,0.9838921081408358,31703624.0,32018653.0
553,apache-sling.csv,BATCHBISECT,0,-1,new_dynamic,stagger_mfu,3,14257,0.2728035814213712,14296,0.8928264408874469,31732782.0,32018653.0
554,apache-sling.csv,BATCHSTOP4,0,-1,new_dynamic,stagger_mfu,2,17695,-23.775881365416893,14296,1.9131285753963425,31406095.0,32018653.0
555,apache-sling.csv,BATCHSTOP4,0,-1,new_dynamic,stagger_mfu,3,17722,-23.964745383324,14296,1.4381085925132453,31558190.0,32018653.0
556,apache-sling.csv,BATCHDIVIDE4,0,-1,new_dynamic,stagger_mfu,2,17699,-23.803861219921657,14296,1.586290966081549,31510744.0,32018653.0
557,apache-sling.csv,BATCHDIVIDE4,0,-1,new_dynamic,stagger_mfu,3,17717,-23.929770565193067,14296,1.1381709280524746,31654226.0,32018653.0
558,apache-sling.csv,BATCHBISECT,1,-1,new_dynamic,stagger_mfu,2,14200,0.3928170594837326,14256,1.2984181439487799,31602917.0,32018653.0
559,apache-sling.csv,BATCHBISECT,1,-1,new_dynamic,stagger_mfu,3,14217,0.27356902356902424,14256,1.4246633048554571,31562495.0,32018653.0
560,apache-sling.csv,BATCHSTOP4,1,-1,new_dynamic,stagger_mfu,2,17645,-23.77244668911335,14256,2.746955032742946,31139115.0,32018653.0
561,apache-sling.csv,BATCHSTOP4,1,-1,new_dynamic,stagger_mfu,3,17672,-23.96184062850729,14256,2.1663715834641692,31325010.0,32018653.0
562,apache-sling.csv,BATCHDIVIDE4,1,-1,new_dynamic,stagger_mfu,2,17649,-23.800505050505052,14256,2.2131849206773353,31310021.0,32018653.0
563,apache-sling.csv,BATCHDIVIDE4,1,-1,new_dynamic,stagger_mfu,3,17667,-23.926767676767682,14256,1.576818362721255,31513777.0,32018653.0
564,SonarSource-sonar-java.csv,BATCHBISECT,0,-1,new_dynamic,stagger_mfu,2,6602,46.06649783514419,12241,,,
565,SonarSource-sonar-java.csv,BATCHBISECT,0,-1,new_dynamic,stagger_mfu,3,6619,45.927620292459764,12241,,,
566,SonarSource-sonar-java.csv,BATCHSTOP4,0,-1,new_dynamic,stagger_mfu,2,5788,52.71628134956294,12241,,,
567,SonarSource-sonar-java.csv,BATCHSTOP4,0,-1,new_dynamic,stagger_mfu,3,5882,51.94837023119026,12241,,,
568,SonarSource-sonar-java.csv,BATCHDIVIDE4,0,-1,new_dynamic,stagger_mfu,2,6369,47.96993709664243,12241,,,
569,SonarSource-sonar-java.csv,BATCHDIVIDE4,0,-1,new_dynamic,stagger_mfu,3,6497,46.92427089290091,12241,,,
570,SonarSource-sonar-java.csv,BATCHBISECT,1,-1,new_dynamic,stagger_mfu,2,6604,46.03693413956529,12238,,,
571,SonarSource-sonar-java.csv,BATCHBISECT,1,-1,new_dynamic,stagger_mfu,3,6615,45.947050171596665,12238,,,
572,SonarSource-sonar-java.csv,BATCHSTOP4,1,-1,new_dynamic,stagger_mfu,2,5820,52.44320967478346,12238,,,
573,SonarSource-sonar-java.csv,BATCHSTOP4,1,-1,new_dynamic,stagger_mfu,3,5864,52.08367380290897,12238,,,
574,SonarSource-sonar-java.csv,BATCHDIVIDE4,1,-1,new_dynamic,stagger_mfu,2,6392,47.7692433404151,12238,,,
575,SonarSource-sonar-java.csv,BATCHDIVIDE4,1,-1,new_dynamic,stagger_mfu,3,6480,47.050171596666125,12238,,,
576,killbill-killbill.csv,BATCHBISECT,0,-1,new_dynamic,stagger_mfu,2,4499,29.692139396780746,6399,,,
577,killbill-killbill.csv,BATCHBISECT,0,-1,new_dynamic,stagger_mfu,3,4424,30.864197530864203,6399,,,
578,killbill-killbill.csv,BATCHSTOP4,0,-1,new_dynamic,stagger_mfu,2,5220,18.424753867791836,6399,,,
579,killbill-killbill.csv,BATCHSTOP4,0,-1,new_dynamic,stagger_mfu,3,5256,17.862165963431792,6399,,,
580,killbill-killbill.csv,BATCHDIVIDE4,0,-1,new_dynamic,stagger_mfu,2,4989,22.034692920768876,6399,,,
581,killbill-killbill.csv,BATCHDIVIDE4,0,-1,new_dynamic,stagger_mfu,3,5013,21.65963431786217,6399,,,
582,killbill-killbill.csv,BATCHBISECT,1,-1,new_dynamic,stagger_mfu,2,4409,30.02697984446914,6301,,,
583,killbill-killbill.csv,BATCHBISECT,1,-1,new_dynamic,stagger_mfu,3,4346,31.026821139501664,6301,,,
584,killbill-killbill.csv,BATCHSTOP4,1,-1,new_dynamic,stagger_mfu,2,5099,19.0763370893509,6301,,,
585,killbill-killbill.csv,BATCHSTOP4,1,-1,new_dynamic,stagger_mfu,3,5141,18.40977622599587,6301,,,
586,killbill-killbill.csv,BATCHDIVIDE4,1,-1,new_dynamic,stagger_mfu,2,4892,22.361529915886365,6301,,,
587,killbill-killbill.csv,BATCHDIVIDE4,1,-1,new_dynamic,stagger_mfu,3,4923,21.869544516743375,6301,,,
588,checkstyle-checkstyle.csv,BATCHBISECT,0,-1,new_dynamic,stagger_mfu,2,9962,78.68771794707229,46743,,,
589,checkstyle-checkstyle.csv,BATCHBISECT,0,-1,new_dynamic,stagger_mfu,3,9754,79.13270436215049,46743,,,
590,checkstyle-checkstyle.csv,BATCHSTOP4,0,-1,new_dynamic,stagger_mfu,2,10518,77.49823502984404,46743,,,
591,checkstyle-checkstyle.csv,BATCHSTOP4,0,-1,new_dynamic,stagger_mfu,3,10652,77.21156108936097,46743,,,
592,checkstyle-checkstyle.csv,BATCHDIVIDE4,0,-1,new_dynamic,stagger_mfu,2,16952,63.733607171127225,46743,,,
593,checkstyle-checkstyle.csv,BATCHDIVIDE4,0,-1,new_dynamic,stagger_mfu,3,17069,63.48330231264574,46743,,,
594,checkstyle-checkstyle.csv,BATCHBISECT,1,-1,new_dynamic,stagger_mfu,2,8242,80.44417026526835,42146,,,
595,checkstyle-checkstyle.csv,BATCHBISECT,1,-1,new_dynamic,stagger_mfu,3,8084,80.81905756180895,42146,,,
596,checkstyle-checkstyle.csv,BATCHSTOP4,1,-1,new_dynamic,stagger_mfu,2,8596,79.60423290466474,42146,,,
597,checkstyle-checkstyle.csv,BATCHSTOP4,1,-1,new_dynamic,stagger_mfu,3,8727,79.29340862715323,42146,,,
598,checkstyle-checkstyle.csv,BATCHDIVIDE4,1,-1,new_dynamic,stagger_mfu,2,14629,65.28970720827598,42146,,,
599,checkstyle-checkstyle.csv,BATCHDIVIDE4,1,-1,new_dynamic,stagger_mfu,3,14790,64.90770179850995,42146,,,
