project,ci_skip,batch_size,builds_saved,method
SpongePowered-SpongeForge.csv,0,-1,40.37663581,baseline_dynamic
DSpace-DSpace.csv,0,-1,61.6751269,baseline_dynamic
essentials-Essentials.csv,0,-1,-6.741573034,baseline_dynamic
xetorthio-jedis.csv,0,-1,47.73869347,baseline_dynamic
samtools-htsjdk.csv,0,-1,63.7799883,baseline_dynamic
caelum-vraptor4.csv,0,-1,43.1372549,baseline_dynamic
cloudfoundry-uaa.csv,0,-1,64.68531469,baseline_dynamic
keycloak-keycloak.csv,0,-1,48.64516129,baseline_dynamic
open-keychain-open-keychain.csv,0,-1,30.39820527,baseline_dynamic
apache-tajo.csv,0,-1,24.16472416,baseline_dynamic
Graylog2-graylog2-server.csv,0,-1,62.68230818,baseline_dynamic
typetools-checker-framework.csv,0,-1,34.92237044,baseline_dynamic
dropwizard-dropwizard.csv,0,-1,65.84158416,baseline_dynamic
ngageoint-geowave.csv,0,-1,52.04498978,baseline_dynamic
FasterXML-jackson-databind.csv,0,-1,39.53592146,baseline_dynamic
sparklemotion-nokogiri.csv,0,-1,46.37034495,baseline_dynamic
CloudSlang-cloud-slang.csv,0,-1,40.94052559,baseline_dynamic
floragunncom-search-guard.csv,0,-1,61.25410734,baseline_dynamic
apache-sling.csv,0,-1,0.468662563,baseline_dynamic
mybatis-mybatis-3.csv,0,-1,67.78242678,baseline_dynamic
apache-pdfbox.csv,0,-1,11.0035603,baseline_dynamic
structr-structr.csv,0,-1,14.25159236,baseline_dynamic
orbeon-orbeon-forms.csv,0,-1,14.01657875,baseline_dynamic
puniverse-quasar.csv,0,-1,44.83030781,baseline_dynamic
grails-grails-core.csv,0,-1,5.93220339,baseline_dynamic
SpongePowered-SpongeCommon.csv,0,-1,43.39165545,baseline_dynamic
killbill-killbill.csv,0,-1,29.41084544,baseline_dynamic
square-wire.csv,0,-1,66.04278075,baseline_dynamic
nutzam-nutz.csv,0,-1,19.7325148,baseline_dynamic
rackerlabs-blueflood.csv,0,-1,36.32246377,baseline_dynamic
yegor256-takes.csv,0,-1,39.80399548,baseline_dynamic
geotools-geotools.csv,0,-1,27.10955711,baseline_dynamic
CloudifySource-cloudify.csv,0,-1,34.82905983,baseline_dynamic
dreamhead-moco.csv,0,-1,35.44733862,baseline_dynamic
osmdroid-osmdroid.csv,0,-1,14.47368421,baseline_dynamic
naver-pinpoint.csv,0,-1,59.3837535,baseline_dynamic
SonarSource-sonar-java.csv,0,-1,46.74454701,baseline_dynamic
apache-zeppelin.csv,0,-1,13.33188814,baseline_dynamic
geoserver-geoserver.csv,0,-1,12.67920313,baseline_dynamic
apache-jackrabbit-oak.csv,0,-1,7.370780591,baseline_dynamic
JabRef-jabref.csv,0,-1,56.84835779,baseline_dynamic
linkedin-gobblin.csv,0,-1,13.26237054,baseline_dynamic
sakaiproject-sakai.csv,0,-1,53.56860679,baseline_dynamic
deeplearning4j-deeplearning4j.csv,0,-1,0.380434783,baseline_dynamic
checkstyle-checkstyle.csv,0,-1,77.3121109,baseline_dynamic
jOOQ-jOOQ.csv,0,-1,43.81338742,baseline_dynamic
apache-nifi.csv,0,-1,19.74822974,baseline_dynamic
SpongePowered-SpongeForge.csv,1,-1,40.37663581,baseline_dynamic
DSpace-DSpace.csv,1,-1,61.6751269,baseline_dynamic
essentials-Essentials.csv,1,-1,-6.741573034,baseline_dynamic
xetorthio-jedis.csv,1,-1,47.73869347,baseline_dynamic
samtools-htsjdk.csv,1,-1,63.7799883,baseline_dynamic
caelum-vraptor4.csv,1,-1,43.1372549,baseline_dynamic
cloudfoundry-uaa.csv,1,-1,64.68531469,baseline_dynamic
keycloak-keycloak.csv,1,-1,48.64516129,baseline_dynamic
open-keychain-open-keychain.csv,1,-1,30.39820527,baseline_dynamic
apache-tajo.csv,1,-1,24.16472416,baseline_dynamic
Graylog2-graylog2-server.csv,1,-1,62.68230818,baseline_dynamic
typetools-checker-framework.csv,1,-1,34.92237044,baseline_dynamic
dropwizard-dropwizard.csv,1,-1,65.84158416,baseline_dynamic
ngageoint-geowave.csv,1,-1,52.04498978,baseline_dynamic
FasterXML-jackson-databind.csv,1,-1,39.53592146,baseline_dynamic
sparklemotion-nokogiri.csv,1,-1,46.37034495,baseline_dynamic
CloudSlang-cloud-slang.csv,1,-1,40.94052559,baseline_dynamic
floragunncom-search-guard.csv,1,-1,61.25410734,baseline_dynamic
apache-sling.csv,1,-1,0.468662563,baseline_dynamic
mybatis-mybatis-3.csv,1,-1,67.78242678,baseline_dynamic
apache-pdfbox.csv,1,-1,11.0035603,baseline_dynamic
structr-structr.csv,1,-1,14.25159236,baseline_dynamic
orbeon-orbeon-forms.csv,1,-1,14.01657875,baseline_dynamic
puniverse-quasar.csv,1,-1,44.83030781,baseline_dynamic
grails-grails-core.csv,1,-1,5.93220339,baseline_dynamic
SpongePowered-SpongeCommon.csv,1,-1,43.39165545,baseline_dynamic
killbill-killbill.csv,1,-1,29.41084544,baseline_dynamic
square-wire.csv,1,-1,66.04278075,baseline_dynamic
nutzam-nutz.csv,1,-1,19.7325148,baseline_dynamic
rackerlabs-blueflood.csv,1,-1,36.32246377,baseline_dynamic
yegor256-takes.csv,1,-1,39.80399548,baseline_dynamic
geotools-geotools.csv,1,-1,27.10955711,baseline_dynamic
CloudifySource-cloudify.csv,1,-1,34.82905983,baseline_dynamic
dreamhead-moco.csv,1,-1,35.44733862,baseline_dynamic
osmdroid-osmdroid.csv,1,-1,14.47368421,baseline_dynamic
naver-pinpoint.csv,1,-1,59.3837535,baseline_dynamic
SonarSource-sonar-java.csv,1,-1,46.74454701,baseline_dynamic
apache-zeppelin.csv,1,-1,13.33188814,baseline_dynamic
geoserver-geoserver.csv,1,-1,12.67920313,baseline_dynamic
apache-jackrabbit-oak.csv,1,-1,7.370780591,baseline_dynamic
JabRef-jabref.csv,1,-1,56.84835779,baseline_dynamic
linkedin-gobblin.csv,1,-1,13.26237054,baseline_dynamic
sakaiproject-sakai.csv,1,-1,53.56860679,baseline_dynamic
deeplearning4j-deeplearning4j.csv,1,-1,0.380434783,baseline_dynamic
checkstyle-checkstyle.csv,1,-1,77.3121109,baseline_dynamic
jOOQ-jOOQ.csv,1,-1,43.81338742,baseline_dynamic
apache-nifi.csv,1,-1,19.74822974,baseline_dynamic
apache-tajo.csv,0,-1,26.72882673,new_dynamic
osmdroid-osmdroid.csv,0,-1,4.135338346,new_dynamic
DSpace-DSpace.csv,0,-1,63.83248731,new_dynamic
apache-nifi.csv,0,-1,18.72541306,new_dynamic
caelum-vraptor4.csv,0,-1,44.81792717,new_dynamic
grails-grails-core.csv,0,-1,5.838041431,new_dynamic
square-wire.csv,0,-1,72.81639929,new_dynamic
puniverse-quasar.csv,0,-1,49.56590371,new_dynamic
dropwizard-dropwizard.csv,0,-1,65.64356436,new_dynamic
essentials-Essentials.csv,0,-1,-22.47191011,new_dynamic
mybatis-mybatis-3.csv,0,-1,70.24639702,new_dynamic
naver-pinpoint.csv,0,-1,58.1232493,new_dynamic
FasterXML-jackson-databind.csv,0,-1,41.32083891,new_dynamic
samtools-htsjdk.csv,0,-1,65.59391457,new_dynamic
deeplearning4j-deeplearning4j.csv,0,-1,-0.869565217,new_dynamic
open-keychain-open-keychain.csv,0,-1,31.35165451,new_dynamic
yegor256-takes.csv,0,-1,41.23633622,new_dynamic
keycloak-keycloak.csv,0,-1,50.66666667,new_dynamic
rackerlabs-blueflood.csv,0,-1,39.7192029,new_dynamic
xetorthio-jedis.csv,0,-1,50.25125628,new_dynamic
orbeon-orbeon-forms.csv,0,-1,12.84853052,new_dynamic
linkedin-gobblin.csv,0,-1,6.818181818,new_dynamic
JabRef-jabref.csv,0,-1,59.25925926,new_dynamic
jOOQ-jOOQ.csv,0,-1,44.39292959,new_dynamic
structr-structr.csv,0,-1,9.792993631,new_dynamic
floragunncom-search-guard.csv,0,-1,65.74479737,new_dynamic
SpongePowered-SpongeForge.csv,0,-1,43.98340249,new_dynamic
sakaiproject-sakai.csv,0,-1,55.30682117,new_dynamic
dreamhead-moco.csv,0,-1,36.398641,new_dynamic
nutzam-nutz.csv,0,-1,15.76408682,new_dynamic
CloudSlang-cloud-slang.csv,0,-1,42.36975565,new_dynamic
geotools-geotools.csv,0,-1,28.34498834,new_dynamic
CloudifySource-cloudify.csv,0,-1,35.8974359,new_dynamic
SpongePowered-SpongeCommon.csv,0,-1,43.28398385,new_dynamic
apache-zeppelin.csv,0,-1,4.617385649,new_dynamic
typetools-checker-framework.csv,0,-1,34.44128581,new_dynamic
geoserver-geoserver.csv,0,-1,11.89722584,new_dynamic
ngageoint-geowave.csv,0,-1,53.81731425,new_dynamic
sparklemotion-nokogiri.csv,0,-1,46.31886048,new_dynamic
Graylog2-graylog2-server.csv,0,-1,67.24793912,new_dynamic
cloudfoundry-uaa.csv,0,-1,67.48251748,new_dynamic
apache-jackrabbit-oak.csv,0,-1,3.467827004,new_dynamic
apache-pdfbox.csv,0,-1,5.818869604,new_dynamic
apache-sling.csv,0,-1,0.118914382,new_dynamic
SonarSource-sonar-java.csv,0,-1,43.67290254,new_dynamic
killbill-killbill.csv,0,-1,28.20753243,new_dynamic
checkstyle-checkstyle.csv,0,-1,77.65868686,new_dynamic
BuildCraft-BuildCraft.csv,1,-1,-0.255623722,new_dynamic
apache-tajo.csv,1,-1,23.67491166,new_dynamic
osmdroid-osmdroid.csv,1,-1,17.79744346,new_dynamic
DSpace-DSpace.csv,1,-1,59.35984481,new_dynamic
apache-nifi.csv,1,-1,19.98083373,new_dynamic
caelum-vraptor4.csv,1,-1,61.57063197,new_dynamic
grails-grails-core.csv,1,-1,13.25033348,new_dynamic
square-wire.csv,1,-1,74.67076383,new_dynamic
puniverse-quasar.csv,1,-1,36.55021834,new_dynamic
dropwizard-dropwizard.csv,1,-1,68.40277778,new_dynamic
essentials-Essentials.csv,1,-1,59.13154534,new_dynamic
mybatis-mybatis-3.csv,1,-1,72.71228359,new_dynamic
naver-pinpoint.csv,1,-1,58.1147541,new_dynamic
FasterXML-jackson-databind.csv,1,-1,37.73584906,new_dynamic
samtools-htsjdk.csv,1,-1,68.6751497,new_dynamic
deeplearning4j-deeplearning4j.csv,1,-1,-0.706582373,new_dynamic
open-keychain-open-keychain.csv,1,-1,32.7147016,new_dynamic
yegor256-takes.csv,1,-1,54.52006981,new_dynamic
keycloak-keycloak.csv,1,-1,54.64646465,new_dynamic
rackerlabs-blueflood.csv,1,-1,41.49311118,new_dynamic
xetorthio-jedis.csv,1,-1,51.74160861,new_dynamic
orbeon-orbeon-forms.csv,1,-1,19.76463488,new_dynamic
linkedin-gobblin.csv,1,-1,16.23812186,new_dynamic
JabRef-jabref.csv,1,-1,56.43700247,new_dynamic
jOOQ-jOOQ.csv,1,-1,44.6722417,new_dynamic
structr-structr.csv,1,-1,8.492063492,new_dynamic
floragunncom-search-guard.csv,1,-1,61.90353366,new_dynamic
SpongePowered-SpongeForge.csv,1,-1,40.68441065,new_dynamic
sakaiproject-sakai.csv,1,-1,59.67428294,new_dynamic
dreamhead-moco.csv,1,-1,44.48951995,new_dynamic
nutzam-nutz.csv,1,-1,23.89399912,new_dynamic
CloudSlang-cloud-slang.csv,1,-1,45.1979781,new_dynamic
geotools-geotools.csv,1,-1,30.39287013,new_dynamic
CloudifySource-cloudify.csv,1,-1,32.80254777,new_dynamic
SpongePowered-SpongeCommon.csv,1,-1,36.50512911,new_dynamic
apache-zeppelin.csv,1,-1,16.75084175,new_dynamic
typetools-checker-framework.csv,1,-1,32.44157937,new_dynamic
geoserver-geoserver.csv,1,-1,11.95423065,new_dynamic
ngageoint-geowave.csv,1,-1,42.10526316,new_dynamic
sparklemotion-nokogiri.csv,1,-1,57.72141256,new_dynamic
Graylog2-graylog2-server.csv,1,-1,64.36886556,new_dynamic
cloudfoundry-uaa.csv,1,-1,65.63415184,new_dynamic
apache-jackrabbit-oak.csv,1,-1,1.329046088,new_dynamic
apache-pdfbox.csv,1,-1,2.949824528,new_dynamic
apache-sling.csv,1,-1,0.54882538,new_dynamic
SonarSource-sonar-java.csv,1,-1,44.79540116,new_dynamic
killbill-killbill.csv,1,-1,17.2863485,new_dynamic
checkstyle-checkstyle.csv,1,-1,81.37596444,new_dynamic
apache-tajo.csv,0,2,18.57031857,baseline_static
apache-tajo.csv,0,4,22.2999223,baseline_static
apache-tajo.csv,0,8,20.82362082,baseline_static
apache-tajo.csv,0,16,18.18181818,baseline_static
osmdroid-osmdroid.csv,0,2,-10.33834586,baseline_static
osmdroid-osmdroid.csv,0,4,-18.60902256,baseline_static
osmdroid-osmdroid.csv,0,8,-24.90601504,baseline_static
osmdroid-osmdroid.csv,0,16,-29.41729323,baseline_static
DSpace-DSpace.csv,0,2,40.4822335,baseline_static
DSpace-DSpace.csv,0,4,57.10659898,baseline_static
DSpace-DSpace.csv,0,8,62.75380711,baseline_static
DSpace-DSpace.csv,0,16,63.51522843,baseline_static
apache-nifi.csv,0,2,13.13926042,baseline_static
apache-nifi.csv,0,4,13.61132966,baseline_static
apache-nifi.csv,0,8,10.07081039,baseline_static
apache-nifi.csv,0,16,6.372934697,baseline_static
caelum-vraptor4.csv,0,2,32.07282913,baseline_static
caelum-vraptor4.csv,0,4,42.08683473,baseline_static
caelum-vraptor4.csv,0,8,43.20728291,baseline_static
caelum-vraptor4.csv,0,16,41.31652661,baseline_static
grails-grails-core.csv,0,2,4.048964218,baseline_static
grails-grails-core.csv,0,4,-2.071563089,baseline_static
grails-grails-core.csv,0,8,-8.945386064,baseline_static
grails-grails-core.csv,0,16,-13.46516008,baseline_static
square-wire.csv,0,2,44.29590018,baseline_static
square-wire.csv,0,4,63.90374332,baseline_static
square-wire.csv,0,8,71.21212121,baseline_static
square-wire.csv,0,16,72.99465241,baseline_static
puniverse-quasar.csv,0,2,35.59589582,baseline_static
puniverse-quasar.csv,0,4,48.46093133,baseline_static
puniverse-quasar.csv,0,8,50.82872928,baseline_static
puniverse-quasar.csv,0,16,49.32912391,baseline_static
dropwizard-dropwizard.csv,0,2,38.41584158,baseline_static
dropwizard-dropwizard.csv,0,4,55.2970297,baseline_static
dropwizard-dropwizard.csv,0,8,61.93069307,baseline_static
dropwizard-dropwizard.csv,0,16,63.61386139,baseline_static
essentials-Essentials.csv,0,2,-22.47191011,baseline_static
essentials-Essentials.csv,0,4,-40.4494382,baseline_static
essentials-Essentials.csv,0,8,-52.80898876,baseline_static
essentials-Essentials.csv,0,16,-57.30337079,baseline_static
mybatis-mybatis-3.csv,0,2,40.30683403,baseline_static
mybatis-mybatis-3.csv,0,4,58.9958159,baseline_static
mybatis-mybatis-3.csv,0,8,66.75964668,baseline_static
mybatis-mybatis-3.csv,0,16,69.17712692,baseline_static
naver-pinpoint.csv,0,2,34.50046685,baseline_static
naver-pinpoint.csv,0,4,49.11297852,baseline_static
naver-pinpoint.csv,0,8,54.52847806,baseline_static
naver-pinpoint.csv,0,16,55.55555556,baseline_static
FasterXML-jackson-databind.csv,0,2,18.56314145,baseline_static
FasterXML-jackson-databind.csv,0,4,25.25658188,baseline_static
FasterXML-jackson-databind.csv,0,8,26.14904061,baseline_static
FasterXML-jackson-databind.csv,0,16,25.16733601,baseline_static
samtools-htsjdk.csv,0,2,37.56582797,baseline_static
samtools-htsjdk.csv,0,4,54.35927443,baseline_static
samtools-htsjdk.csv,0,8,60.56173201,baseline_static
samtools-htsjdk.csv,0,16,62.02457578,baseline_static
deeplearning4j-deeplearning4j.csv,0,2,-41.19565217,baseline_static
deeplearning4j-deeplearning4j.csv,0,4,-63.26086957,baseline_static
deeplearning4j-deeplearning4j.csv,0,8,-74.89130435,baseline_static
deeplearning4j-deeplearning4j.csv,0,16,-80.92391304,baseline_static
open-keychain-open-keychain.csv,0,2,21.03196859,baseline_static
open-keychain-open-keychain.csv,0,4,26.41615255,baseline_static
open-keychain-open-keychain.csv,0,8,25.01402131,baseline_static
open-keychain-open-keychain.csv,0,16,21.92933259,baseline_static
yegor256-takes.csv,0,2,18.46965699,baseline_static
yegor256-takes.csv,0,4,24.53825858,baseline_static
yegor256-takes.csv,0,8,24.839804,baseline_static
yegor256-takes.csv,0,16,23.40746325,baseline_static
keycloak-keycloak.csv,0,2,34.83870968,baseline_static
keycloak-keycloak.csv,0,4,46.83870968,baseline_static
keycloak-keycloak.csv,0,8,49.03225806,baseline_static
keycloak-keycloak.csv,0,16,47.87096774,baseline_static
rackerlabs-blueflood.csv,0,2,25.45289855,baseline_static
rackerlabs-blueflood.csv,0,4,33.42391304,baseline_static
rackerlabs-blueflood.csv,0,8,33.69565217,baseline_static
rackerlabs-blueflood.csv,0,16,31.88405797,baseline_static
xetorthio-jedis.csv,0,2,31.53266332,baseline_static
xetorthio-jedis.csv,0,4,44.34673367,baseline_static
xetorthio-jedis.csv,0,8,48.3040201,baseline_static
xetorthio-jedis.csv,0,16,47.86432161,baseline_static
orbeon-orbeon-forms.csv,0,2,-4.709871891,baseline_static
orbeon-orbeon-forms.csv,0,4,-11.37905049,baseline_static
orbeon-orbeon-forms.csv,0,8,-17.40768651,baseline_static
orbeon-orbeon-forms.csv,0,16,-21.70308968,baseline_static
linkedin-gobblin.csv,0,2,-5.638665132,baseline_static
linkedin-gobblin.csv,0,4,-12.97468354,baseline_static
linkedin-gobblin.csv,0,8,-19.53394707,baseline_static
linkedin-gobblin.csv,0,16,-24.16570771,baseline_static
JabRef-jabref.csv,0,2,37.42138365,baseline_static
JabRef-jabref.csv,0,4,52.69042628,baseline_static
JabRef-jabref.csv,0,8,57.44234801,baseline_static
JabRef-jabref.csv,0,16,57.96645702,baseline_static
jOOQ-jOOQ.csv,0,2,23.79020574,baseline_static
jOOQ-jOOQ.csv,0,4,33.72935381,baseline_static
jOOQ-jOOQ.csv,0,8,36.65604173,baseline_static
jOOQ-jOOQ.csv,0,16,36.07649957,baseline_static
structr-structr.csv,0,2,-1.035031847,baseline_static
structr-structr.csv,0,4,-6.289808917,baseline_static
structr-structr.csv,0,8,-12.34076433,baseline_static
structr-structr.csv,0,16,-17.23726115,baseline_static
floragunncom-search-guard.csv,0,2,40.47097481,baseline_static
floragunncom-search-guard.csv,0,4,60.70646221,baseline_static
floragunncom-search-guard.csv,0,8,68.70208105,baseline_static
floragunncom-search-guard.csv,0,16,71.00219058,baseline_static
SpongePowered-SpongeForge.csv,0,2,24.00255346,baseline_static
SpongePowered-SpongeForge.csv,0,4,32.52473667,baseline_static
SpongePowered-SpongeForge.csv,0,8,34.24832429,baseline_static
SpongePowered-SpongeForge.csv,0,16,33.0354293,baseline_static
sakaiproject-sakai.csv,0,2,36.23913616,baseline_static
sakaiproject-sakai.csv,0,4,49.74980248,baseline_static
sakaiproject-sakai.csv,0,8,53.30524098,baseline_static
sakaiproject-sakai.csv,0,16,52.96286542,baseline_static
dreamhead-moco.csv,0,2,12.75198188,baseline_static
dreamhead-moco.csv,0,4,16.37599094,baseline_static
dreamhead-moco.csv,0,8,16.10419026,baseline_static
dreamhead-moco.csv,0,16,14.65458664,baseline_static
nutzam-nutz.csv,0,2,-0.394650296,baseline_static
nutzam-nutz.csv,0,4,-3.420302565,baseline_static
nutzam-nutz.csv,0,8,-7.673755755,baseline_static
nutzam-nutz.csv,0,16,-11.42293357,baseline_static
CloudSlang-cloud-slang.csv,0,2,22.59105579,baseline_static
CloudSlang-cloud-slang.csv,0,4,30.05993545,baseline_static
CloudSlang-cloud-slang.csv,0,8,30.38266482,baseline_static
CloudSlang-cloud-slang.csv,0,16,28.44628861,baseline_static
geotools-geotools.csv,0,2,-0.116550117,baseline_static
geotools-geotools.csv,0,4,-1.841491841,baseline_static
geotools-geotools.csv,0,8,-4.312354312,baseline_static
geotools-geotools.csv,0,16,-6.596736597,baseline_static
CloudifySource-cloudify.csv,0,2,20.43512044,baseline_static
CloudifySource-cloudify.csv,0,4,25.89355089,baseline_static
CloudifySource-cloudify.csv,0,8,25.13597514,baseline_static
CloudifySource-cloudify.csv,0,16,22.45532246,baseline_static
SpongePowered-SpongeCommon.csv,0,2,27.86002692,baseline_static
SpongePowered-SpongeCommon.csv,0,4,39.62314939,baseline_static
SpongePowered-SpongeCommon.csv,0,8,42.58411844,baseline_static
SpongePowered-SpongeCommon.csv,0,16,41.83041723,baseline_static
apache-zeppelin.csv,0,2,-9.061348363,baseline_static
apache-zeppelin.csv,0,4,-16.88705831,baseline_static
apache-zeppelin.csv,0,8,-23.15196185,baseline_static
apache-zeppelin.csv,0,16,-27.61760243,baseline_static
typetools-checker-framework.csv,0,2,11.23988629,baseline_static
typetools-checker-framework.csv,0,4,13.9295867,baseline_static
typetools-checker-framework.csv,0,8,13.44850208,baseline_static
typetools-checker-framework.csv,0,16,11.69910343,baseline_static
geoserver-geoserver.csv,0,2,-6.870229008,baseline_static
geoserver-geoserver.csv,0,4,-15.30441259,baseline_static
geoserver-geoserver.csv,0,8,-21.9139825,baseline_static
geoserver-geoserver.csv,0,16,-26.45689816,baseline_static
ngageoint-geowave.csv,0,2,31.5269257,baseline_static
ngageoint-geowave.csv,0,4,43.69461486,baseline_static
ngageoint-geowave.csv,0,8,47.6141786,baseline_static
ngageoint-geowave.csv,0,16,48.19359237,baseline_static
sparklemotion-nokogiri.csv,0,2,13.16286254,baseline_static
sparklemotion-nokogiri.csv,0,4,18.74034666,baseline_static
sparklemotion-nokogiri.csv,0,8,20.73107946,baseline_static
sparklemotion-nokogiri.csv,0,16,21.28024713,baseline_static
Graylog2-graylog2-server.csv,0,2,41.94673431,baseline_static
Graylog2-graylog2-server.csv,0,4,59.89220038,baseline_static
Graylog2-graylog2-server.csv,0,8,66.36017755,baseline_static
Graylog2-graylog2-server.csv,0,16,67.53329106,baseline_static
cloudfoundry-uaa.csv,0,2,40.90909091,baseline_static
cloudfoundry-uaa.csv,0,4,58.04195804,baseline_static
cloudfoundry-uaa.csv,0,8,65.73426573,baseline_static
cloudfoundry-uaa.csv,0,16,68.53146853,baseline_static
apache-jackrabbit-oak.csv,0,2,-7.225738397,baseline_static
apache-jackrabbit-oak.csv,0,4,-16.90400844,baseline_static
apache-jackrabbit-oak.csv,0,8,-24.84177215,baseline_static
apache-jackrabbit-oak.csv,0,16,-30.14240506,baseline_static
apache-pdfbox.csv,0,2,-10.28037383,baseline_static
apache-pdfbox.csv,0,4,-20.68313307,baseline_static
apache-pdfbox.csv,0,8,-28.2376502,baseline_static
apache-pdfbox.csv,0,16,-32.86604361,baseline_static
apache-sling.csv,0,2,-48.43312815,baseline_static
apache-sling.csv,0,4,-72.81757135,baseline_static
apache-sling.csv,0,8,-85.10772244,baseline_static
apache-sling.csv,0,16,-91.28427532,baseline_static
SonarSource-sonar-java.csv,0,2,25.96193121,baseline_static
SonarSource-sonar-java.csv,0,4,36.97410342,baseline_static
SonarSource-sonar-java.csv,0,8,40.0457479,baseline_static
SonarSource-sonar-java.csv,0,16,40.31533371,baseline_static
killbill-killbill.csv,0,2,-0.421940928,baseline_static
killbill-killbill.csv,0,4,-2.140959525,baseline_static
killbill-killbill.csv,0,8,-4.016252539,baseline_static
killbill-killbill.csv,0,16,-6.141584623,baseline_static
checkstyle-checkstyle.csv,0,2,39.32781379,baseline_static
checkstyle-checkstyle.csv,0,4,58.70183771,baseline_static
checkstyle-checkstyle.csv,0,8,68.09575765,baseline_static
checkstyle-checkstyle.csv,0,16,72.48785914,baseline_static
apache-tajo.csv,1,2,17.7672956,baseline_static
apache-tajo.csv,1,4,21.69811321,baseline_static
apache-tajo.csv,1,8,19.88993711,baseline_static
apache-tajo.csv,1,16,17.7672956,baseline_static
osmdroid-osmdroid.csv,1,2,-9.949622166,baseline_static
osmdroid-osmdroid.csv,1,4,-17.50629723,baseline_static
osmdroid-osmdroid.csv,1,8,-23.92947103,baseline_static
osmdroid-osmdroid.csv,1,16,-28.71536524,baseline_static
DSpace-DSpace.csv,1,2,40.15696534,baseline_static
DSpace-DSpace.csv,1,4,56.24591236,baseline_static
DSpace-DSpace.csv,1,8,61.41268803,baseline_static
DSpace-DSpace.csv,1,16,62.45912361,baseline_static
apache-nifi.csv,1,2,12.73187184,baseline_static
apache-nifi.csv,1,4,13.40640809,baseline_static
apache-nifi.csv,1,8,10.03372681,baseline_static
apache-nifi.csv,1,16,5.986509275,baseline_static
caelum-vraptor4.csv,1,2,31.18393235,baseline_static
caelum-vraptor4.csv,1,4,41.1205074,baseline_static
caelum-vraptor4.csv,1,8,42.81183932,baseline_static
caelum-vraptor4.csv,1,16,40.80338266,baseline_static
grails-grails-core.csv,1,2,4.671968191,baseline_static
grails-grails-core.csv,1,4,-1.391650099,baseline_static
grails-grails-core.csv,1,8,-8.349900596,baseline_static
grails-grails-core.csv,1,16,-13.4194831,baseline_static
square-wire.csv,1,2,39.72093023,baseline_static
square-wire.csv,1,4,57.30232558,baseline_static
square-wire.csv,1,8,64,baseline_static
square-wire.csv,1,16,65.58139535,baseline_static
puniverse-quasar.csv,1,2,35.17241379,baseline_static
puniverse-quasar.csv,1,4,47.93103448,baseline_static
puniverse-quasar.csv,1,8,49.74137931,baseline_static
puniverse-quasar.csv,1,16,48.36206897,baseline_static
dropwizard-dropwizard.csv,1,2,38.25331971,baseline_static
dropwizard-dropwizard.csv,1,4,54.85188968,baseline_static
dropwizard-dropwizard.csv,1,8,61.13381001,baseline_static
dropwizard-dropwizard.csv,1,16,62.87027579,baseline_static
essentials-Essentials.csv,1,2,-21.91780822,baseline_static
essentials-Essentials.csv,1,4,-41.09589041,baseline_static
essentials-Essentials.csv,1,8,-53.42465753,baseline_static
essentials-Essentials.csv,1,16,-57.53424658,baseline_static
mybatis-mybatis-3.csv,1,2,41.68260038,baseline_static
mybatis-mybatis-3.csv,1,4,61.61567878,baseline_static
mybatis-mybatis-3.csv,1,8,70.07648184,baseline_static
mybatis-mybatis-3.csv,1,16,73.08795411,baseline_static
naver-pinpoint.csv,1,2,34.01955739,baseline_static
naver-pinpoint.csv,1,4,48.43026248,baseline_static
naver-pinpoint.csv,1,8,53.42254246,baseline_static
naver-pinpoint.csv,1,16,54.60627895,baseline_static
FasterXML-jackson-databind.csv,1,2,19.52117864,baseline_static
FasterXML-jackson-databind.csv,1,4,26.74953959,baseline_static
FasterXML-jackson-databind.csv,1,8,28.17679558,baseline_static
FasterXML-jackson-databind.csv,1,16,26.88766114,baseline_static
samtools-htsjdk.csv,1,2,40.08647313,baseline_static
samtools-htsjdk.csv,1,4,56.94873379,baseline_static
samtools-htsjdk.csv,1,8,63.49598518,baseline_static
samtools-htsjdk.csv,1,16,65.04014824,baseline_static
deeplearning4j-deeplearning4j.csv,1,2,-41.19565217,baseline_static
deeplearning4j-deeplearning4j.csv,1,4,-63.26086957,baseline_static
deeplearning4j-deeplearning4j.csv,1,8,-74.89130435,baseline_static
deeplearning4j-deeplearning4j.csv,1,16,-80.92391304,baseline_static
open-keychain-open-keychain.csv,1,2,20.24793388,baseline_static
open-keychain-open-keychain.csv,1,4,24.79338843,baseline_static
open-keychain-open-keychain.csv,1,8,22.7863046,baseline_static
open-keychain-open-keychain.csv,1,16,19.48051948,baseline_static
yegor256-takes.csv,1,2,19.6969697,baseline_static
yegor256-takes.csv,1,4,26.07105538,baseline_static
yegor256-takes.csv,1,8,26.54127482,baseline_static
yegor256-takes.csv,1,16,24.66039707,baseline_static
keycloak-keycloak.csv,1,2,34.81244282,baseline_static
keycloak-keycloak.csv,1,4,46.61482159,baseline_static
keycloak-keycloak.csv,1,8,48.85635865,baseline_static
keycloak-keycloak.csv,1,16,47.8042086,baseline_static
rackerlabs-blueflood.csv,1,2,25.01228501,baseline_static
rackerlabs-blueflood.csv,1,4,32.92383292,baseline_static
rackerlabs-blueflood.csv,1,8,33.51351351,baseline_static
rackerlabs-blueflood.csv,1,16,31.79361179,baseline_static
xetorthio-jedis.csv,1,2,34.02545211,baseline_static
xetorthio-jedis.csv,1,4,49.09578031,baseline_static
xetorthio-jedis.csv,1,8,53.58338915,baseline_static
xetorthio-jedis.csv,1,16,53.51640991,baseline_static
orbeon-orbeon-forms.csv,1,2,-7.655310621,baseline_static
orbeon-orbeon-forms.csv,1,4,-15.83166333,baseline_static
orbeon-orbeon-forms.csv,1,8,-22.64529058,baseline_static
orbeon-orbeon-forms.csv,1,16,-27.13426854,baseline_static
linkedin-gobblin.csv,1,2,-4.848484848,baseline_static
linkedin-gobblin.csv,1,4,-10.81818182,baseline_static
linkedin-gobblin.csv,1,8,-17,baseline_static
linkedin-gobblin.csv,1,16,-21.60606061,baseline_static
JabRef-jabref.csv,1,2,37.0327553,baseline_static
JabRef-jabref.csv,1,4,52.02312139,baseline_static
JabRef-jabref.csv,1,8,56.33911368,baseline_static
JabRef-jabref.csv,1,16,56.26204239,baseline_static
jOOQ-jOOQ.csv,1,2,23.40425532,baseline_static
jOOQ-jOOQ.csv,1,4,32.56244218,baseline_static
jOOQ-jOOQ.csv,1,8,34.75177305,baseline_static
jOOQ-jOOQ.csv,1,16,33.91921061,baseline_static
structr-structr.csv,1,2,-2.599062633,baseline_static
structr-structr.csv,1,4,-8.436301662,baseline_static
structr-structr.csv,1,8,-14.27354069,baseline_static
structr-structr.csv,1,16,-19.17341287,baseline_static
floragunncom-search-guard.csv,1,2,40.47097481,baseline_static
floragunncom-search-guard.csv,1,4,60.70646221,baseline_static
floragunncom-search-guard.csv,1,8,68.70208105,baseline_static
floragunncom-search-guard.csv,1,16,71.00219058,baseline_static
SpongePowered-SpongeForge.csv,1,2,26.91933916,baseline_static
SpongePowered-SpongeForge.csv,1,4,35.21218011,baseline_static
SpongePowered-SpongeForge.csv,1,8,36.57272433,baseline_static
SpongePowered-SpongeForge.csv,1,16,35.1797862,baseline_static
sakaiproject-sakai.csv,1,2,36.66761122,baseline_static
sakaiproject-sakai.csv,1,4,50.49589119,baseline_static
sakaiproject-sakai.csv,1,8,54.37801077,baseline_static
sakaiproject-sakai.csv,1,16,54.40634741,baseline_static
dreamhead-moco.csv,1,2,12.33445858,baseline_static
dreamhead-moco.csv,1,4,15.94391067,baseline_static
dreamhead-moco.csv,1,8,15.7621397,baseline_static
dreamhead-moco.csv,1,16,14.33393924,baseline_static
nutzam-nutz.csv,1,2,1.11542192,baseline_static
nutzam-nutz.csv,1,4,-0.218234724,baseline_static
nutzam-nutz.csv,1,8,-4.025218235,baseline_static
nutzam-nutz.csv,1,16,-8.001939864,baseline_static
CloudSlang-cloud-slang.csv,1,2,32.76553106,baseline_static
CloudSlang-cloud-slang.csv,1,4,43.33667335,baseline_static
CloudSlang-cloud-slang.csv,1,8,45.29058116,baseline_static
CloudSlang-cloud-slang.csv,1,16,43.93787575,baseline_static
geotools-geotools.csv,1,2,-0.482043866,baseline_static
geotools-geotools.csv,1,4,-3.350204869,baseline_static
geotools-geotools.csv,1,8,-6.411183418,baseline_static
geotools-geotools.csv,1,16,-9.086526874,baseline_static
CloudifySource-cloudify.csv,1,2,20.60677699,baseline_static
CloudifySource-cloudify.csv,1,4,26.14263199,baseline_static
CloudifySource-cloudify.csv,1,8,25.43341214,baseline_static
CloudifySource-cloudify.csv,1,16,22.81323877,baseline_static
SpongePowered-SpongeCommon.csv,1,2,32.62987013,baseline_static
SpongePowered-SpongeCommon.csv,1,4,46.1038961,baseline_static
SpongePowered-SpongeCommon.csv,1,8,49.67532468,baseline_static
SpongePowered-SpongeCommon.csv,1,16,49.16125541,baseline_static
apache-zeppelin.csv,1,2,-9.717543405,baseline_static
apache-zeppelin.csv,1,4,-17.67297227,baseline_static
apache-zeppelin.csv,1,8,-24.46229593,baseline_static
apache-zeppelin.csv,1,16,-29.35993781,baseline_static
typetools-checker-framework.csv,1,2,10.8201977,baseline_static
typetools-checker-framework.csv,1,4,13.54528453,baseline_static
typetools-checker-framework.csv,1,8,12.85065456,baseline_static
typetools-checker-framework.csv,1,16,10.8201977,baseline_static
geoserver-geoserver.csv,1,2,-3.475728155,baseline_static
geoserver-geoserver.csv,1,4,-10.33009709,baseline_static
geoserver-geoserver.csv,1,8,-16.85436893,baseline_static
geoserver-geoserver.csv,1,16,-21.51456311,baseline_static
ngageoint-geowave.csv,1,2,33.24154209,baseline_static
ngageoint-geowave.csv,1,4,46.97088906,baseline_static
ngageoint-geowave.csv,1,8,51.84893784,baseline_static
ngageoint-geowave.csv,1,16,53.22580645,baseline_static
sparklemotion-nokogiri.csv,1,2,12.86378088,baseline_static
sparklemotion-nokogiri.csv,1,4,18.3908046,baseline_static
sparklemotion-nokogiri.csv,1,8,20.22499389,baseline_static
sparklemotion-nokogiri.csv,1,16,20.56737589,baseline_static
Graylog2-graylog2-server.csv,1,2,41.32124352,baseline_static
Graylog2-graylog2-server.csv,1,4,58.80829016,baseline_static
Graylog2-graylog2-server.csv,1,8,65.41450777,baseline_static
Graylog2-graylog2-server.csv,1,16,66.48316062,baseline_static
cloudfoundry-uaa.csv,1,2,41.80327869,baseline_static
cloudfoundry-uaa.csv,1,4,62.70491803,baseline_static
cloudfoundry-uaa.csv,1,8,70.90163934,baseline_static
cloudfoundry-uaa.csv,1,16,73.7704918,baseline_static
apache-jackrabbit-oak.csv,1,2,-7.225738397,baseline_static
apache-jackrabbit-oak.csv,1,4,-16.90400844,baseline_static
apache-jackrabbit-oak.csv,1,8,-24.84177215,baseline_static
apache-jackrabbit-oak.csv,1,16,-30.14240506,baseline_static
apache-pdfbox.csv,1,2,-10.28037383,baseline_static
apache-pdfbox.csv,1,4,-20.68313307,baseline_static
apache-pdfbox.csv,1,8,-28.2376502,baseline_static
apache-pdfbox.csv,1,16,-32.86604361,baseline_static
apache-sling.csv,1,2,-48.42873176,baseline_static
apache-sling.csv,1,4,-72.81144781,baseline_static
apache-sling.csv,1,8,-85.1010101,baseline_static
apache-sling.csv,1,16,-91.29489338,baseline_static
SonarSource-sonar-java.csv,1,2,26.36868769,baseline_static
SonarSource-sonar-java.csv,1,4,36.60728877,baseline_static
SonarSource-sonar-java.csv,1,8,39.74505638,baseline_static
SonarSource-sonar-java.csv,1,16,39.75322765,baseline_static
killbill-killbill.csv,1,2,0.063481987,baseline_static
killbill-killbill.csv,1,4,-1.41247421,baseline_static
killbill-killbill.csv,1,8,-3.380415807,baseline_static
killbill-killbill.csv,1,16,-5.507062371,baseline_static
checkstyle-checkstyle.csv,1,2,40.69899872,baseline_static
checkstyle-checkstyle.csv,1,4,60.81004129,baseline_static
checkstyle-checkstyle.csv,1,8,70.53338395,baseline_static
checkstyle-checkstyle.csv,1,16,75.15066673,baseline_static
BuildCraft-BuildCraft/BuildCraft-BuildCraft.csv,0,2,9.076171875,timeout_rule
apache-tajo/apache-tajo.csv,0,2,80.200634,timeout_rule
osmdroid-osmdroid/osmdroid-osmdroid.csv,0,2,-15.69026947,timeout_rule
DSpace-DSpace/DSpace-DSpace.csv,0,2,87.35868454,timeout_rule
apache-nifi/apache-nifi.csv,0,2,66.34664154,timeout_rule
caelum-vraptor4/caelum-vraptor4.csv,0,2,88.30784416,timeout_rule
grails-grails-core/grails-grails-core.csv,0,2,71.77305031,timeout_rule
square-wire/square-wire.csv,0,2,93.48534203,timeout_rule
puniverse-quasar/puniverse-quasar.csv,0,2,82.49189377,timeout_rule
dropwizard-dropwizard/dropwizard-dropwizard.csv,0,2,90.03690052,timeout_rule
essentials-Essentials/essentials-Essentials.csv,0,2,87.17948723,timeout_rule
mybatis-mybatis-3/mybatis-mybatis-3.csv,0,2,91.93058586,timeout_rule
naver-pinpoint/naver-pinpoint.csv,0,2,85.21434784,timeout_rule
FasterXML-jackson-databind/FasterXML-jackson-databind.csv,0,2,65.65440369,timeout_rule
samtools-htsjdk/samtools-htsjdk.csv,0,2,92.0937624,timeout_rule
deeplearning4j-deeplearning4j/deeplearning4j-deeplearning4j.csv,0,2,-42.45320129,timeout_rule
open-keychain-open-keychain/open-keychain-open-keychain.csv,0,2,74.68798828,timeout_rule
yegor256-takes/yegor256-takes.csv,0,2,65.26119232,timeout_rule
keycloak-keycloak/keycloak-keycloak.csv,0,2,91.74810028,timeout_rule
rackerlabs-blueflood/rackerlabs-blueflood.csv,0,2,88.02333546,timeout_rule
xetorthio-jedis/xetorthio-jedis.csv,0,2,89.32926846,timeout_rule
orbeon-orbeon-forms/orbeon-orbeon-forms.csv,0,2,4.555809021,timeout_rule
linkedin-gobblin/linkedin-gobblin.csv,0,2,38.53073502,timeout_rule
JabRef-jabref/JabRef-jabref.csv,0,2,88.91516399,timeout_rule
jOOQ-jOOQ/jOOQ-jOOQ.csv,0,2,67.24738693,timeout_rule
structr-structr/structr-structr.csv,0,2,22.11785126,timeout_rule
floragunncom-search-guard/floragunncom-search-guard.csv,0,2,91.9578476,timeout_rule
SpongePowered-SpongeForge/SpongePowered-SpongeForge.csv,0,2,84.46628475,timeout_rule
sakaiproject-sakai/sakaiproject-sakai.csv,0,2,90.85156822,timeout_rule
dreamhead-moco/dreamhead-moco.csv,0,2,56.78256607,timeout_rule
nutzam-nutz/nutzam-nutz.csv,0,2,46.48956299,timeout_rule
CloudSlang-cloud-slang/CloudSlang-cloud-slang.csv,0,2,87.46562767,timeout_rule
geotools-geotools/geotools-geotools.csv,0,2,21.02351379,timeout_rule
CloudifySource-cloudify/CloudifySource-cloudify.csv,0,2,72.97662735,timeout_rule
SpongePowered-SpongeCommon/SpongePowered-SpongeCommon.csv,0,2,79.81139374,timeout_rule
apache-zeppelin/apache-zeppelin.csv,0,2,-10.46596527,timeout_rule
typetools-checker-framework/typetools-checker-framework.csv,0,2,26.57072449,timeout_rule
geoserver-geoserver/geoserver-geoserver.csv,0,2,1.677078247,timeout_rule
ngageoint-geowave/ngageoint-geowave.csv,0,2,77.13327026,timeout_rule