factor,update_method,algorithm,builds_saved
2,linear,BATCHBISECT,66.62735849
3,linear,BATCHBISECT,66.68632075
4,linear,BATCHBISECT,65.97877358
2,linear,BATCHSTOP4,71.75707547
3,linear,BATCHSTOP4,71.63915094
4,linear,BATCHSTOP4,70.87264151
2,linear,BATCHDIVIDE4,60.31839623
3,linear,BATCHDIVIDE4,60.31839623
4,linear,BATCHDIVIDE4,59.375
2,exponential,BATCHBISECT,66.21462264
3,exponential,BATCHBISECT,65.15330189
2,exponential,BATCHSTOP4,69.98820755
3,exponential,BATCHSTOP4,71.28537736
2,exponential,BATCHDIVIDE4,66.56839623
3,exponential,BATCHDIVIDE4,68.57311321
2,stagger,BATCHBISECT,66.27358491
3,stagger,BATCHBISECT,66.15566038
2,stagger,BATCHSTOP4,70.45990566
3,stagger,BATCHSTOP4,71.34433962
2,stagger,BATCHDIVIDE4,57.7240566
3,stagger,BATCHDIVIDE4,59.25707547
-1,random_linear,BATCHBISECT,66.15566038
-1,random_linear,BATCHSTOP4,70.63679245
-1,random_linear,BATCHDIVIDE4,58.96226415
-1,random_exponential,BATCHBISECT,65.68396226
-1,random_exponential,BATCHSTOP4,70.28301887
-1,random_exponential,BATCHDIVIDE4,66.50943396
2,linear,BATCHBISECT,0.852878465
3,linear,BATCHBISECT,1.172707889
4,linear,BATCHBISECT,-1.599147122
2,linear,BATCHSTOP4,20.04264392
3,linear,BATCHSTOP4,20.30916844
4,linear,BATCHSTOP4,16.52452026
2,linear,BATCHDIVIDE4,5.383795309
3,linear,BATCHDIVIDE4,8.848614072
4,linear,BATCHDIVIDE4,6.396588486
2,exponential,BATCHBISECT,0.746268657
3,exponential,BATCHBISECT,-4.371002132
2,exponential,BATCHSTOP4,20.14925373
3,exponential,BATCHSTOP4,15.8315565
2,exponential,BATCHDIVIDE4,8.102345416
3,exponential,BATCHDIVIDE4,7.356076759
2,stagger,BATCHBISECT,4.797441365
3,stagger,BATCHBISECT,-0.26652452
2,stagger,BATCHSTOP4,20.30916844
3,stagger,BATCHSTOP4,17.91044776
2,stagger,BATCHDIVIDE4,6.876332623
3,stagger,BATCHDIVIDE4,8.795309168
-1,random_linear,BATCHBISECT,1.172707889
-1,random_linear,BATCHSTOP4,19.45628998
-1,random_linear,BATCHDIVIDE4,7.8891258
-1,random_exponential,BATCHBISECT,-1.759061834
-1,random_exponential,BATCHSTOP4,17.00426439
-1,random_exponential,BATCHDIVIDE4,8.795309168
2,linear,BATCHBISECT,16.14906832
3,linear,BATCHBISECT,13.74223602
4,linear,BATCHBISECT,13.19875776
2,linear,BATCHSTOP4,33.22981366
3,linear,BATCHSTOP4,33.22981366
4,linear,BATCHSTOP4,31.28881988
2,linear,BATCHDIVIDE4,19.8757764
3,linear,BATCHDIVIDE4,19.95341615
4,linear,BATCHDIVIDE4,18.40062112
2,exponential,BATCHBISECT,15.91614907
3,exponential,BATCHBISECT,13.66459627
2,exponential,BATCHSTOP4,33.15217391
3,exponential,BATCHSTOP4,31.75465839
2,exponential,BATCHDIVIDE4,21.89440994
3,exponential,BATCHDIVIDE4,22.20496894
2,stagger,BATCHBISECT,18.71118012
3,stagger,BATCHBISECT,14.9068323
2,stagger,BATCHSTOP4,33.38509317
3,stagger,BATCHSTOP4,31.75465839
2,stagger,BATCHDIVIDE4,20.0310559
3,stagger,BATCHDIVIDE4,19.95341615
-1,random_linear,BATCHBISECT,13.81987578
-1,random_linear,BATCHSTOP4,33.54037267
-1,random_linear,BATCHDIVIDE4,19.8757764
-1,random_exponential,BATCHBISECT,7.763975155
-1,random_exponential,BATCHSTOP4,30.74534161
-1,random_exponential,BATCHDIVIDE4,24.53416149
2,linear,BATCHBISECT,24.00932401
3,linear,BATCHBISECT,22.84382284
4,linear,BATCHBISECT,20.82362082
2,linear,BATCHSTOP4,42.89044289
3,linear,BATCHSTOP4,41.72494172
4,linear,BATCHSTOP4,39.78243978
2,linear,BATCHDIVIDE4,30.22533023
3,linear,BATCHDIVIDE4,28.36052836
4,linear,BATCHDIVIDE4,29.37062937
2,exponential,BATCHBISECT,26.4957265
3,exponential,BATCHBISECT,20.9013209
2,exponential,BATCHSTOP4,42.96814297
3,exponential,BATCHSTOP4,39.93783994
2,exponential,BATCHDIVIDE4,29.37062937
3,exponential,BATCHDIVIDE4,32.47863248
2,stagger,BATCHBISECT,29.91452991
3,stagger,BATCHBISECT,27.66122766
2,stagger,BATCHSTOP4,42.96814297
3,stagger,BATCHSTOP4,42.89044289
2,stagger,BATCHDIVIDE4,28.43822844
3,stagger,BATCHDIVIDE4,30.61383061
-1,random_linear,BATCHBISECT,25.01942502
-1,random_linear,BATCHSTOP4,41.02564103
-1,random_linear,BATCHDIVIDE4,29.6037296
-1,random_exponential,BATCHBISECT,24.94172494
-1,random_exponential,BATCHSTOP4,41.56954157
-1,random_exponential,BATCHDIVIDE4,32.32323232
2,linear,BATCHBISECT,5.733082707
3,linear,BATCHBISECT,5.263157895
4,linear,BATCHBISECT,7.894736842
2,linear,BATCHSTOP4,24.06015038
3,linear,BATCHSTOP4,23.59022556
4,linear,BATCHSTOP4,23.21428571
2,linear,BATCHDIVIDE4,14.09774436
3,linear,BATCHDIVIDE4,14.28571429
4,linear,BATCHDIVIDE4,14.0037594
2,exponential,BATCHBISECT,6.203007519
3,exponential,BATCHBISECT,5.357142857
2,exponential,BATCHSTOP4,24.62406015
3,exponential,BATCHSTOP4,22.83834586
2,exponential,BATCHDIVIDE4,13.72180451
3,exponential,BATCHDIVIDE4,17.19924812
2,stagger,BATCHBISECT,14.09774436
3,stagger,BATCHBISECT,14.19172932
2,stagger,BATCHSTOP4,25.09398496
3,stagger,BATCHSTOP4,23.77819549
2,stagger,BATCHDIVIDE4,14.28571429
3,stagger,BATCHDIVIDE4,14.94360902
-1,random_linear,BATCHBISECT,9.680451128
-1,random_linear,BATCHSTOP4,23.96616541
-1,random_linear,BATCHDIVIDE4,14.09774436
-1,random_exponential,BATCHBISECT,7.518796992
-1,random_exponential,BATCHSTOP4,21.9924812
-1,random_exponential,BATCHDIVIDE4,14.28571429
2,linear,BATCHBISECT,64.27664975
3,linear,BATCHBISECT,62.94416244
4,linear,BATCHBISECT,63.07106599
2,linear,BATCHSTOP4,69.03553299
3,linear,BATCHSTOP4,68.71827411
4,linear,BATCHSTOP4,68.59137056
2,linear,BATCHDIVIDE4,58.75634518
3,linear,BATCHDIVIDE4,57.8680203
4,linear,BATCHDIVIDE4,60.21573604
2,exponential,BATCHBISECT,63.07106599
3,exponential,BATCHBISECT,63.26142132
2,exponential,BATCHSTOP4,68.59137056
3,exponential,BATCHSTOP4,68.84517766
2,exponential,BATCHDIVIDE4,58.05837563
3,exponential,BATCHDIVIDE4,65.29187817
2,stagger,BATCHBISECT,62.56345178
3,stagger,BATCHBISECT,63.5786802
2,stagger,BATCHSTOP4,67.82994924
3,stagger,BATCHSTOP4,68.46446701
2,stagger,BATCHDIVIDE4,56.97969543
3,stagger,BATCHDIVIDE4,57.36040609
-1,random_linear,BATCHBISECT,63.38832487
-1,random_linear,BATCHSTOP4,68.78172589
-1,random_linear,BATCHDIVIDE4,57.74111675
-1,random_exponential,BATCHBISECT,62.94416244
-1,random_exponential,BATCHSTOP4,68.08375635
-1,random_exponential,BATCHDIVIDE4,62.88071066
2,linear,BATCHBISECT,11.40833989
3,linear,BATCHBISECT,18.48937844
4,linear,BATCHBISECT,16.83713611
2,linear,BATCHSTOP4,36.03461841
3,linear,BATCHSTOP4,37.1361133
4,linear,BATCHSTOP4,34.30369788
2,linear,BATCHDIVIDE4,24.46892211
3,linear,BATCHDIVIDE4,27.06530291
4,linear,BATCHDIVIDE4,22.89535799
2,exponential,BATCHBISECT,20.29897718
3,exponential,BATCHBISECT,15.57828482
2,exponential,BATCHSTOP4,37.45082612
3,exponential,BATCHSTOP4,34.06766326
2,exponential,BATCHDIVIDE4,25.96380803
3,exponential,BATCHDIVIDE4,27.45869394
2,stagger,BATCHBISECT,23.91817467
3,stagger,BATCHBISECT,21.55782848
2,stagger,BATCHSTOP4,37.52950433
3,stagger,BATCHSTOP4,35.40519276
2,stagger,BATCHDIVIDE4,24.94099135
3,stagger,BATCHDIVIDE4,25.41306058
-1,random_linear,BATCHBISECT,18.56805665
-1,random_linear,BATCHSTOP4,35.16915814
-1,random_linear,BATCHDIVIDE4,25.09834776
-1,random_exponential,BATCHBISECT,17.54523997
-1,random_exponential,BATCHSTOP4,35.9559402
-1,random_exponential,BATCHDIVIDE4,23.91817467
2,linear,BATCHBISECT,43.1372549
3,linear,BATCHBISECT,43.27731092
4,linear,BATCHBISECT,41.45658263
2,linear,BATCHSTOP4,53.1512605
3,linear,BATCHSTOP4,52.80112045
4,linear,BATCHSTOP4,51.82072829
2,linear,BATCHDIVIDE4,45.72829132
3,linear,BATCHDIVIDE4,45.44817927
4,linear,BATCHDIVIDE4,46.28851541
2,exponential,BATCHBISECT,44.53781513
3,exponential,BATCHBISECT,39.77591036
2,exponential,BATCHSTOP4,52.38095238
3,exponential,BATCHSTOP4,50.98039216
2,exponential,BATCHDIVIDE4,46.63865546
3,exponential,BATCHDIVIDE4,48.03921569
2,stagger,BATCHBISECT,43.62745098
3,stagger,BATCHBISECT,43.62745098
2,stagger,BATCHSTOP4,51.75070028
3,stagger,BATCHSTOP4,52.80112045
2,stagger,BATCHDIVIDE4,42.78711485
3,stagger,BATCHDIVIDE4,43.34733894
-1,random_linear,BATCHBISECT,43.20728291
-1,random_linear,BATCHSTOP4,53.08123249
-1,random_linear,BATCHDIVIDE4,44.18767507
-1,random_exponential,BATCHBISECT,41.94677871
-1,random_exponential,BATCHSTOP4,52.38095238
-1,random_exponential,BATCHDIVIDE4,48.38935574
2,linear,BATCHBISECT,0
3,linear,BATCHBISECT,1.506591337
4,linear,BATCHBISECT,-1.035781544
2,linear,BATCHSTOP4,23.6346516
3,linear,BATCHSTOP4,24.67043315
4,linear,BATCHSTOP4,21.56308851
2,linear,BATCHDIVIDE4,11.86440678
3,linear,BATCHDIVIDE4,15.72504708
4,linear,BATCHDIVIDE4,11.77024482
2,exponential,BATCHBISECT,3.013182674
3,exponential,BATCHBISECT,-2.63653484
2,exponential,BATCHSTOP4,24.29378531
3,exponential,BATCHSTOP4,21.75141243
2,exponential,BATCHDIVIDE4,13.27683616
3,exponential,BATCHDIVIDE4,14.12429379
2,stagger,BATCHBISECT,8.380414313
3,stagger,BATCHBISECT,3.860640301
2,stagger,BATCHSTOP4,25.14124294
3,stagger,BATCHSTOP4,24.01129944
2,stagger,BATCHDIVIDE4,13.37099812
3,stagger,BATCHDIVIDE4,14.97175141
-1,random_linear,BATCHBISECT,0.847457627
-1,random_linear,BATCHSTOP4,23.54048964
-1,random_linear,BATCHDIVIDE4,13.46516008
-1,random_exponential,BATCHBISECT,-2.919020716
-1,random_exponential,BATCHSTOP4,22.88135593
-1,random_exponential,BATCHDIVIDE4,12.99435028
2,linear,BATCHBISECT,72.37076649
3,linear,BATCHBISECT,71.83600713
4,linear,BATCHBISECT,72.99465241
2,linear,BATCHSTOP4,75.6684492
3,linear,BATCHSTOP4,75.93582888
4,linear,BATCHSTOP4,76.29233512
2,linear,BATCHDIVIDE4,63.36898396
3,linear,BATCHDIVIDE4,63.7254902
4,linear,BATCHDIVIDE4,63.36898396
2,exponential,BATCHBISECT,72.81639929
3,exponential,BATCHBISECT,67.9144385
2,exponential,BATCHSTOP4,74.7771836
3,exponential,BATCHSTOP4,74.06417112
2,exponential,BATCHDIVIDE4,69.2513369
3,exponential,BATCHDIVIDE4,66.13190731
2,stagger,BATCHBISECT,68.8057041
3,stagger,BATCHBISECT,69.96434938
2,stagger,BATCHSTOP4,72.99465241
3,stagger,BATCHSTOP4,74.24242424
2,stagger,BATCHDIVIDE4,59.53654189
3,stagger,BATCHDIVIDE4,60.24955437
-1,random_linear,BATCHBISECT,70.1426025
-1,random_linear,BATCHSTOP4,73.08377897
-1,random_linear,BATCHDIVIDE4,60.24955437
-1,random_exponential,BATCHBISECT,67.64705882
-1,random_exponential,BATCHSTOP4,72.28163993
-1,random_exponential,BATCHDIVIDE4,70.40998217
2,linear,BATCHBISECT,47.04025257
3,linear,BATCHBISECT,46.40883978
4,linear,BATCHBISECT,45.382794
2,linear,BATCHSTOP4,54.85398579
3,linear,BATCHSTOP4,55.24861878
4,linear,BATCHSTOP4,55.24861878
2,linear,BATCHDIVIDE4,47.51381215
3,linear,BATCHDIVIDE4,46.72454617
4,linear,BATCHDIVIDE4,46.64561957
2,exponential,BATCHBISECT,44.11996843
3,exponential,BATCHBISECT,45.382794
2,exponential,BATCHSTOP4,56.74822415
3,exponential,BATCHSTOP4,55.09076559
2,exponential,BATCHDIVIDE4,50.82872928
3,exponential,BATCHDIVIDE4,51.77584846
2,stagger,BATCHBISECT,44.19889503
3,stagger,BATCHBISECT,47.98737174
2,stagger,BATCHSTOP4,55.01183899
3,stagger,BATCHSTOP4,56.74822415
2,stagger,BATCHDIVIDE4,43.88318863
3,stagger,BATCHDIVIDE4,44.98816101
-1,random_linear,BATCHBISECT,44.11996843
-1,random_linear,BATCHSTOP4,55.95895817
-1,random_linear,BATCHDIVIDE4,45.22494081
-1,random_exponential,BATCHBISECT,43.01499605
-1,random_exponential,BATCHSTOP4,53.27545383
-1,random_exponential,BATCHDIVIDE4,47.04025257
2,linear,BATCHBISECT,65.54455446
3,linear,BATCHBISECT,66.73267327
4,linear,BATCHBISECT,65.14851485
2,linear,BATCHSTOP4,72.02970297
3,linear,BATCHSTOP4,72.62376238
4,linear,BATCHSTOP4,71.43564356
2,linear,BATCHDIVIDE4,60.0990099
3,linear,BATCHDIVIDE4,60.69306931
4,linear,BATCHDIVIDE4,58.86138614
2,exponential,BATCHBISECT,65.54455446
3,exponential,BATCHBISECT,67.32673267
2,exponential,BATCHSTOP4,72.47524752
3,exponential,BATCHSTOP4,73.06930693
2,exponential,BATCHDIVIDE4,67.77227723
3,exponential,BATCHDIVIDE4,68.91089109
2,stagger,BATCHBISECT,67.77227723
3,stagger,BATCHBISECT,66.73267327
2,stagger,BATCHSTOP4,72.72277228
3,stagger,BATCHSTOP4,71.98019802
2,stagger,BATCHDIVIDE4,58.86138614
3,stagger,BATCHDIVIDE4,58.26732673
-1,random_linear,BATCHBISECT,66.38613861
-1,random_linear,BATCHSTOP4,72.12871287
-1,random_linear,BATCHDIVIDE4,58.96039604
-1,random_exponential,BATCHBISECT,68.51485149
-1,random_exponential,BATCHSTOP4,71.78217822
-1,random_exponential,BATCHDIVIDE4,69.30693069
2,linear,BATCHBISECT,-50.56179775
3,linear,BATCHBISECT,-20.2247191
4,linear,BATCHBISECT,-26.96629213
2,linear,BATCHSTOP4,7.865168539
3,linear,BATCHSTOP4,6.741573034
4,linear,BATCHSTOP4,2.247191011
2,linear,BATCHDIVIDE4,-2.247191011
3,linear,BATCHDIVIDE4,-1.123595506
4,linear,BATCHDIVIDE4,-8.988764045
2,exponential,BATCHBISECT,-17.97752809
3,exponential,BATCHBISECT,-20.2247191
2,exponential,BATCHSTOP4,6.741573034
3,exponential,BATCHSTOP4,4.494382022
2,exponential,BATCHDIVIDE4,-5.617977528
3,exponential,BATCHDIVIDE4,-2.247191011
2,stagger,BATCHBISECT,-17.97752809
3,stagger,BATCHBISECT,-15.73033708
2,stagger,BATCHSTOP4,7.865168539
3,stagger,BATCHSTOP4,4.494382022
2,stagger,BATCHDIVIDE4,-5.617977528
3,stagger,BATCHDIVIDE4,-2.247191011
-1,random_linear,BATCHBISECT,-23.59550562
-1,random_linear,BATCHSTOP4,2.247191011
-1,random_linear,BATCHDIVIDE4,-4.494382022
-1,random_exponential,BATCHBISECT,-31.46067416
-1,random_exponential,BATCHSTOP4,3.370786517
-1,random_exponential,BATCHDIVIDE4,-1.123595506
2,linear,BATCHBISECT,69.59553696
3,linear,BATCHBISECT,72.10599721
4,linear,BATCHBISECT,71.31566713
2,linear,BATCHSTOP4,75.91817759
3,linear,BATCHSTOP4,76.84797768
4,linear,BATCHSTOP4,76.56903766
2,linear,BATCHDIVIDE4,62.66852627
3,linear,BATCHDIVIDE4,63.55183636
4,linear,BATCHDIVIDE4,62.57554626
2,exponential,BATCHBISECT,70.33937703
3,exponential,BATCHBISECT,70.9902371
2,exponential,BATCHSTOP4,75.82519758
3,exponential,BATCHSTOP4,77.08042771
2,exponential,BATCHDIVIDE4,61.92468619
3,exponential,BATCHDIVIDE4,73.17526732
2,stagger,BATCHBISECT,70.80427708
3,stagger,BATCHBISECT,71.59460716
2,stagger,BATCHSTOP4,75.9646676
3,stagger,BATCHSTOP4,76.56903766
2,stagger,BATCHDIVIDE4,60.29753603
3,stagger,BATCHDIVIDE4,59.32124593
-1,random_linear,BATCHBISECT,71.31566713
-1,random_linear,BATCHSTOP4,75.54625755
-1,random_linear,BATCHDIVIDE4,60.018596
-1,random_exponential,BATCHBISECT,71.12970711
-1,random_exponential,BATCHSTOP4,76.0111576
-1,random_exponential,BATCHDIVIDE4,72.80334728
2,linear,BATCHBISECT,57.56302521
3,linear,BATCHBISECT,57.42296919
4,linear,BATCHBISECT,59.3837535
2,linear,BATCHSTOP4,65.2194211
3,linear,BATCHSTOP4,66.15312792
4,linear,BATCHSTOP4,66.52661064
2,linear,BATCHDIVIDE4,52.14752568
3,linear,BATCHDIVIDE4,52.054155
4,linear,BATCHDIVIDE4,53.82819795
2,exponential,BATCHBISECT,58.63678805
3,exponential,BATCHBISECT,58.82352941
2,exponential,BATCHSTOP4,64.61251167
3,exponential,BATCHSTOP4,66.33986928
2,exponential,BATCHDIVIDE4,51.07376284
3,exponential,BATCHDIVIDE4,62.32492997
2,stagger,BATCHBISECT,59.85060691
3,stagger,BATCHBISECT,61.15779645
2,stagger,BATCHSTOP4,66.29318394
3,stagger,BATCHSTOP4,66.52661064
2,stagger,BATCHDIVIDE4,52.10084034
3,stagger,BATCHDIVIDE4,52.19421102
-1,random_linear,BATCHBISECT,60.22408964
-1,random_linear,BATCHSTOP4,66.66666667
-1,random_linear,BATCHDIVIDE4,51.07376284
-1,random_exponential,BATCHBISECT,58.68347339
-1,random_exponential,BATCHSTOP4,64.84593838
-1,random_exponential,BATCHDIVIDE4,62.65172736
2,linear,BATCHBISECT,39.71441321
3,linear,BATCHBISECT,40.47300312
4,linear,BATCHBISECT,39.75903614
2,linear,BATCHSTOP4,51.36099955
3,linear,BATCHSTOP4,50.42391789
4,linear,BATCHSTOP4,50.11155734
2,linear,BATCHDIVIDE4,40.51762606
3,linear,BATCHDIVIDE4,40.74074074
4,linear,BATCHDIVIDE4,40.02677376
2,exponential,BATCHBISECT,40.20526551
3,exponential,BATCHBISECT,39.84828202
2,exponential,BATCHSTOP4,51.13788487
3,exponential,BATCHSTOP4,49.84381972
2,exponential,BATCHDIVIDE4,40.78536368
3,exponential,BATCHDIVIDE4,46.40785364
2,stagger,BATCHBISECT,43.32887104
3,stagger,BATCHBISECT,44.53369032
2,stagger,BATCHSTOP4,50.51316377
3,stagger,BATCHSTOP4,50.82552432
2,stagger,BATCHDIVIDE4,39.44667559
3,stagger,BATCHDIVIDE4,39.89290495
-1,random_linear,BATCHBISECT,42.34716644
-1,random_linear,BATCHSTOP4,51.45024543
-1,random_linear,BATCHDIVIDE4,38.95582329
-1,random_exponential,BATCHBISECT,42.39178938
-1,random_exponential,BATCHSTOP4,49.62070504
-1,random_exponential,BATCHDIVIDE4,43.55198572
2,linear,BATCHBISECT,64.65769456
3,linear,BATCHBISECT,65.94499707
4,linear,BATCHBISECT,66.23756583
2,linear,BATCHSTOP4,71.8548859
3,linear,BATCHSTOP4,73.14218841
4,linear,BATCHSTOP4,72.67407841
2,linear,BATCHDIVIDE4,59.04037449
3,linear,BATCHDIVIDE4,58.98186074
4,linear,BATCHDIVIDE4,59.80105325
2,exponential,BATCHBISECT,63.60444705
3,exponential,BATCHBISECT,64.89174956
2,exponential,BATCHSTOP4,71.32826214
3,exponential,BATCHSTOP4,72.38150965
2,exponential,BATCHDIVIDE4,60.2106495
3,exponential,BATCHDIVIDE4,68.92919836
2,stagger,BATCHBISECT,65.94499707
3,stagger,BATCHBISECT,66.35459333
2,stagger,BATCHSTOP4,72.38150965
3,stagger,BATCHSTOP4,72.3229959
2,stagger,BATCHDIVIDE4,55.99765945
3,stagger,BATCHDIVIDE4,56.1732007
-1,random_linear,BATCHBISECT,66.53013458
-1,random_linear,BATCHSTOP4,71.8548859
-1,random_linear,BATCHDIVIDE4,57.92861322
-1,random_exponential,BATCHBISECT,67.05675834
-1,random_exponential,BATCHSTOP4,72.90813341
-1,random_exponential,BATCHDIVIDE4,66.17905208
2,linear,BATCHBISECT,-4.347826087
3,linear,BATCHBISECT,-1.413043478
4,linear,BATCHBISECT,-1.630434783
2,linear,BATCHSTOP4,3.913043478
3,linear,BATCHSTOP4,3.47826087
4,linear,BATCHSTOP4,3.043478261
2,linear,BATCHDIVIDE4,1.956521739
3,linear,BATCHDIVIDE4,2.010869565
4,linear,BATCHDIVIDE4,1.902173913
2,exponential,BATCHBISECT,0.108695652
3,exponential,BATCHBISECT,-2.608695652
2,exponential,BATCHSTOP4,4.402173913
3,exponential,BATCHSTOP4,2.934782609
2,exponential,BATCHDIVIDE4,2.391304348
3,exponential,BATCHDIVIDE4,1.467391304
2,stagger,BATCHBISECT,0.326086957
3,stagger,BATCHBISECT,0.054347826
2,stagger,BATCHSTOP4,4.293478261
3,stagger,BATCHSTOP4,3.695652174
2,stagger,BATCHDIVIDE4,2.173913043
3,stagger,BATCHDIVIDE4,2.119565217
-1,random_linear,BATCHBISECT,-1.086956522
-1,random_linear,BATCHSTOP4,3.913043478
-1,random_linear,BATCHDIVIDE4,1.847826087
-1,random_exponential,BATCHBISECT,-0.869565217
-1,random_exponential,BATCHSTOP4,3.695652174
-1,random_exponential,BATCHDIVIDE4,1.358695652
2,linear,BATCHBISECT,28.15479529
3,linear,BATCHBISECT,28.21088054
4,linear,BATCHBISECT,28.26696579
2,linear,BATCHSTOP4,43.46606842
3,linear,BATCHSTOP4,42.51261918
4,linear,BATCHSTOP4,41.83959619
2,linear,BATCHDIVIDE4,33.707235
3,linear,BATCHDIVIDE4,35.05328099
4,linear,BATCHDIVIDE4,34.26808749
2,exponential,BATCHBISECT,30.90297252
3,exponential,BATCHBISECT,27.08917555
2,exponential,BATCHSTOP4,44.47560292
3,exponential,BATCHSTOP4,42.12002243
2,exponential,BATCHDIVIDE4,34.99719574
3,exponential,BATCHDIVIDE4,35.55804823
2,stagger,BATCHBISECT,31.35165451
3,stagger,BATCHBISECT,30.79080202
2,stagger,BATCHSTOP4,43.52215367
3,stagger,BATCHSTOP4,43.85866517
2,stagger,BATCHDIVIDE4,31.74425126
3,stagger,BATCHDIVIDE4,34.09983174
-1,random_linear,BATCHBISECT,29.72518228
-1,random_linear,BATCHSTOP4,43.57823892
-1,random_linear,BATCHDIVIDE4,34.49242849
-1,random_exponential,BATCHBISECT,26.3600673
-1,random_exponential,BATCHSTOP4,42.40044868
-1,random_exponential,BATCHDIVIDE4,33.931576
2,linear,BATCHBISECT,39.54014323
3,linear,BATCHBISECT,40.82171127
4,linear,BATCHBISECT,41.23633622
2,linear,BATCHSTOP4,49.30267622
3,linear,BATCHSTOP4,49.98115341
4,linear,BATCHSTOP4,49.71730117
2,linear,BATCHDIVIDE4,40.18092725
3,linear,BATCHDIVIDE4,41.50018847
4,linear,BATCHDIVIDE4,41.31172258
2,exponential,BATCHBISECT,38.29626838
3,exponential,BATCHBISECT,41.12325669
2,exponential,BATCHSTOP4,48.43573313
3,exponential,BATCHSTOP4,49.64191481
2,exponential,BATCHDIVIDE4,39.80399548
3,exponential,BATCHDIVIDE4,46.02336977
2,stagger,BATCHBISECT,42.06558613
3,stagger,BATCHBISECT,42.48021108
2,stagger,BATCHSTOP4,50.24500565
3,stagger,BATCHSTOP4,50.24500565
2,stagger,BATCHDIVIDE4,39.01243875
3,stagger,BATCHDIVIDE4,40.29400678
-1,random_linear,BATCHBISECT,41.99019977
-1,random_linear,BATCHSTOP4,50.24500565
-1,random_linear,BATCHDIVIDE4,39.84168865
-1,random_exponential,BATCHBISECT,37.69317753
-1,random_exponential,BATCHSTOP4,49.56652846
-1,random_exponential,BATCHDIVIDE4,44.85488127
2,linear,BATCHBISECT,48.64516129
3,linear,BATCHBISECT,48.64516129
4,linear,BATCHBISECT,49.59139785
2,linear,BATCHSTOP4,57.80645161
3,linear,BATCHSTOP4,57.67741935
4,linear,BATCHSTOP4,57.93548387
2,linear,BATCHDIVIDE4,48.7311828
3,linear,BATCHDIVIDE4,48
4,linear,BATCHDIVIDE4,48.51612903
2,exponential,BATCHBISECT,49.07526882
3,exponential,BATCHBISECT,48.21505376
2,exponential,BATCHSTOP4,57.84946237
3,exponential,BATCHSTOP4,57.5483871
2,exponential,BATCHDIVIDE4,51.52688172
3,exponential,BATCHDIVIDE4,53.20430108
2,stagger,BATCHBISECT,49.97849462
3,stagger,BATCHBISECT,49.16129032
2,stagger,BATCHSTOP4,57.67741935
3,stagger,BATCHSTOP4,57.76344086
2,stagger,BATCHDIVIDE4,46.27956989
3,stagger,BATCHDIVIDE4,46.79569892
-1,random_linear,BATCHBISECT,48.8172043
-1,random_linear,BATCHSTOP4,58.32258065
-1,random_linear,BATCHDIVIDE4,47.56989247
-1,random_exponential,BATCHBISECT,47.35483871
-1,random_exponential,BATCHSTOP4,56
-1,random_exponential,BATCHDIVIDE4,49.93548387
2,linear,BATCHBISECT,38.13405797
3,linear,BATCHBISECT,36.68478261
4,linear,BATCHBISECT,37.36413043
2,linear,BATCHSTOP4,51.76630435
3,linear,BATCHSTOP4,50.86050725
4,linear,BATCHSTOP4,50.9057971
2,linear,BATCHDIVIDE4,40.57971014
3,linear,BATCHDIVIDE4,39.80978261
4,linear,BATCHDIVIDE4,39.62862319
2,exponential,BATCHBISECT,38.76811594
3,exponential,BATCHBISECT,35.09963768
2,exponential,BATCHSTOP4,52.89855072
3,exponential,BATCHSTOP4,48.73188406
2,exponential,BATCHDIVIDE4,42.66304348
3,exponential,BATCHDIVIDE4,42.70833333
2,stagger,BATCHBISECT,38.31521739
3,stagger,BATCHBISECT,40.26268116
2,stagger,BATCHSTOP4,50.54347826
3,stagger,BATCHSTOP4,52.30978261
2,stagger,BATCHDIVIDE4,36.27717391
3,stagger,BATCHDIVIDE4,38.72282609
-1,random_linear,BATCHBISECT,39.35688406
-1,random_linear,BATCHSTOP4,50.99637681
-1,random_linear,BATCHDIVIDE4,36.1865942
-1,random_exponential,BATCHBISECT,35.05434783
-1,random_exponential,BATCHSTOP4,48.46014493
-1,random_exponential,BATCHDIVIDE4,41.21376812
2,linear,BATCHBISECT,50.18844221
3,linear,BATCHBISECT,49.18341709
4,linear,BATCHBISECT,48.86934673
2,linear,BATCHSTOP4,62.31155779
3,linear,BATCHSTOP4,60.92964824
4,linear,BATCHSTOP4,60.05025126
2,linear,BATCHDIVIDE4,48.36683417
3,linear,BATCHDIVIDE4,49.56030151
4,linear,BATCHDIVIDE4,49.56030151
2,exponential,BATCHBISECT,48.49246231
3,exponential,BATCHBISECT,49.43467337
2,exponential,BATCHSTOP4,59.79899497
3,exponential,BATCHSTOP4,60.61557789
2,exponential,BATCHDIVIDE4,47.73869347
3,exponential,BATCHDIVIDE4,56.72110553
2,stagger,BATCHBISECT,50.56532663
3,stagger,BATCHBISECT,51.94723618
2,stagger,BATCHSTOP4,61.8718593
3,stagger,BATCHSTOP4,61.49497487
2,stagger,BATCHDIVIDE4,46.79648241
3,stagger,BATCHDIVIDE4,46.16834171
-1,random_linear,BATCHBISECT,50.12562814
-1,random_linear,BATCHSTOP4,59.67336683
-1,random_linear,BATCHDIVIDE4,44.97487437
-1,random_exponential,BATCHBISECT,49.93718593
-1,random_exponential,BATCHSTOP4,59.23366834
-1,random_exponential,BATCHDIVIDE4,49.56030151
2,linear,BATCHBISECT,8.892238131
3,linear,BATCHBISECT,10.02260739
4,linear,BATCHBISECT,8.214016579
2,linear,BATCHSTOP4,24.22758101
3,linear,BATCHSTOP4,24.64204974
4,linear,BATCHSTOP4,22.75810098
2,linear,BATCHDIVIDE4,17.14393369
3,linear,BATCHDIVIDE4,18.12358704
4,linear,BATCHDIVIDE4,17.10625471
2,exponential,BATCHBISECT,10.77618689
3,exponential,BATCHBISECT,9.834212509
2,exponential,BATCHSTOP4,25.01883949
3,exponential,BATCHSTOP4,23.51168048
2,exponential,BATCHDIVIDE4,16.95553881
3,exponential,BATCHDIVIDE4,19.55538809
2,stagger,BATCHBISECT,13.639789
3,stagger,BATCHBISECT,13.07460437
2,stagger,BATCHSTOP4,24.86812359
3,stagger,BATCHSTOP4,24.64204974
2,stagger,BATCHDIVIDE4,15.25998493
3,stagger,BATCHDIVIDE4,18.12358704
-1,random_linear,BATCHBISECT,12.54709872
-1,random_linear,BATCHSTOP4,24.90580256
-1,random_linear,BATCHDIVIDE4,17.40768651
-1,random_exponential,BATCHBISECT,9.080633007
-1,random_exponential,BATCHSTOP4,22.64506405
-1,random_exponential,BATCHDIVIDE4,16.05124341
2,linear,BATCHBISECT,8.112773303
3,linear,BATCHBISECT,7.911392405
4,linear,BATCHBISECT,7.566168009
2,linear,BATCHSTOP4,26.35212888
3,linear,BATCHSTOP4,26.72612198
4,linear,BATCHSTOP4,26.06444189
2,linear,BATCHDIVIDE4,15.90909091
3,linear,BATCHDIVIDE4,15.96662831
4,linear,BATCHDIVIDE4,14.38434983
2,exponential,BATCHBISECT,6.329113924
3,exponential,BATCHBISECT,5.350978136
2,exponential,BATCHSTOP4,26.63981588
3,exponential,BATCHSTOP4,24.48216341
2,exponential,BATCHDIVIDE4,13.92405063
3,exponential,BATCHDIVIDE4,17.0598389
2,stagger,BATCHBISECT,12.31300345
3,stagger,BATCHBISECT,11.44994246
2,stagger,BATCHSTOP4,26.84119678
3,stagger,BATCHSTOP4,26.29459148
2,stagger,BATCHDIVIDE4,14.15420023
3,stagger,BATCHDIVIDE4,15.85155351
-1,random_linear,BATCHBISECT,8.457997699
-1,random_linear,BATCHSTOP4,26.63981588
-1,random_linear,BATCHDIVIDE4,14.49942463
-1,random_exponential,BATCHBISECT,6.472957422
-1,random_exponential,BATCHSTOP4,24.56846951
-1,random_exponential,BATCHDIVIDE4,15.88032221
2,linear,BATCHBISECT,56.9881202
3,linear,BATCHBISECT,57.2327044
4,linear,BATCHBISECT,57.89657582
2,linear,BATCHSTOP4,65.09433962
3,linear,BATCHSTOP4,65.26904263
4,linear,BATCHSTOP4,65.65338924
2,linear,BATCHDIVIDE4,54.78686233
3,linear,BATCHDIVIDE4,54.29769392
4,linear,BATCHDIVIDE4,54.22781272
2,exponential,BATCHBISECT,58.35080363
3,exponential,BATCHBISECT,55.83508036
2,exponential,BATCHSTOP4,66.21243885
3,exponential,BATCHSTOP4,63.90635919
2,exponential,BATCHDIVIDE4,60.93640811
3,exponential,BATCHDIVIDE4,58.31586303
2,stagger,BATCHBISECT,58.21104123
3,stagger,BATCHBISECT,59.15443746
2,stagger,BATCHSTOP4,65.12928022
3,stagger,BATCHSTOP4,65.61844864
2,stagger,BATCHDIVIDE4,51.15303983
3,stagger,BATCHDIVIDE4,52.34102027
-1,random_linear,BATCHBISECT,57.092942
-1,random_linear,BATCHSTOP4,65.58350804
-1,random_linear,BATCHDIVIDE4,53.31935709
-1,random_exponential,BATCHBISECT,57.40740741
-1,random_exponential,BATCHSTOP4,64.360587
-1,random_exponential,BATCHDIVIDE4,56.32424878
2,linear,BATCHBISECT,42.42248624
3,linear,BATCHBISECT,43.14691394
4,linear,BATCHBISECT,42.62532599
2,linear,BATCHSTOP4,55.11445958
3,linear,BATCHSTOP4,55.43320777
4,linear,BATCHSTOP4,54.65082585
2,linear,BATCHDIVIDE4,44.56679223
3,linear,BATCHDIVIDE4,44.68270067
4,linear,BATCHDIVIDE4,43.29179948
2,exponential,BATCHBISECT,44.74065488
3,exponential,BATCHBISECT,42.85714286
2,exponential,BATCHSTOP4,57.08490293
3,exponential,BATCHSTOP4,54.18719212
2,exponential,BATCHDIVIDE4,46.53723558
3,exponential,BATCHDIVIDE4,49.98551145
2,stagger,BATCHBISECT,47.92813677
3,stagger,BATCHBISECT,47.40654883
2,stagger,BATCHSTOP4,56.24456679
3,stagger,BATCHSTOP4,56.21558968
2,stagger,BATCHDIVIDE4,42.45146334
3,stagger,BATCHDIVIDE4,43.87134164
-1,random_linear,BATCHBISECT,44.82758621
-1,random_linear,BATCHSTOP4,55.11445958
-1,random_linear,BATCHDIVIDE4,42.01680672
-1,random_exponential,BATCHBISECT,44.0741814
-1,random_exponential,BATCHSTOP4,54.41900898
-1,random_exponential,BATCHDIVIDE4,48.7394958
2,linear,BATCHBISECT,9.832802548
3,linear,BATCHBISECT,8.439490446
4,linear,BATCHBISECT,9.116242038
2,linear,BATCHSTOP4,27.66719745
3,linear,BATCHSTOP4,27.90605096
4,linear,BATCHSTOP4,27.22929936
2,linear,BATCHDIVIDE4,14.25159236
3,linear,BATCHDIVIDE4,17.47611465
4,linear,BATCHDIVIDE4,16.64012739
2,exponential,BATCHBISECT,10.66878981
3,exponential,BATCHBISECT,6.926751592
2,exponential,BATCHSTOP4,28.54299363
3,exponential,BATCHSTOP4,25.15923567
2,exponential,BATCHDIVIDE4,18.23248408
3,exponential,BATCHDIVIDE4,18.47133758
2,stagger,BATCHBISECT,16.87898089
3,stagger,BATCHBISECT,12.65923567
2,stagger,BATCHSTOP4,28.9410828
3,stagger,BATCHSTOP4,27.03025478
2,stagger,BATCHDIVIDE4,18.31210191
3,stagger,BATCHDIVIDE4,17.27707006
-1,random_linear,BATCHBISECT,11.06687898
-1,random_linear,BATCHSTOP4,28.34394904
-1,random_linear,BATCHDIVIDE4,14.57006369
-1,random_exponential,BATCHBISECT,5.414012739
-1,random_exponential,BATCHSTOP4,26.1544586
-1,random_exponential,BATCHDIVIDE4,18.11305732
2,linear,BATCHBISECT,66.34720701
3,linear,BATCHBISECT,63.85542169
4,linear,BATCHBISECT,69.60569551
2,linear,BATCHSTOP4,72.83680175
3,linear,BATCHSTOP4,71.33077766
4,linear,BATCHSTOP4,76.91675794
2,linear,BATCHDIVIDE4,59.25520263
3,linear,BATCHDIVIDE4,58.24205915
4,linear,BATCHDIVIDE4,62.43154436
2,exponential,BATCHBISECT,63.52683461
3,exponential,BATCHBISECT,63.66374589
2,exponential,BATCHSTOP4,70.04381161
3,exponential,BATCHSTOP4,71.13910186
2,exponential,BATCHDIVIDE4,60.51478642
3,exponential,BATCHDIVIDE4,67.57940854
2,stagger,BATCHBISECT,62.67798467
3,stagger,BATCHBISECT,64.15662651
2,stagger,BATCHSTOP4,70.50930997
3,stagger,BATCHSTOP4,70.59145674
2,stagger,BATCHDIVIDE4,55.69550931
3,stagger,BATCHDIVIDE4,53.2584885
-1,random_linear,BATCHBISECT,64.3483023
-1,random_linear,BATCHSTOP4,70.94742607
-1,random_linear,BATCHDIVIDE4,54.29901424
-1,random_exponential,BATCHBISECT,64.48521358
-1,random_exponential,BATCHSTOP4,71.60460022
-1,random_exponential,BATCHDIVIDE4,66.89485214
2,linear,BATCHBISECT,39.19565911
3,linear,BATCHBISECT,39.13182253
4,linear,BATCHBISECT,39.45100543
2,linear,BATCHSTOP4,53.62272582
3,linear,BATCHSTOP4,52.7928503
4,linear,BATCHSTOP4,52.98436004
2,linear,BATCHDIVIDE4,41.84487711
3,linear,BATCHDIVIDE4,42.25981487
4,linear,BATCHDIVIDE4,42.32365145
2,exponential,BATCHBISECT,40.95116502
3,exponential,BATCHBISECT,37.85509097
2,exponential,BATCHSTOP4,54.5802745
3,exponential,BATCHSTOP4,51.70762847
2,exponential,BATCHDIVIDE4,43.31311842
3,exponential,BATCHDIVIDE4,46.63262049
2,stagger,BATCHBISECT,40.91924673
3,stagger,BATCHBISECT,43.28120013
2,stagger,BATCHSTOP4,53.1120332
3,stagger,BATCHSTOP4,53.71848069
2,stagger,BATCHDIVIDE4,38.55729333
3,stagger,BATCHDIVIDE4,40.53622726
-1,random_linear,BATCHBISECT,41.20651133
-1,random_linear,BATCHSTOP4,54.03766358
-1,random_linear,BATCHDIVIDE4,41.07883817
-1,random_exponential,BATCHBISECT,39.45100543
-1,random_exponential,BATCHSTOP4,52.25023939
-1,random_exponential,BATCHDIVIDE4,42.67475263
2,linear,BATCHBISECT,54.35870424
3,linear,BATCHBISECT,54.67474322
4,linear,BATCHBISECT,53.77929945
2,linear,BATCHSTOP4,62.36502502
3,linear,BATCHSTOP4,62.60205425
4,linear,BATCHSTOP4,61.46958125
2,linear,BATCHDIVIDE4,52.2781143
3,linear,BATCHDIVIDE4,51.72504609
4,linear,BATCHDIVIDE4,51.88306558
2,exponential,BATCHBISECT,54.51672373
3,exponential,BATCHBISECT,53.41058731
2,exponential,BATCHSTOP4,62.33868844
3,exponential,BATCHSTOP4,61.49591783
2,exponential,BATCHDIVIDE4,51.9884119
3,exponential,BATCHDIVIDE4,58.09849881
2,stagger,BATCHBISECT,54.85909929
3,stagger,BATCHBISECT,54.01632868
2,stagger,BATCHSTOP4,62.15433237
3,stagger,BATCHSTOP4,61.6802739
2,stagger,BATCHDIVIDE4,49.88148538
3,stagger,BATCHDIVIDE4,49.90782196
-1,random_linear,BATCHBISECT,53.72662628
-1,random_linear,BATCHSTOP4,62.07532262
-1,random_linear,BATCHDIVIDE4,52.2781143
-1,random_exponential,BATCHBISECT,54.06900184
-1,random_exponential,BATCHSTOP4,61.04819594
-1,random_exponential,BATCHDIVIDE4,57.25572821
2,linear,BATCHBISECT,35.67383918
3,linear,BATCHBISECT,36.46659117
4,linear,BATCHBISECT,37.05549264
2,linear,BATCHSTOP4,45.32276331
3,linear,BATCHSTOP4,46.11551529
4,linear,BATCHSTOP4,46.22876557
2,linear,BATCHDIVIDE4,34.11098528
3,linear,BATCHDIVIDE4,35.67383918
4,linear,BATCHDIVIDE4,35.10758777
2,exponential,BATCHBISECT,35.80973952
3,exponential,BATCHBISECT,34.15628539
2,exponential,BATCHSTOP4,46.27406569
3,exponential,BATCHSTOP4,44.73386183
2,exponential,BATCHDIVIDE4,34.24688562
3,exponential,BATCHDIVIDE4,39.86409966
2,stagger,BATCHBISECT,38.55039638
3,stagger,BATCHBISECT,38.55039638
2,stagger,BATCHSTOP4,46.34201586
3,stagger,BATCHSTOP4,46.34201586
2,stagger,BATCHDIVIDE4,34.26953567
3,stagger,BATCHDIVIDE4,35.198188
-1,random_linear,BATCHBISECT,38.14269536
-1,random_linear,BATCHSTOP4,46.09286523
-1,random_linear,BATCHDIVIDE4,35.22083805
-1,random_exponential,BATCHBISECT,36.19479049
-1,random_exponential,BATCHSTOP4,45.14156285
-1,random_exponential,BATCHDIVIDE4,41.74405436
2,linear,BATCHBISECT,14.68976102
3,linear,BATCHBISECT,16.1368121
4,linear,BATCHBISECT,16.70686253
2,linear,BATCHSTOP4,32.38324929
3,linear,BATCHSTOP4,31.5939487
4,linear,BATCHSTOP4,30.9361982
2,linear,BATCHDIVIDE4,21.15764087
3,linear,BATCHDIVIDE4,22.10041658
4,linear,BATCHDIVIDE4,20.28064021
2,exponential,BATCHBISECT,15.30366148
3,exponential,BATCHBISECT,14.49243587
2,exponential,BATCHSTOP4,32.01052401
3,exponential,BATCHSTOP4,30.60732296
2,exponential,BATCHDIVIDE4,21.5961412
3,exponential,BATCHDIVIDE4,24.38061829
2,stagger,BATCHBISECT,19.03091427
3,stagger,BATCHBISECT,18.21968866
2,stagger,BATCHSTOP4,31.22122342
3,stagger,BATCHSTOP4,30.45384784
2,stagger,BATCHDIVIDE4,18.89936417
3,stagger,BATCHDIVIDE4,20.08331506
-1,random_linear,BATCHBISECT,17.10151283
-1,random_linear,BATCHSTOP4,31.0677483
-1,random_linear,BATCHDIVIDE4,19.11861434
-1,random_exponential,BATCHBISECT,13.96623547
-1,random_exponential,BATCHSTOP4,29.62069722
-1,random_exponential,BATCHDIVIDE4,21.55229116
2,linear,BATCHBISECT,36.7450438
3,linear,BATCHBISECT,39.7879207
4,linear,BATCHBISECT,37.48271093
2,linear,BATCHSTOP4,51.95942831
3,linear,BATCHSTOP4,51.91332411
4,linear,BATCHSTOP4,50.71461503
2,linear,BATCHDIVIDE4,41.53988013
3,linear,BATCHDIVIDE4,41.44767174
4,linear,BATCHDIVIDE4,41.03273398
2,exponential,BATCHBISECT,41.95481789
3,exponential,BATCHBISECT,38.26648225
2,exponential,BATCHSTOP4,50.76071923
3,exponential,BATCHSTOP4,50.53019825
2,exponential,BATCHDIVIDE4,42.78469341
3,exponential,BATCHDIVIDE4,44.72106962
2,stagger,BATCHBISECT,39.37298294
3,stagger,BATCHBISECT,40.06454587
2,stagger,BATCHSTOP4,51.72890733
3,stagger,BATCHSTOP4,52.23605348
2,stagger,BATCHDIVIDE4,39.32687875
3,stagger,BATCHDIVIDE4,39.88012909
-1,random_linear,BATCHBISECT,39.97233748
-1,random_linear,BATCHSTOP4,52.32826187
-1,random_linear,BATCHDIVIDE4,38.86583679
-1,random_exponential,BATCHBISECT,37.02166897
-1,random_exponential,BATCHSTOP4,50.39188566
-1,random_exponential,BATCHDIVIDE4,42.8307976
2,linear,BATCHBISECT,27.87878788
3,linear,BATCHBISECT,28.85780886
4,linear,BATCHBISECT,29.16083916
2,linear,BATCHSTOP4,34.47552448
3,linear,BATCHSTOP4,35.71095571
4,linear,BATCHSTOP4,35.78088578
2,linear,BATCHDIVIDE4,27.64568765
3,linear,BATCHDIVIDE4,29.02097902
4,linear,BATCHDIVIDE4,28.39160839
2,exponential,BATCHBISECT,28.13519814
3,exponential,BATCHBISECT,27.57575758
2,exponential,BATCHSTOP4,34.82517483
3,exponential,BATCHSTOP4,34.68531469
2,exponential,BATCHDIVIDE4,27.83216783
3,exponential,BATCHDIVIDE4,31.67832168
2,stagger,BATCHBISECT,29.67365967
3,stagger,BATCHBISECT,29.72027972
2,stagger,BATCHSTOP4,35.45454545
3,stagger,BATCHSTOP4,35.36130536
2,stagger,BATCHDIVIDE4,26.82983683
3,stagger,BATCHDIVIDE4,26.87645688
-1,random_linear,BATCHBISECT,29.39393939
-1,random_linear,BATCHSTOP4,35.66433566
-1,random_linear,BATCHDIVIDE4,26.55011655
-1,random_exponential,BATCHBISECT,28.64801865
-1,random_exponential,BATCHSTOP4,34.21911422
-1,random_exponential,BATCHDIVIDE4,30.3030303
2,linear,BATCHBISECT,31.29370629
3,linear,BATCHBISECT,33.41103341
4,linear,BATCHBISECT,33.15850816
2,linear,BATCHSTOP4,44.5998446
3,linear,BATCHSTOP4,45.92074592
4,linear,BATCHSTOP4,44.93006993
2,linear,BATCHDIVIDE4,35.2952603
3,linear,BATCHDIVIDE4,37.31546232
4,linear,BATCHDIVIDE4,36.55788656
2,exponential,BATCHBISECT,34.55710956
3,exponential,BATCHBISECT,31.91530692
2,exponential,BATCHSTOP4,45.95959596
3,exponential,BATCHSTOP4,44.34731935
2,exponential,BATCHDIVIDE4,37.14063714
3,exponential,BATCHDIVIDE4,40.42346542
2,stagger,BATCHBISECT,36.14996115
3,stagger,BATCHBISECT,36.36363636
2,stagger,BATCHSTOP4,45.64879565
3,stagger,BATCHSTOP4,46.38694639
2,stagger,BATCHDIVIDE4,34.26573427
3,stagger,BATCHDIVIDE4,36.22766123
-1,random_linear,BATCHBISECT,35.68376068
-1,random_linear,BATCHSTOP4,46.52292152
-1,random_linear,BATCHDIVIDE4,35.95571096
-1,random_exponential,BATCHBISECT,32.5951826
-1,random_exponential,BATCHSTOP4,44.75524476
-1,random_exponential,BATCHDIVIDE4,39.39393939
2,linear,BATCHBISECT,42.18034993
3,linear,BATCHBISECT,43.39165545
4,linear,BATCHBISECT,44.81830417
2,linear,BATCHSTOP4,54.99327052
3,linear,BATCHSTOP4,56.25841184
4,linear,BATCHSTOP4,58.08882907
2,linear,BATCHDIVIDE4,43.55316285
3,linear,BATCHDIVIDE4,44.68371467
4,linear,BATCHDIVIDE4,46.11036339
2,exponential,BATCHBISECT,44.03768506
3,exponential,BATCHBISECT,41.48048452
2,exponential,BATCHSTOP4,55.66621803
3,exponential,BATCHSTOP4,54.93943472
2,exponential,BATCHDIVIDE4,44.84522207
3,exponential,BATCHDIVIDE4,49.82503365
2,stagger,BATCHBISECT,44.79138627
3,stagger,BATCHBISECT,46.00269179
2,stagger,BATCHSTOP4,55.66621803
3,stagger,BATCHSTOP4,56.71601615
2,stagger,BATCHDIVIDE4,41.29205922
3,stagger,BATCHDIVIDE4,43.01480485
-1,random_linear,BATCHBISECT,44.52220727
-1,random_linear,BATCHSTOP4,56.44683715
-1,random_linear,BATCHDIVIDE4,41.23822342
-1,random_exponential,BATCHBISECT,43.44549125
-1,random_exponential,BATCHSTOP4,55.31628533
-1,random_exponential,BATCHDIVIDE4,48.93674293
2,linear,BATCHBISECT,4.704097117
3,linear,BATCHBISECT,3.208324301
4,linear,BATCHBISECT,4.790808584
2,linear,BATCHSTOP4,23.17363971
3,linear,BATCHSTOP4,23.06525038
4,linear,BATCHSTOP4,21.50444396
2,linear,BATCHDIVIDE4,11.33752439
3,linear,BATCHDIVIDE4,12.98504227
4,linear,BATCHDIVIDE4,11.68437026
2,exponential,BATCHBISECT,5.246043789
3,exponential,BATCHBISECT,3.013223499
2,exponential,BATCHSTOP4,23.43377412
3,exponential,BATCHSTOP4,21.78625623
2,exponential,BATCHDIVIDE4,13.07175374
3,exponential,BATCHDIVIDE4,15.69477563
2,stagger,BATCHBISECT,12.98504227
3,stagger,BATCHBISECT,10.21027531
2,stagger,BATCHSTOP4,23.88900932
3,stagger,BATCHSTOP4,23.73726425
2,stagger,BATCHDIVIDE4,12.1179276
3,stagger,BATCHDIVIDE4,14.24235855
-1,random_linear,BATCHBISECT,9.08302623
-1,random_linear,BATCHSTOP4,24.04075439
-1,random_linear,BATCHDIVIDE4,13.70041188
-1,random_exponential,BATCHBISECT,4.010405376
-1,random_exponential,BATCHSTOP4,21.35269889
-1,random_exponential,BATCHDIVIDE4,14.69759376
2,linear,BATCHBISECT,31.77345288
3,linear,BATCHBISECT,32.16706757
4,linear,BATCHBISECT,32.86682703
2,linear,BATCHSTOP4,44.08484583
3,linear,BATCHSTOP4,44.04111087
4,linear,BATCHSTOP4,44.28165318
2,linear,BATCHDIVIDE4,31.90465777
3,linear,BATCHDIVIDE4,34.11327356
4,linear,BATCHDIVIDE4,33.19483927
2,exponential,BATCHBISECT,34.87863547
3,exponential,BATCHBISECT,32.18893505
2,exponential,BATCHSTOP4,46.51213645
3,exponential,BATCHSTOP4,43.36321889
2,exponential,BATCHDIVIDE4,38.44303521
3,exponential,BATCHDIVIDE4,38.50863766
2,stagger,BATCHBISECT,38.22436038
3,stagger,BATCHBISECT,37.65580582
2,stagger,BATCHSTOP4,46.31532911
3,stagger,BATCHSTOP4,45.30942489
2,stagger,BATCHDIVIDE4,34.00393615
3,stagger,BATCHDIVIDE4,33.82899628
-1,random_linear,BATCHBISECT,35.40345506
-1,random_linear,BATCHSTOP4,45.22195495
-1,random_linear,BATCHDIVIDE4,32.86682703
-1,random_exponential,BATCHBISECT,33.82899628
-1,random_exponential,BATCHSTOP4,44.91581019
-1,random_exponential,BATCHDIVIDE4,36.80297398
2,linear,BATCHBISECT,8.71346118
3,linear,BATCHBISECT,8.787935208
4,linear,BATCHBISECT,9.029975796
2,linear,BATCHSTOP4,24.29715137
3,linear,BATCHSTOP4,24.40886241
4,linear,BATCHSTOP4,23.47793707
2,linear,BATCHDIVIDE4,15.43474213
3,linear,BATCHDIVIDE4,16.58908956
4,linear,BATCHDIVIDE4,16.49599702
2,exponential,BATCHBISECT,12.36268851
3,exponential,BATCHBISECT,8.359709551
2,exponential,BATCHSTOP4,27.14578291
3,exponential,BATCHSTOP4,23.45931856
2,exponential,BATCHDIVIDE4,19.25153603
3,exponential,BATCHDIVIDE4,18.15304413
2,stagger,BATCHBISECT,12.53025507
3,stagger,BATCHBISECT,11.15248557
2,stagger,BATCHSTOP4,24.72537702
3,stagger,BATCHSTOP4,24.25991435
2,stagger,BATCHDIVIDE4,15.11822752
3,stagger,BATCHDIVIDE4,14.98789797
-1,random_linear,BATCHBISECT,10.53807485
-1,random_linear,BATCHSTOP4,25.06051015
-1,random_linear,BATCHDIVIDE4,15.84434928
-1,random_exponential,BATCHBISECT,7.391547198
-1,random_exponential,BATCHSTOP4,22.56563024
-1,random_exponential,BATCHDIVIDE4,16.36566747
2,linear,BATCHBISECT,50.44308112
3,linear,BATCHBISECT,50.51124744
4,linear,BATCHBISECT,51.77232447
2,linear,BATCHSTOP4,62.09952284
3,linear,BATCHSTOP4,62.37218814
4,linear,BATCHSTOP4,61.96319018
2,linear,BATCHDIVIDE4,47.71642808
3,linear,BATCHDIVIDE4,47.71642808
4,linear,BATCHDIVIDE4,48.02317655
2,exponential,BATCHBISECT,53.85139741
3,exponential,BATCHBISECT,51.26107703
2,exponential,BATCHSTOP4,64.82617587
3,exponential,BATCHSTOP4,62.4062713
2,exponential,BATCHDIVIDE4,50.6475801
3,exponential,BATCHDIVIDE4,57.15746421
2,stagger,BATCHBISECT,54.29447853
3,stagger,BATCHBISECT,54.02181322
2,stagger,BATCHSTOP4,62.4062713
3,stagger,BATCHSTOP4,62.26993865
2,stagger,BATCHDIVIDE4,46.76209952
3,stagger,BATCHDIVIDE4,46.89843217
-1,random_linear,BATCHBISECT,52.96523517
-1,random_linear,BATCHSTOP4,63.42876619
-1,random_linear,BATCHDIVIDE4,47.68234492
-1,random_exponential,BATCHBISECT,53.81731425
-1,random_exponential,BATCHSTOP4,62.09952284
-1,random_exponential,BATCHDIVIDE4,53.34014997
2,linear,BATCHBISECT,40.5011155
3,linear,BATCHBISECT,43.4700532
4,linear,BATCHBISECT,44.86013386
2,linear,BATCHSTOP4,52.51415823
3,linear,BATCHSTOP4,52.87454951
4,linear,BATCHSTOP4,53.33790973
2,linear,BATCHDIVIDE4,40.43246954
3,linear,BATCHDIVIDE4,40.87866827
4,linear,BATCHDIVIDE4,41.70241977
2,exponential,BATCHBISECT,46.38750644
3,exponential,BATCHBISECT,45.71820834
2,exponential,BATCHSTOP4,54.07585378
3,exponential,BATCHSTOP4,54.2131457
2,exponential,BATCHDIVIDE4,41.46215892
3,exponential,BATCHDIVIDE4,50.31748756
2,stagger,BATCHBISECT,50.86665523
3,stagger,BATCHBISECT,50.47194096
2,stagger,BATCHSTOP4,54.45340656
3,stagger,BATCHSTOP4,54.89960529
2,stagger,BATCHDIVIDE4,41.56512785
3,stagger,BATCHDIVIDE4,43.04101596
-1,random_linear,BATCHBISECT,47.00532006
-1,random_linear,BATCHSTOP4,53.90423889
-1,random_linear,BATCHDIVIDE4,41.59945083
-1,random_exponential,BATCHBISECT,47.21125794
-1,random_exponential,BATCHSTOP4,54.64218294
-1,random_exponential,BATCHDIVIDE4,47.31422687
2,linear,BATCHBISECT,66.26506024
3,linear,BATCHBISECT,64.23589093
4,linear,BATCHBISECT,66.29676601
2,linear,BATCHSTOP4,71.40139505
3,linear,BATCHSTOP4,69.97463538
4,linear,BATCHSTOP4,71.17945466
2,linear,BATCHDIVIDE4,59.98731769
3,linear,BATCHDIVIDE4,58.81420419
4,linear,BATCHDIVIDE4,59.25808497
2,exponential,BATCHBISECT,67.56499683
3,exponential,BATCHBISECT,63.76030438
2,exponential,BATCHSTOP4,69.78440076
3,exponential,BATCHSTOP4,70.00634115
2,exponential,BATCHDIVIDE4,59.44831959
3,exponential,BATCHDIVIDE4,65.82117945
2,stagger,BATCHBISECT,62.8725428
3,stagger,BATCHBISECT,64.20418516
2,stagger,BATCHSTOP4,69.56246037
3,stagger,BATCHSTOP4,70.19657578
2,stagger,BATCHDIVIDE4,56.02409639
3,stagger,BATCHDIVIDE4,56.18262524
-1,random_linear,BATCHBISECT,64.87000634
-1,random_linear,BATCHSTOP4,70.45022194
-1,random_linear,BATCHDIVIDE4,57.64109068
-1,random_exponential,BATCHBISECT,64.61636018
-1,random_exponential,BATCHSTOP4,70.35510463
-1,random_exponential,BATCHDIVIDE4,62.17501585
2,linear,BATCHBISECT,68.88111888
3,linear,BATCHBISECT,63.63636364
4,linear,BATCHBISECT,65.73426573
2,linear,BATCHSTOP4,75.17482517
3,linear,BATCHSTOP4,69.93006993
4,linear,BATCHSTOP4,71.32867133
2,linear,BATCHDIVIDE4,61.53846154
3,linear,BATCHDIVIDE4,58.39160839
4,linear,BATCHDIVIDE4,57.69230769
2,exponential,BATCHBISECT,67.48251748
3,exponential,BATCHBISECT,65.03496503
2,exponential,BATCHSTOP4,70.97902098
3,exponential,BATCHSTOP4,70.97902098
2,exponential,BATCHDIVIDE4,61.88811189
3,exponential,BATCHDIVIDE4,60.13986014
2,stagger,BATCHBISECT,64.68531469
3,stagger,BATCHBISECT,66.08391608
2,stagger,BATCHSTOP4,72.02797203
3,stagger,BATCHSTOP4,71.32867133
2,stagger,BATCHDIVIDE4,57.69230769
3,stagger,BATCHDIVIDE4,54.54545455
-1,random_linear,BATCHBISECT,66.08391608
-1,random_linear,BATCHSTOP4,70.62937063
-1,random_linear,BATCHDIVIDE4,55.24475524
-1,random_exponential,BATCHBISECT,64.33566434
-1,random_exponential,BATCHSTOP4,71.67832168
-1,random_exponential,BATCHDIVIDE4,61.53846154
2,linear,BATCHBISECT,0.619725738
3,linear,BATCHBISECT,0.685654008
4,linear,BATCHBISECT,-0.52742616
2,linear,BATCHSTOP4,20.43776371
3,linear,BATCHSTOP4,19.44883966
4,linear,BATCHSTOP4,17.44462025
2,linear,BATCHDIVIDE4,11.26054852
3,linear,BATCHDIVIDE4,12.47362869
4,linear,BATCHDIVIDE4,10.95727848
2,exponential,BATCHBISECT,2.650316456
3,exponential,BATCHBISECT,-2.386603376
2,exponential,BATCHSTOP4,20.82014768
3,exponential,BATCHSTOP4,18.407173
2,exponential,BATCHDIVIDE4,11.94620253
3,exponential,BATCHDIVIDE4,11.37921941
2,stagger,BATCHBISECT,6.05221519
3,stagger,BATCHBISECT,1.991033755
2,stagger,BATCHSTOP4,21.11023207
3,stagger,BATCHSTOP4,19.67299578
2,stagger,BATCHDIVIDE4,11.22099156
3,stagger,BATCHDIVIDE4,11.44514768
-1,random_linear,BATCHBISECT,0.751582278
-1,random_linear,BATCHSTOP4,20.05537975
-1,random_linear,BATCHDIVIDE4,11.4978903
-1,random_exponential,BATCHBISECT,-2.162447257
-1,random_exponential,BATCHSTOP4,18.55221519
-1,random_exponential,BATCHDIVIDE4,11.1814346
2,linear,BATCHBISECT,5.963506898
3,linear,BATCHBISECT,5.095683133
4,linear,BATCHBISECT,4.639519359
2,linear,BATCHSTOP4,22.48553627
3,linear,BATCHSTOP4,21.84023142
4,linear,BATCHSTOP4,20.89452603
2,linear,BATCHDIVIDE4,11.9047619
3,linear,BATCHDIVIDE4,12.32754784
4,linear,BATCHDIVIDE4,11.55985759
2,exponential,BATCHBISECT,5.462839341
3,exponential,BATCHBISECT,2.180685358
2,exponential,BATCHSTOP4,23.09746328
3,exponential,BATCHSTOP4,19.11437472
2,exponential,BATCHDIVIDE4,12.72808189
3,exponential,BATCHDIVIDE4,12.85046729
2,stagger,BATCHBISECT,9.234534935
3,stagger,BATCHBISECT,7.242990654
2,stagger,BATCHSTOP4,22.73030708
3,stagger,BATCHSTOP4,20.69425901
2,stagger,BATCHDIVIDE4,11.72674677
3,stagger,BATCHDIVIDE4,12.36092568
-1,random_linear,BATCHBISECT,5.562972853
-1,random_linear,BATCHSTOP4,22.12950601
-1,random_linear,BATCHDIVIDE4,11.48197597
-1,random_exponential,BATCHBISECT,1.902536716
-1,random_exponential,BATCHSTOP4,20.26034713
-1,random_exponential,BATCHDIVIDE4,12.6835781
2,linear,BATCHBISECT,-0.321768327
3,linear,BATCHBISECT,0.370733072
4,linear,BATCHBISECT,0.363738109
2,linear,BATCHSTOP4,0.811415781
3,linear,BATCHSTOP4,0.909345271
4,linear,BATCHSTOP4,0.909345271
2,linear,BATCHDIVIDE4,0.412702854
3,linear,BATCHDIVIDE4,0.552602126
4,linear,BATCHDIVIDE4,0.552602126
2,exponential,BATCHBISECT,0.258813654
3,exponential,BATCHBISECT,0.181869054
2,exponential,BATCHSTOP4,0.902350308
3,exponential,BATCHSTOP4,0.832400672
2,exponential,BATCHDIVIDE4,0.531617236
3,exponential,BATCHDIVIDE4,0.650531617
2,stagger,BATCHBISECT,0.531617236
3,stagger,BATCHBISECT,0.286793509
2,stagger,BATCHSTOP4,0.96530498
3,stagger,BATCHSTOP4,0.846390599
2,stagger,BATCHDIVIDE4,0.587576945
3,stagger,BATCHDIVIDE4,0.55959709
-1,random_linear,BATCHBISECT,0.356743145
-1,random_linear,BATCHSTOP4,0.839395635
-1,random_linear,BATCHDIVIDE4,0.552602126
-1,random_exponential,BATCHBISECT,0.188864018
-1,random_exponential,BATCHSTOP4,0.769445999
-1,random_exponential,BATCHDIVIDE4,0.601566872
2,linear,BATCHBISECT,42.97851483
3,linear,BATCHBISECT,43.46867086
4,linear,BATCHBISECT,44.26925905
2,linear,BATCHSTOP4,57.9364431
3,linear,BATCHSTOP4,58.03447431
4,linear,BATCHSTOP4,57.66685728
2,linear,BATCHDIVIDE4,43.89347276
3,linear,BATCHDIVIDE4,44.48982926
4,linear,BATCHDIVIDE4,43.28894698
2,exponential,BATCHBISECT,43.69741034
3,exponential,BATCHBISECT,44.44898293
2,exponential,BATCHSTOP4,58.4592762
3,exponential,BATCHSTOP4,58.12433625
2,exponential,BATCHDIVIDE4,43.46050159
3,exponential,BATCHDIVIDE4,51.99738583
2,stagger,BATCHBISECT,48.05979904
3,stagger,BATCHBISECT,48.92574136
2,stagger,BATCHSTOP4,58.23053672
3,stagger,BATCHSTOP4,58.59815375
2,stagger,BATCHDIVIDE4,40.77281268
3,stagger,BATCHDIVIDE4,44.33461319
-1,random_linear,BATCHBISECT,45.6008496
-1,random_linear,BATCHSTOP4,58.67984642
-1,random_linear,BATCHDIVIDE4,42.72526754
-1,random_exponential,BATCHBISECT,45.06167797
-1,random_exponential,BATCHSTOP4,57.81390409
-1,random_exponential,BATCHDIVIDE4,46.01748223
2,linear,BATCHBISECT,24.2694171
3,linear,BATCHBISECT,25.55086732
4,linear,BATCHBISECT,27.08235662
2,linear,BATCHSTOP4,36.56821378
3,linear,BATCHSTOP4,37.49023285
4,linear,BATCHSTOP4,37.7715268
2,linear,BATCHDIVIDE4,26.83231755
3,linear,BATCHDIVIDE4,28.31692452
4,linear,BATCHDIVIDE4,28.66072824
2,exponential,BATCHBISECT,28.11376778
3,exponential,BATCHBISECT,26.34786685
2,exponential,BATCHSTOP4,38.67791842
3,exponential,BATCHSTOP4,37.44335052
2,exponential,BATCHDIVIDE4,28.87951242
3,exponential,BATCHDIVIDE4,33.61462729
2,stagger,BATCHBISECT,32.42694171
3,stagger,BATCHBISECT,32.75511799
2,stagger,BATCHSTOP4,38.67791842
3,stagger,BATCHSTOP4,39.11548679
2,stagger,BATCHDIVIDE4,28.31692452
3,stagger,BATCHDIVIDE4,29.83278637
-1,random_linear,BATCHBISECT,30.05157056
-1,random_linear,BATCHSTOP4,38.47476168
-1,random_linear,BATCHDIVIDE4,28.5357087
-1,random_exponential,BATCHBISECT,28.95764963
-1,random_exponential,BATCHSTOP4,37.80278168
-1,random_exponential,BATCHDIVIDE4,31.39553055
2,linear,BATCHBISECT,74.88180048
3,linear,BATCHBISECT,75.94720065
4,linear,BATCHBISECT,76.4563678
2,linear,BATCHSTOP4,80.46766361
3,linear,BATCHSTOP4,80.70513232
4,linear,BATCHSTOP4,80.86986287
2,linear,BATCHDIVIDE4,64.30909441
3,linear,BATCHDIVIDE4,63.894059
4,linear,BATCHDIVIDE4,64.78831055
2,exponential,BATCHBISECT,77.61162099
3,exponential,BATCHBISECT,78.93802281
2,exponential,BATCHSTOP4,81.5672935
3,exponential,BATCHSTOP4,82.89155595
2,exponential,BATCHDIVIDE4,65.5456432
3,exponential,BATCHDIVIDE4,78.87384207
2,stagger,BATCHBISECT,79.84724986
3,stagger,BATCHBISECT,80.03979205
2,stagger,BATCHSTOP4,81.60580194
3,stagger,BATCHSTOP4,81.69351561
2,stagger,BATCHDIVIDE4,64.60646514
3,stagger,BATCHDIVIDE4,65.06642706
-1,random_linear,BATCHBISECT,78.34114199
-1,random_linear,BATCHSTOP4,81.40684167
-1,random_linear,BATCHDIVIDE4,65.43867531
-1,random_exponential,BATCHBISECT,79.72744582
-1,random_exponential,BATCHSTOP4,82.60702137
-1,random_exponential,BATCHDIVIDE4,74.58656911